{
  "type": "FeatureCollection",
  "name": "German-Danish 1914 working border split at modern river-entry candidate, NOT certified stone 26",
  "features": [
    {
      "type": "Feature",
      "id": "candidate:deu-dnk:1914:stone1-to-stone26-provisional",
      "properties": {
        "referenceDate": "1914-07-31",
        "status": "provisional-cut-at-modern-waterway-hinge",
        "historicalStone26ExactLocationConfirmed": false,
        "doNotTreatAsFinal": true,
        "lengthKm": 20.08873,
        "sourceMaster": "german-denmark-1914-north-schleswig-001-026.geojson",
        "sourceVertexRangeInclusive": [
          0,
          481
        ]
      },
      "geometry": {
        "type": "LineString",
        "coordinates": [
          [
            8.6622877,
            55.276343100000005
          ],
          [
            8.662727508594076,
            55.27637797153427
          ],
          [
            8.662787981301664,
            55.276319100090575
          ],
          [
            8.66290547370613,
            55.27631160660999
          ],
          [
            8.663047778480351,
            55.27634821320763
          ],
          [
            8.663144496803959,
            55.276377415181166
          ],
          [
            8.663281609045606,
            55.2763766251481
          ],
          [
            8.66341250096612,
            55.276366831750174
          ],
          [
            8.663557774979289,
            55.27638745073977
          ],
          [
            8.66370779688545,
            55.27644231954125
          ],
          [
            8.663852725965722,
            55.27650382382644
          ],
          [
            8.664073163903161,
            55.276571196903774
          ],
          [
            8.665880342555388,
            55.27678615931178
          ],
          [
            8.665933967195153,
            55.2767925064089
          ],
          [
            8.669090703611719,
            55.27717465213132
          ],
          [
            8.670765790428701,
            55.2773795690359
          ],
          [
            8.671991490698002,
            55.27752475741773
          ],
          [
            8.6744296027268,
            55.27780715406465
          ],
          [
            8.676709683282779,
            55.27807236962989
          ],
          [
            8.678869447302572,
            55.27832779086908
          ],
          [
            8.678960076116441,
            55.27833333093766
          ],
          [
            8.680649286099959,
            55.278536531728115
          ],
          [
            8.68155639542986,
            55.27864772171761
          ],
          [
            8.6820180294853,
            55.2786971797719
          ],
          [
            8.682312867674515,
            55.2787182556381
          ],
          [
            8.682594828754226,
            55.27873543331838
          ],
          [
            8.683373741418768,
            55.278775735978094
          ],
          [
            8.685552378041695,
            55.27888425567619
          ],
          [
            8.687005420168422,
            55.27893893950095
          ],
          [
            8.687083625359683,
            55.27894318364574
          ],
          [
            8.687146409204273,
            55.278946669348905
          ],
          [
            8.68722714513028,
            55.278949392256024
          ],
          [
            8.687360382636728,
            55.27894191557104
          ],
          [
            8.687543499104994,
            55.27891740301055
          ],
          [
            8.687958617692042,
            55.278857449145285
          ],
          [
            8.688810919124352,
            55.278733819269796
          ],
          [
            8.690020385970628,
            55.278592040163254
          ],
          [
            8.69010342739504,
            55.27858164738284
          ],
          [
            8.69018158464882,
            55.278571781317844
          ],
          [
            8.691919665431298,
            55.27836788185934
          ],
          [
            8.69242908550417,
            55.27830536500314
          ],
          [
            8.69367008991009,
            55.27815320537953
          ],
          [
            8.694104328716676,
            55.278107563728994
          ],
          [
            8.694493423504959,
            55.27806666546384
          ],
          [
            8.694812137627698,
            55.2780331356758
          ],
          [
            8.694975335312812,
            55.27801844685567
          ],
          [
            8.695172606557895,
            55.278014985583624
          ],
          [
            8.695483229655562,
            55.2779895212959
          ],
          [
            8.695839393305093,
            55.277957879420164
          ],
          [
            8.696073962987697,
            55.277935009852655
          ],
          [
            8.69763220613013,
            55.277753046552704
          ],
          [
            8.697907639283658,
            55.27771769416529
          ],
          [
            8.697932194475467,
            55.27771793462929
          ],
          [
            8.698282094696928,
            55.27768132781057
          ],
          [
            8.698631291806443,
            55.277654333331334
          ],
          [
            8.698887218409038,
            55.277617043522845
          ],
          [
            8.699203016604157,
            55.27757262196747
          ],
          [
            8.699452349122826,
            55.2775328884982
          ],
          [
            8.699666564563213,
            55.277515713010445
          ],
          [
            8.699781613841395,
            55.27751860186759
          ],
          [
            8.700107478522659,
            55.27751679661297
          ],
          [
            8.700505115926127,
            55.277537092505646
          ],
          [
            8.70089617687081,
            55.277573725610424
          ],
          [
            8.701844098754453,
            55.2776717137388
          ],
          [
            8.701950363971863,
            55.27768269800235
          ],
          [
            8.702346010373631,
            55.277728759526845
          ],
          [
            8.702812300109098,
            55.2777830441114
          ],
          [
            8.70327088751355,
            55.27783643026039
          ],
          [
            8.703695607402427,
            55.277898746420775
          ],
          [
            8.704019087125268,
            55.277942843658195
          ],
          [
            8.70407289157861,
            55.27794719750027
          ],
          [
            8.705802789296651,
            55.27815536071235
          ],
          [
            8.70773696551118,
            55.27839445116992
          ],
          [
            8.709677783822084,
            55.27863253827986
          ],
          [
            8.710845329761556,
            55.2787897786039
          ],
          [
            8.711839985733159,
            55.27893222222804
          ],
          [
            8.712258014447468,
            55.27898721407828
          ],
          [
            8.712572767206243,
            55.27902156313246
          ],
          [
            8.71284079372173,
            55.27903028113343
          ],
          [
            8.713270143301099,
            55.27902194450579
          ],
          [
            8.71396654713232,
            55.27902618361932
          ],
          [
            8.715218113678043,
            55.279017426867256
          ],
          [
            8.715739827248612,
            55.27901429945009
          ],
          [
            8.716481005574822,
            55.27900985176908
          ],
          [
            8.716753510356957,
            55.27900877678839
          ],
          [
            8.717035039141344,
            55.27900053327331
          ],
          [
            8.71717882287603,
            55.27899241947482
          ],
          [
            8.7174128417279,
            55.27895755621273
          ],
          [
            8.718305127524031,
            55.278799037121864
          ],
          [
            8.718400816916681,
            55.27880222321198
          ],
          [
            8.718879959264184,
            55.278719756938216
          ],
          [
            8.721288212724836,
            55.278355501357694
          ],
          [
            8.72304831055973,
            55.2780623373033
          ],
          [
            8.72322566179079,
            55.27802553716785
          ],
          [
            8.725197424054738,
            55.27771422059469
          ],
          [
            8.725312605476592,
            55.27769830485709
          ],
          [
            8.725537642629487,
            55.277639772531245
          ],
          [
            8.72561286537162,
            55.27762017227605
          ],
          [
            8.72563491817558,
            55.277618065174714
          ],
          [
            8.726202507415826,
            55.27756410457348
          ],
          [
            8.726237901948169,
            55.277560739576124
          ],
          [
            8.726796717890188,
            55.27744768857304
          ],
          [
            8.726930585665935,
            55.27743828306792
          ],
          [
            8.727093193766288,
            55.27741564230209
          ],
          [
            8.728230742014098,
            55.27726793255982
          ],
          [
            8.728445950170746,
            55.27724163290602
          ],
          [
            8.729147904029084,
            55.27714811231962
          ],
          [
            8.729346049470738,
            55.277121713027356
          ],
          [
            8.729441083123088,
            55.27710905111262
          ],
          [
            8.729542716976782,
            55.277094089835515
          ],
          [
            8.729729555052911,
            55.27707275726926
          ],
          [
            8.72983985488758,
            55.2770565568784
          ],
          [
            8.72996197269683,
            55.277038585313164
          ],
          [
            8.729890357695988,
            55.276925807514786
          ],
          [
            8.729732088424324,
            55.276676568125566
          ],
          [
            8.729754732356195,
            55.27663366494057
          ],
          [
            8.729780087595882,
            55.276585555844235
          ],
          [
            8.72951619583863,
            55.27613252416706
          ],
          [
            8.729422508488202,
            55.27597461148764
          ],
          [
            8.72938251932133,
            55.27595250705774
          ],
          [
            8.72933170944069,
            55.27592444783935
          ],
          [
            8.729137327823928,
            55.27557472916519
          ],
          [
            8.728696482505384,
            55.274781630343526
          ],
          [
            8.72895849828448,
            55.27474474038074
          ],
          [
            8.729565087136407,
            55.27465936991085
          ],
          [
            8.729711569142406,
            55.27476114672389
          ],
          [
            8.730104595723713,
            55.27504166187132
          ],
          [
            8.73015126378255,
            55.275076900458586
          ],
          [
            8.730242397708848,
            55.275147192992925
          ],
          [
            8.730300167681271,
            55.27526306089689
          ],
          [
            8.73031149197172,
            55.27528761781815
          ],
          [
            8.73045785853493,
            55.27556974343852
          ],
          [
            8.730474016902054,
            55.27567078227567
          ],
          [
            8.730544579282059,
            55.27566437818617
          ],
          [
            8.730602587329631,
            55.275675559012306
          ],
          [
            8.730849874887323,
            55.27562919714879
          ],
          [
            8.731413702466693,
            55.27651682220522
          ],
          [
            8.7315928753133,
            55.27681456440434
          ],
          [
            8.731653372531632,
            55.2768070592241
          ],
          [
            8.731751680992975,
            55.27679478461549
          ],
          [
            8.732245584758777,
            55.27673323584303
          ],
          [
            8.733187364985152,
            55.27661883807377
          ],
          [
            8.73560404806345,
            55.2762972720523
          ],
          [
            8.736494014528867,
            55.27618372506329
          ],
          [
            8.736818662903117,
            55.276173462211396
          ],
          [
            8.737228456741713,
            55.276117552920084
          ],
          [
            8.737488260866927,
            55.27608198780941
          ],
          [
            8.737594293548446,
            55.276067478593404
          ],
          [
            8.738540955456598,
            55.27594801786258
          ],
          [
            8.739178646742701,
            55.275870940596846
          ],
          [
            8.742232266910438,
            55.27550180083808
          ],
          [
            8.743742352467397,
            55.27529497530666
          ],
          [
            8.747918611186961,
            55.274758215132216
          ],
          [
            8.750075747070698,
            55.27447293914331
          ],
          [
            8.752037336068978,
            55.27421643277873
          ],
          [
            8.754292892099459,
            55.27392410948608
          ],
          [
            8.756999919646482,
            55.27357321372571
          ],
          [
            8.76313871621907,
            55.27274318201904
          ],
          [
            8.763149768072699,
            55.272741687511086
          ],
          [
            8.76320510257187,
            55.27280622476209
          ],
          [
            8.763499967246544,
            55.273107894261365
          ],
          [
            8.76432950372151,
            55.27395654669113
          ],
          [
            8.764356552792016,
            55.27398452661101
          ],
          [
            8.764379722096344,
            55.274008493061174
          ],
          [
            8.764384517907065,
            55.274049209082555
          ],
          [
            8.765120992992047,
            55.274797457757764
          ],
          [
            8.765442048834949,
            55.2751235186916
          ],
          [
            8.766075934772784,
            55.27576726698277
          ],
          [
            8.76621580566411,
            55.2759123897831
          ],
          [
            8.767414228842663,
            55.27715562752429
          ],
          [
            8.767493309831236,
            55.277237663373484
          ],
          [
            8.768778955522892,
            55.278558086183644
          ],
          [
            8.768850579246712,
            55.278612677141766
          ],
          [
            8.768866662102395,
            55.278628795279104
          ],
          [
            8.769184415498088,
            55.278947229585135
          ],
          [
            8.76918364579976,
            55.27894802788728
          ],
          [
            8.769179955696831,
            55.278951852556986
          ],
          [
            8.769135167597389,
            55.278998276005325
          ],
          [
            8.769135002890224,
            55.27899844642857
          ],
          [
            8.769485864911289,
            55.27901785140208
          ],
          [
            8.769644728008778,
            55.27902663668556
          ],
          [
            8.769645140235678,
            55.2790266743059
          ],
          [
            8.771596529366418,
            55.27920328396363
          ],
          [
            8.772910585568713,
            55.279332078244344
          ],
          [
            8.773314051987667,
            55.27938161482063
          ],
          [
            8.773667103628307,
            55.279424960511065
          ],
          [
            8.77427290638547,
            55.2794737077615
          ],
          [
            8.774623473038467,
            55.27950418887804
          ],
          [
            8.774800477666759,
            55.27951517555005
          ],
          [
            8.77518449108629,
            55.27953901045504
          ],
          [
            8.776043700806131,
            55.279624428868615
          ],
          [
            8.776926913254272,
            55.279725341052014
          ],
          [
            8.777783440525479,
            55.27981325840337
          ],
          [
            8.778247942545876,
            55.279851968991615
          ],
          [
            8.778596949067165,
            55.27988105291052
          ],
          [
            8.778915629088972,
            55.279900051624594
          ],
          [
            8.779159528244243,
            55.27991981289881
          ],
          [
            8.779163672159031,
            55.27992000909921
          ],
          [
            8.77992221096159,
            55.27995587582538
          ],
          [
            8.7817937617974,
            55.28014236957078
          ],
          [
            8.783342787609929,
            55.280283815244346
          ],
          [
            8.7844774718529,
            55.28038741279555
          ],
          [
            8.785019560811179,
            55.28043690182793
          ],
          [
            8.786174178610795,
            55.28054532352148
          ],
          [
            8.786682421157497,
            55.28059168166427
          ],
          [
            8.786746709732402,
            55.28059788737023
          ],
          [
            8.78746647943565,
            55.28066736316591
          ],
          [
            8.789264564622691,
            55.28085666970272
          ],
          [
            8.789427466753137,
            55.28086360036215
          ],
          [
            8.789549761221489,
            55.28086884334732
          ],
          [
            8.792295049916872,
            55.28111394027241
          ],
          [
            8.793986895024577,
            55.28126495505049
          ],
          [
            8.793997274339436,
            55.28126588104654
          ],
          [
            8.794023630059204,
            55.28126004594648
          ],
          [
            8.794271201945923,
            55.28120523785258
          ],
          [
            8.794860472892681,
            55.28109248762852
          ],
          [
            8.795136188278592,
            55.28103973163304
          ],
          [
            8.797389386322552,
            55.28050100438991
          ],
          [
            8.798487673918876,
            55.280299827326424
          ],
          [
            8.799744761334024,
            55.28004237879815
          ],
          [
            8.799879514985072,
            55.28001159791011
          ],
          [
            8.80104883988547,
            55.27976594352379
          ],
          [
            8.80142075140865,
            55.2796878312781
          ],
          [
            8.801996108626888,
            55.2795669150151
          ],
          [
            8.802469601901631,
            55.279447538661316
          ],
          [
            8.804678932643625,
            55.27895551302954
          ],
          [
            8.805676957419166,
            55.27873515040283
          ],
          [
            8.806795682694888,
            55.27848837200615
          ],
          [
            8.80856076350766,
            55.27804328828482
          ],
          [
            8.808578729728218,
            55.278039003156046
          ],
          [
            8.809275592832604,
            55.27786972744749
          ],
          [
            8.810359925325141,
            55.2776063194053
          ],
          [
            8.811998222455301,
            55.27719163139375
          ],
          [
            8.81326032996258,
            55.27689819723561
          ],
          [
            8.814305409125684,
            55.276625357643184
          ],
          [
            8.816397912454573,
            55.27610796113697
          ],
          [
            8.818639319464006,
            55.275579517478604
          ],
          [
            8.820817425128912,
            55.27504321182376
          ],
          [
            8.821308724881936,
            55.27492989904852
          ],
          [
            8.823484620437045,
            55.27437889535392
          ],
          [
            8.823569745072794,
            55.274385757896965
          ],
          [
            8.823640708724552,
            55.27439143174557
          ],
          [
            8.824921736320196,
            55.274086761706364
          ],
          [
            8.82644559941713,
            55.273713141322446
          ],
          [
            8.827613938530241,
            55.27343263496208
          ],
          [
            8.829194330888866,
            55.273041806885765
          ],
          [
            8.829320232371312,
            55.27300900420126
          ],
          [
            8.830092285459687,
            55.272819030722694
          ],
          [
            8.831061452220636,
            55.2725805454634
          ],
          [
            8.83153472895656,
            55.27247201906239
          ],
          [
            8.832376190896303,
            55.27227907882012
          ],
          [
            8.833479340377194,
            55.27202295869076
          ],
          [
            8.834185792851823,
            55.27185516239382
          ],
          [
            8.83490219790607,
            55.27167704153029
          ],
          [
            8.835519967817904,
            55.27152349522506
          ],
          [
            8.83611205208603,
            55.271376291404195
          ],
          [
            8.837914363425346,
            55.270944941382425
          ],
          [
            8.838386692767042,
            55.2708277605727
          ],
          [
            8.839629437865844,
            55.27055388735463
          ],
          [
            8.842258007751116,
            55.26990968804339
          ],
          [
            8.842834770514676,
            55.269764049309785
          ],
          [
            8.844797807740099,
            55.269285537907855
          ],
          [
            8.845320203052133,
            55.26915819205624
          ],
          [
            8.845940856235385,
            55.26900689080466
          ],
          [
            8.847520082955514,
            55.26862193453255
          ],
          [
            8.849682749007963,
            55.268135865723345
          ],
          [
            8.853809483053372,
            55.26998939310222
          ],
          [
            8.853933938029385,
            55.27004237990656
          ],
          [
            8.854146929851913,
            55.270157920793615
          ],
          [
            8.854339189022719,
            55.27026221302335
          ],
          [
            8.856064497302052,
            55.2710358893676
          ],
          [
            8.85610535219358,
            55.271054269019196
          ],
          [
            8.856144007570851,
            55.27107156774225
          ],
          [
            8.858137312649806,
            55.27196540369794
          ],
          [
            8.860656488967376,
            55.27310728330394
          ],
          [
            8.861589041075238,
            55.27343291914529
          ],
          [
            8.863714058624996,
            55.2741769259283
          ],
          [
            8.864321838301839,
            55.273792911077535
          ],
          [
            8.865272030121115,
            55.27422196745461
          ],
          [
            8.86492373433236,
            55.27439698984457
          ],
          [
            8.86528034281235,
            55.27460271441726
          ],
          [
            8.865223078836781,
            55.27464003308116
          ],
          [
            8.865321918934116,
            55.274689385536824
          ],
          [
            8.86562623154125,
            55.27476771946254
          ],
          [
            8.865704708168545,
            55.2747879344846
          ],
          [
            8.865862290673384,
            55.2748285447887
          ],
          [
            8.866242771405526,
            55.27495907974848
          ],
          [
            8.866321223151713,
            55.27499065627216
          ],
          [
            8.866856612323788,
            55.2752061473032
          ],
          [
            8.867135219835077,
            55.27530089384699
          ],
          [
            8.86746682764834,
            55.27540980534085
          ],
          [
            8.867715211745342,
            55.2755057757932
          ],
          [
            8.86799890636503,
            55.27563413358791
          ],
          [
            8.868254791898334,
            55.2757472743456
          ],
          [
            8.868267208969847,
            55.27575276921404
          ],
          [
            8.868498693293256,
            55.27586723103471
          ],
          [
            8.868950684560632,
            55.2761326248117
          ],
          [
            8.86915963628009,
            55.276255328324616
          ],
          [
            8.86928924997499,
            55.27633139899791
          ],
          [
            8.870555841125208,
            55.277134121347196
          ],
          [
            8.87131299126643,
            55.277624120399196
          ],
          [
            8.871899402804681,
            55.27800358743636
          ],
          [
            8.873533137130746,
            55.279075075477586
          ],
          [
            8.87436904590372,
            55.27962336629358
          ],
          [
            8.875048025597064,
            55.28002079541568
          ],
          [
            8.875306412864568,
            55.28020500321289
          ],
          [
            8.875636519632824,
            55.28026033422952
          ],
          [
            8.8762631239444,
            55.280244885773314
          ],
          [
            8.877197991751922,
            55.2802217469244
          ],
          [
            8.87941934028019,
            55.28019960837797
          ],
          [
            8.879482468026277,
            55.28019858877767
          ],
          [
            8.880064030949708,
            55.28018919044425
          ],
          [
            8.880136292747073,
            55.280188093210626
          ],
          [
            8.880192811455926,
            55.280187160210566
          ],
          [
            8.881428034395984,
            55.28016724866221
          ],
          [
            8.881901937555652,
            55.28014991557227
          ],
          [
            8.882358049128419,
            55.28013328238653
          ],
          [
            8.882470253214061,
            55.280093672249784
          ],
          [
            8.882604390251412,
            55.280090117006104
          ],
          [
            8.882710619854945,
            55.28010118201498
          ],
          [
            8.883147730991308,
            55.28038951288201
          ],
          [
            8.883410277078095,
            55.28056490118898
          ],
          [
            8.883585433533826,
            55.28063929274217
          ],
          [
            8.883785214480989,
            55.280637506102074
          ],
          [
            8.88401321208154,
            55.28062298580147
          ],
          [
            8.884163165366104,
            55.28064882812335
          ],
          [
            8.88426067383055,
            55.280682078957334
          ],
          [
            8.884394167580645,
            55.280683822884235
          ],
          [
            8.884592614231883,
            55.28065363786423
          ],
          [
            8.886256366608144,
            55.280413744694314
          ],
          [
            8.888852423220785,
            55.28004375476222
          ],
          [
            8.88894704989099,
            55.28003871882337
          ],
          [
            8.889022625119694,
            55.28003474382102
          ],
          [
            8.890892446006225,
            55.280062667873565
          ],
          [
            8.891885646716283,
            55.280061214842604
          ],
          [
            8.892848143923413,
            55.280061793580224
          ],
          [
            8.8949241052505,
            55.28006449604928
          ],
          [
            8.896899315103477,
            55.28006698834942
          ],
          [
            8.898772198947821,
            55.28006936392443
          ],
          [
            8.902203145028375,
            55.28006245481948
          ],
          [
            8.905253972337677,
            55.27949946010739
          ],
          [
            8.905382703254757,
            55.279450586155285
          ],
          [
            8.905754543722907,
            55.279380962523476
          ],
          [
            8.90675656493311,
            55.279235529322726
          ],
          [
            8.907728865179825,
            55.27907326160504
          ],
          [
            8.907905717784566,
            55.27904374126693
          ],
          [
            8.907908698178172,
            55.27904832638036
          ],
          [
            8.907785317763398,
            55.279067965657475
          ],
          [
            8.907776100485938,
            55.279069433301416
          ],
          [
            8.907791879455928,
            55.27912147422245
          ],
          [
            8.907829920120221,
            55.27921333997496
          ],
          [
            8.907922305081653,
            55.279426827430036
          ],
          [
            8.908077756012464,
            55.27978636968812
          ],
          [
            8.908094863224637,
            55.27982593628539
          ],
          [
            8.9081209623064,
            55.27987652200101
          ],
          [
            8.908196576834378,
            55.28002307599245
          ],
          [
            8.908308043769006,
            55.28022372747527
          ],
          [
            8.90840363884746,
            55.28041259527336
          ],
          [
            8.908601867726038,
            55.28091003222614
          ],
          [
            8.908758796425605,
            55.28130382390178
          ],
          [
            8.909254903558137,
            55.282457817144135
          ],
          [
            8.909343007674005,
            55.28269115929653
          ],
          [
            8.909578047238396,
            55.283250622528556
          ],
          [
            8.909618301376597,
            55.2832753961897
          ],
          [
            8.909619710051434,
            55.283276263483096
          ],
          [
            8.909630511618253,
            55.283303409211534
          ],
          [
            8.91074690283368,
            55.28590127492199
          ],
          [
            8.910792373323877,
            55.2859155958853
          ],
          [
            8.91084391098477,
            55.28603290083125
          ],
          [
            8.910920812449241,
            55.28621420457981
          ],
          [
            8.910997544698711,
            55.28640107947113
          ],
          [
            8.911055196038678,
            55.28653096917334
          ],
          [
            8.9111051360592,
            55.28665932561285
          ],
          [
            8.911153684222759,
            55.286776538377
          ],
          [
            8.911217788544874,
            55.28690805016809
          ],
          [
            8.911278758666311,
            55.287033089726265
          ],
          [
            8.91133243544907,
            55.287180948394244
          ],
          [
            8.911375456218945,
            55.28730615458566
          ],
          [
            8.911457603363274,
            55.287467333125804
          ],
          [
            8.911553169427957,
            55.28768378521463
          ],
          [
            8.911677619636574,
            55.28786934627893
          ],
          [
            8.911813471041786,
            55.28802642983016
          ],
          [
            8.911962634395412,
            55.288216501433126
          ],
          [
            8.912017140325986,
            55.28827611787357
          ],
          [
            8.913655840765148,
            55.29058048789555
          ],
          [
            8.913866331774674,
            55.29067202497499
          ],
          [
            8.914026539681833,
            55.2907161683222
          ],
          [
            8.914097017287386,
            55.29074757902933
          ],
          [
            8.914170018362919,
            55.29077719427021
          ],
          [
            8.91430485011669,
            55.290832013646806
          ],
          [
            8.914425357298782,
            55.29088466619997
          ],
          [
            8.914515656215432,
            55.290925525843384
          ],
          [
            8.914690470097877,
            55.29098774128399
          ],
          [
            8.914762208071812,
            55.2910193322057
          ],
          [
            8.914969241213095,
            55.29111086406417
          ],
          [
            8.915212460658847,
            55.29121769688346
          ],
          [
            8.915462284060444,
            55.291329745662814
          ],
          [
            8.91571777036895,
            55.29144530237354
          ],
          [
            8.91583229360271,
            55.291499746600955
          ],
          [
            8.916020917876585,
            55.2915864115447
          ],
          [
            8.916256583873265,
            55.291693506660344
          ],
          [
            8.916540573605664,
            55.29181078851954
          ],
          [
            8.916833381382979,
            55.29192906417933
          ],
          [
            8.917209878761032,
            55.29208945033009
          ],
          [
            8.917536181133773,
            55.29223245847285
          ],
          [
            8.917692883943316,
            55.29230049826398
          ],
          [
            8.917847541614227,
            55.2923678175983
          ],
          [
            8.918045775878056,
            55.292456642500774
          ],
          [
            8.918143170648998,
            55.292496425891265
          ],
          [
            8.918251565002775,
            55.29254780849412
          ],
          [
            8.918316854188813,
            55.29257840454257
          ],
          [
            8.918390020718013,
            55.292607298481364
          ],
          [
            8.918556490470706,
            55.29267507410515
          ],
          [
            8.918655287942068,
            55.292722496112546
          ],
          [
            8.918817986737505,
            55.29278658461085
          ],
          [
            8.918949534061884,
            55.2928368137992
          ],
          [
            8.919109378214001,
            55.292911233901975
          ],
          [
            8.919201596340699,
            55.29294220674614
          ],
          [
            8.919342716093341,
            55.29300951522206
          ],
          [
            8.919614744462713,
            55.2931325330355
          ],
          [
            8.919815998301301,
            55.29321156230975
          ],
          [
            8.920049011185794,
            55.2933165815531
          ],
          [
            8.920244423737634,
            55.29340378354484
          ],
          [
            8.920428664278871,
            55.29348693424966
          ],
          [
            8.920533552990095,
            55.293571176091795
          ],
          [
            8.920542653259128,
            55.29357848582395
          ],
          [
            8.920721906051766,
            55.293653067394295
          ],
          [
            8.920852629897878,
            55.29370745629947
          ],
          [
            8.921146563796011,
            55.293827249920795
          ],
          [
            8.921367949823555,
            55.29392237454113
          ],
          [
            8.921620340354558,
            55.29402776268453
          ],
          [
            8.921826780497733,
            55.29411649682605
          ],
          [
            8.922003452167285,
            55.294207997267705
          ],
          [
            8.922112187152678,
            55.29425119939539
          ],
          [
            8.92219322866603,
            55.294282612144016
          ],
          [
            8.922301493899239,
            55.294324645624854
          ],
          [
            8.922397640455038,
            55.2943629870556
          ],
          [
            8.922536578689051,
            55.29442373066524
          ],
          [
            8.92265914968132,
            55.294479072161046
          ],
          [
            8.922771488321652,
            55.29453252000667
          ],
          [
            8.92287156819208,
            55.29457328976614
          ],
          [
            8.92296315238104,
            55.29460983067131
          ],
          [
            8.92305992810974,
            55.29464925029373
          ],
          [
            8.923164871619887,
            55.294699817601376
          ],
          [
            8.923263059047926,
            55.29474238304559
          ],
          [
            8.923410009781824,
            55.29481445303405
          ],
          [
            8.923461304621707,
            55.29483775889339
          ],
          [
            8.923548171322086,
            55.29487124116624
          ],
          [
            8.923666970315715,
            55.29492406320847
          ],
          [
            8.923804328137674,
            55.29498974667406
          ],
          [
            8.923877022139706,
            55.29502472232695
          ],
          [
            8.923945147119596,
            55.29505749891639
          ],
          [
            8.924017625684074,
            55.295085844490266
          ],
          [
            8.924122814760157,
            55.29512698122916
          ],
          [
            8.924176632284953,
            55.29515496555956
          ],
          [
            8.924252925958752,
            55.2951946366027
          ],
          [
            8.924439367315834,
            55.29528865563565
          ],
          [
            8.924638592298843,
            55.2953687539921
          ],
          [
            8.924701539009163,
            55.29538311108297
          ],
          [
            8.924782787197238,
            55.295401641721476
          ],
          [
            8.924840683743469,
            55.29543249929202
          ],
          [
            8.924929422382172,
            55.295476764913246
          ],
          [
            8.925444384392188,
            55.29565455353951
          ],
          [
            8.925644975171796,
            55.29576430483349
          ],
          [
            8.92580311683638,
            55.29585513967966
          ],
          [
            8.925853108207392,
            55.295883855098104
          ],
          [
            8.925957970856064,
            55.295981506505484
          ],
          [
            8.926000878340767,
            55.296028169769016
          ],
          [
            8.926202376051075,
            55.29607537823567
          ],
          [
            8.926338747478928,
            55.29608282905939
          ],
          [
            8.92642012784234,
            55.29611026649226
          ],
          [
            8.926428460104377,
            55.29611307603709
          ],
          [
            8.926500702403994,
            55.29613747154748
          ],
          [
            8.926641362251594,
            55.29620824525246
          ],
          [
            8.926706507107694,
            55.29624102389579
          ],
          [
            8.926903198788924,
            55.29632667125981
          ],
          [
            8.926911709020228,
            55.2963303776793
          ],
          [
            8.926922215886112,
            55.29640025538514
          ],
          [
            8.926922289007978,
            55.29640074426642
          ],
          [
            8.926932112741166,
            55.29640701247576
          ],
          [
            8.927082426473264,
            55.29650292074816
          ],
          [
            8.927165199515366,
            55.2965394532281
          ]
        ]
      }
    },
    {
      "type": "Feature",
      "id": "candidate:deu-dnk:1914:gelsa-from-26-to-fladsa-provisional",
      "properties": {
        "referenceDate": "1914-07-31",
        "status": "provisional-historical-river-course-unverified",
        "historicalStone26ExactLocationConfirmed": false,
        "historicalRiverCourseVerified": false,
        "doNotTreatAsFinal": true,
        "lengthKm": 6.5941,
        "sourceMaster": "german-denmark-1914-north-schleswig-001-026.geojson",
        "sourceVertexRangeInclusive": [
          481,
          1342
        ]
      },
      "geometry": {
        "type": "LineString",
        "coordinates": [
          [
            8.927165199515366,
            55.2965394532281
          ],
          [
            8.927144941612912,
            55.296554867385545
          ],
          [
            8.927048020461665,
            55.296628614119754
          ],
          [
            8.926915192451421,
            55.29674867731952
          ],
          [
            8.92685116936201,
            55.29679302975487
          ],
          [
            8.926958816883724,
            55.29683478913702
          ],
          [
            8.927106541026488,
            55.297008306863646
          ],
          [
            8.927115395972722,
            55.297019082747255
          ],
          [
            8.927125083775447,
            55.29703087274599
          ],
          [
            8.927235828291916,
            55.29716657769047
          ],
          [
            8.92725472447038,
            55.29718973234489
          ],
          [
            8.927321678838215,
            55.297265074738604
          ],
          [
            8.927567278948397,
            55.29731428409093
          ],
          [
            8.927458377203784,
            55.297354656387135
          ],
          [
            8.92738134029741,
            55.297453186842134
          ],
          [
            8.927280429985792,
            55.29760166509912
          ],
          [
            8.927207182634465,
            55.29778044251776
          ],
          [
            8.927169278083145,
            55.297924105776225
          ],
          [
            8.92717898161417,
            55.29804353526044
          ],
          [
            8.927194859530523,
            55.298081004587324
          ],
          [
            8.927219127319216,
            55.298138271434375
          ],
          [
            8.927184741547746,
            55.298252372906866
          ],
          [
            8.927104683575545,
            55.298365189082936
          ],
          [
            8.92697748157605,
            55.29850610315134
          ],
          [
            8.926903307936172,
            55.29858738191543
          ],
          [
            8.92679673606018,
            55.29872875743358
          ],
          [
            8.926727026614932,
            55.29886566198324
          ],
          [
            8.926681834758961,
            55.29894534051344
          ],
          [
            8.926620150139575,
            55.29900065711249
          ],
          [
            8.926483899066612,
            55.299093040923665
          ],
          [
            8.926405865303085,
            55.29913136406998
          ],
          [
            8.926280438643545,
            55.29916157119107
          ],
          [
            8.926193675738133,
            55.29915073562156
          ],
          [
            8.926045688404008,
            55.2991165892495
          ],
          [
            8.925901865664136,
            55.29904524326561
          ],
          [
            8.925841008074281,
            55.29899425582448
          ],
          [
            8.925838565308968,
            55.298992532627594
          ],
          [
            8.925810650459123,
            55.298972850756755
          ],
          [
            8.925789245718862,
            55.29896466051224
          ],
          [
            8.925762006610489,
            55.29896015097025
          ],
          [
            8.925659159133218,
            55.298960088420536
          ],
          [
            8.925585448981572,
            55.29896013339809
          ],
          [
            8.925560238893375,
            55.298965509625745
          ],
          [
            8.925540368148958,
            55.298979246064874
          ],
          [
            8.925527745088043,
            55.29899154916284
          ],
          [
            8.925493380265014,
            55.29900743339202
          ],
          [
            8.92541852353254,
            55.29903093097849
          ],
          [
            8.925380361254787,
            55.29905606841696
          ],
          [
            8.92530624747031,
            55.29910319951666
          ],
          [
            8.925328750639382,
            55.29911354715235
          ],
          [
            8.925417475446801,
            55.29916985359444
          ],
          [
            8.925461496158507,
            55.29921229429106
          ],
          [
            8.925485636394576,
            55.29926354168651
          ],
          [
            8.925485968973426,
            55.29926424818742
          ],
          [
            8.925489521503028,
            55.29938565094414
          ],
          [
            8.925489377694818,
            55.299462391124315
          ],
          [
            8.925512458768383,
            55.299500685475046
          ],
          [
            8.925546683755856,
            55.299527739761885
          ],
          [
            8.925573322093884,
            55.29954879756546
          ],
          [
            8.925730232542403,
            55.299612783384845
          ],
          [
            8.92595125901955,
            55.299670427840596
          ],
          [
            8.926226175842679,
            55.299715344364046
          ],
          [
            8.926298070298902,
            55.299721831609496
          ],
          [
            8.926534988008273,
            55.299743207297794
          ],
          [
            8.926881303054836,
            55.299762016066055
          ],
          [
            8.92699011000809,
            55.299777177593285
          ],
          [
            8.92706568369031,
            55.29979240904497
          ],
          [
            8.927102180130175,
            55.29981660311473
          ],
          [
            8.92710843908039,
            55.29983907179764
          ],
          [
            8.92710744710889,
            55.299864681246106
          ],
          [
            8.927101257515504,
            55.2998902875927
          ],
          [
            8.927026130582739,
            55.29997480079707
          ],
          [
            8.927003100685265,
            55.29999347787292
          ],
          [
            8.926891421423376,
            55.300083899890396
          ],
          [
            8.926758022878175,
            55.30016514308549
          ],
          [
            8.926608826008765,
            55.30027198668198
          ],
          [
            8.926420099257497,
            55.30037620035603
          ],
          [
            8.926283766300743,
            55.30042500188072
          ],
          [
            8.926174392057437,
            55.30046007100225
          ],
          [
            8.926055123652374,
            55.30047958829434
          ],
          [
            8.925945170583017,
            55.30048698004711
          ],
          [
            8.925897648315802,
            55.30046304852549
          ],
          [
            8.925869201567373,
            55.300429873005406
          ],
          [
            8.925844698281296,
            55.30041809458843
          ],
          [
            8.925815854889095,
            55.300404230581044
          ],
          [
            8.925744693534142,
            55.300387473423804
          ],
          [
            8.925673183967188,
            55.300388508250435
          ],
          [
            8.925520201568228,
            55.300412138051826
          ],
          [
            8.92531820244258,
            55.30045290092224
          ],
          [
            8.925178422861123,
            55.300491005791784
          ],
          [
            8.925101637019276,
            55.30053364213124
          ],
          [
            8.925024292750809,
            55.30062174712884
          ],
          [
            8.924930157395822,
            55.30076016323493
          ],
          [
            8.924888076997133,
            55.30085727578744
          ],
          [
            8.924887776549546,
            55.300932937535
          ],
          [
            8.924934730050746,
            55.30100781959103
          ],
          [
            8.92498879008476,
            55.30107291127674
          ],
          [
            8.925083749700924,
            55.30116606427726
          ],
          [
            8.925181912364435,
            55.30123136263504
          ],
          [
            8.92526374861341,
            55.30126780593892
          ],
          [
            8.925276106510568,
            55.30127298403034
          ],
          [
            8.925371557677488,
            55.301312981455915
          ],
          [
            8.925434506113639,
            55.3013424939018
          ],
          [
            8.925486417861691,
            55.30137793032805
          ],
          [
            8.925527931370112,
            55.301414798149374
          ],
          [
            8.925595091983567,
            55.30146614900354
          ],
          [
            8.925626541683961,
            55.30149411454344
          ],
          [
            8.925637991005543,
            55.30152027070612
          ],
          [
            8.925652100539644,
            55.30155577390253
          ],
          [
            8.925658652120681,
            55.30158992460117
          ],
          [
            8.925667847454871,
            55.30164222858068
          ],
          [
            8.925681302659637,
            55.30169076104067
          ],
          [
            8.925712858898667,
            55.30174613385015
          ],
          [
            8.925763447069228,
            55.30181598564041
          ],
          [
            8.925804277582788,
            55.30188160807373
          ],
          [
            8.925832053862159,
            55.30193697855458
          ],
          [
            8.925831553331628,
            55.301951984830744
          ],
          [
            8.92581782264137,
            55.301966533774426
          ],
          [
            8.925782179330096,
            55.30199095397869
          ],
          [
            8.925708242743333,
            55.30202487602407
          ],
          [
            8.925627564606518,
            55.30204190028544
          ],
          [
            8.925531925430848,
            55.30205747761778
          ],
          [
            8.92544118490229,
            55.302064611047896
          ],
          [
            8.925253115430335,
            55.30206440625338
          ],
          [
            8.925137058505307,
            55.302048609725155
          ],
          [
            8.925081631018823,
            55.30204216425
          ],
          [
            8.92500965893444,
            55.302033794581305
          ],
          [
            8.9248945620368,
            55.30201018061277
          ],
          [
            8.924800759813346,
            55.30197049474929
          ],
          [
            8.924723668312351,
            55.30192327089234
          ],
          [
            8.92465410365796,
            55.301893933721914
          ],
          [
            8.92460796963375,
            55.30188500914103
          ],
          [
            8.924551430661873,
            55.30188093054376
          ],
          [
            8.924424641565876,
            55.30187680847804
          ],
          [
            8.92428791044819,
            55.30188256469289
          ],
          [
            8.924171491083927,
            55.301892107475105
          ],
          [
            8.924018495481821,
            55.30191915005485
          ],
          [
            8.923814914280717,
            55.30195874127121
          ],
          [
            8.92360170907463,
            55.30200632364827
          ],
          [
            8.923513143751771,
            55.30202891288568
          ],
          [
            8.923468060172443,
            55.302047126180106
          ],
          [
            8.923421357465754,
            55.30208816282204
          ],
          [
            8.923361322450791,
            55.3021816691817
          ],
          [
            8.923278345964123,
            55.30232790878157
          ],
          [
            8.923218138679388,
            55.30242869359941
          ],
          [
            8.923113030708853,
            55.302534032980574
          ],
          [
            8.923031595288665,
            55.302615664212794
          ],
          [
            8.92298452473347,
            55.302683388798876
          ],
          [
            8.922954308294127,
            55.30275103413764
          ],
          [
            8.922975789481121,
            55.30280181844331
          ],
          [
            8.923029893107291,
            55.30284399676833
          ],
          [
            8.923180310911652,
            55.30293044667149
          ],
          [
            8.923293675045949,
            55.30295495976059
          ],
          [
            8.92337589949682,
            55.30295438234604
          ],
          [
            8.923487780146765,
            55.302931358517796
          ],
          [
            8.923574030711029,
            55.302884865160244
          ],
          [
            8.923688345881173,
            55.30282428129607
          ],
          [
            8.92379206154958,
            55.30278750354615
          ],
          [
            8.923911613880431,
            55.30275304856326
          ],
          [
            8.923924289815984,
            55.302749395571944
          ],
          [
            8.924020243395473,
            55.3027353473106
          ],
          [
            8.924183603670716,
            55.3027263729744
          ],
          [
            8.924357476846438,
            55.302738701690934
          ],
          [
            8.924485952533203,
            55.30276852475602
          ],
          [
            8.92456604329436,
            55.30281305481564
          ],
          [
            8.92459051527626,
            55.30286599731694
          ],
          [
            8.924590258048879,
            55.3029185651106
          ],
          [
            8.924533440689885,
            55.30297738815723
          ],
          [
            8.92435948337645,
            55.3030914923024
          ],
          [
            8.924239748680812,
            55.30318577083482
          ],
          [
            8.924132019011976,
            55.30326208475663
          ],
          [
            8.924071131808969,
            55.30330688693785
          ],
          [
            8.923988854064843,
            55.30333496186837
          ],
          [
            8.923956228047212,
            55.30334536529286
          ],
          [
            8.923792379189324,
            55.30336134807994
          ],
          [
            8.92366683385795,
            55.30336333646845
          ],
          [
            8.92366315634081,
            55.3033630663884
          ],
          [
            8.923486659200963,
            55.303350104226816
          ],
          [
            8.923362862171283,
            55.303344006021206
          ],
          [
            8.923223143611049,
            55.303344277726055
          ],
          [
            8.92312672771778,
            55.30335212474729
          ],
          [
            8.92306902645955,
            55.30337787816845
          ],
          [
            8.923023263924355,
            55.30342044285751
          ],
          [
            8.922993722838983,
            55.303464455511836
          ],
          [
            8.923002563339633,
            55.303535719858154
          ],
          [
            8.923040445873985,
            55.30357671977108
          ],
          [
            8.923089989194704,
            55.30361548052059
          ],
          [
            8.92309595630122,
            55.303630795478064
          ],
          [
            8.923099550363611,
            55.30364001824833
          ],
          [
            8.923085170978265,
            55.30366337272723
          ],
          [
            8.92307649511082,
            55.30366974730563
          ],
          [
            8.922924153033449,
            55.30376202708961
          ],
          [
            8.922778992526135,
            55.30380596668485
          ],
          [
            8.92267155817203,
            55.3038091336747
          ],
          [
            8.92258812824776,
            55.30379689495481
          ],
          [
            8.922552822508692,
            55.30379171552619
          ],
          [
            8.922405496010027,
            55.303734561101145
          ],
          [
            8.922244198230082,
            55.303653135476345
          ],
          [
            8.922073262026933,
            55.30358724922401
          ],
          [
            8.921968984394638,
            55.30358745223818
          ],
          [
            8.921832678604229,
            55.30361405343651
          ],
          [
            8.921712083072615,
            55.30366169173083
          ],
          [
            8.921652591782225,
            55.30371583901205
          ],
          [
            8.921600610559594,
            55.30379569096866
          ],
          [
            8.921573435904975,
            55.30383691914431
          ],
          [
            8.921549576549795,
            55.30387437533391
          ],
          [
            8.921454367039036,
            55.303988346156366
          ],
          [
            8.92140389918365,
            55.30402977677437
          ],
          [
            8.921372007836801,
            55.30405595755252
          ],
          [
            8.921231824350693,
            55.30412106497135
          ],
          [
            8.921218599350594,
            55.30412720734179
          ],
          [
            8.921006423486903,
            55.304204259832744
          ],
          [
            8.920769410952799,
            55.30425496694736
          ],
          [
            8.920654498746206,
            55.30429470022345
          ],
          [
            8.920519816387124,
            55.30437431824954
          ],
          [
            8.920448825666082,
            55.304427289280234
          ],
          [
            8.920431242205265,
            55.304476520959284
          ],
          [
            8.920463387468622,
            55.304549867430005
          ],
          [
            8.920484293760888,
            55.304650703652094
          ],
          [
            8.920486407484622,
            55.30477525060517
          ],
          [
            8.920453227870661,
            55.30490381826635
          ],
          [
            8.920453271213415,
            55.304960879217155
          ],
          [
            8.920497082131575,
            55.305030009861945
          ],
          [
            8.920627292209758,
            55.305140172689114
          ],
          [
            8.920727375428207,
            55.30519154757469
          ],
          [
            8.920844478208362,
            55.30523960859747
          ],
          [
            8.92104619255195,
            55.30527748021467
          ],
          [
            8.921088630944459,
            55.30528882456818
          ],
          [
            8.92126960250114,
            55.30533720139331
          ],
          [
            8.921367833001572,
            55.30537024317647
          ],
          [
            8.92142930144065,
            55.305433004806446
          ],
          [
            8.92143165419188,
            55.30551783388765
          ],
          [
            8.921416883308824,
            55.30557901884982
          ],
          [
            8.9213498056098,
            55.30564421383148
          ],
          [
            8.921232635093865,
            55.3057089271885
          ],
          [
            8.920921518717192,
            55.30586768801317
          ],
          [
            8.920638361955628,
            55.30598656850033
          ],
          [
            8.92044594050381,
            55.30602643091214
          ],
          [
            8.920300599309924,
            55.30606699949024
          ],
          [
            8.920207624417985,
            55.30609295138443
          ],
          [
            8.920044132291915,
            55.30616014940492
          ],
          [
            8.920022379256116,
            55.30618045693722
          ],
          [
            8.919928130570884,
            55.30626844422668
          ],
          [
            8.919875913467672,
            55.30638378984496
          ],
          [
            8.919813132681409,
            55.3065035316305
          ],
          [
            8.919776978374136,
            55.30654313602032
          ],
          [
            8.919711219762254,
            55.306577059785155
          ],
          [
            8.919647373380302,
            55.30660011174895
          ],
          [
            8.919568901515785,
            55.30661084327247
          ],
          [
            8.919485728271496,
            55.30660944058807
          ],
          [
            8.919431890445674,
            55.30659089399563
          ],
          [
            8.919362206660416,
            55.30654052658785
          ],
          [
            8.919273621486042,
            55.30648915819441
          ],
          [
            8.919224366708821,
            55.306463515622276
          ],
          [
            8.919172744483701,
            55.30644011795625
          ],
          [
            8.919113145950694,
            55.306418583170455
          ],
          [
            8.918990616631179,
            55.30637430987741
          ],
          [
            8.918815529004906,
            55.30633258860498
          ],
          [
            8.918735349607344,
            55.306331097539285
          ],
          [
            8.918584273454195,
            55.30633378259804
          ],
          [
            8.918442323463326,
            55.30634159556606
          ],
          [
            8.918339111942998,
            55.30635608388837
          ],
          [
            8.918250524884783,
            55.30638307240923
          ],
          [
            8.91818663543059,
            55.30642679131277
          ],
          [
            8.918157070472754,
            55.30647871041585
          ],
          [
            8.918140277945584,
            55.30652452761111
          ],
          [
            8.918100099831662,
            55.30660483525194
          ],
          [
            8.918014215642499,
            55.30669580551679
          ],
          [
            8.91793501284747,
            55.3067550597361
          ],
          [
            8.917850631162297,
            55.30680469543375
          ],
          [
            8.917828804676708,
            55.306817908101536
          ],
          [
            8.917731861339641,
            55.30687659312382
          ],
          [
            8.917605050829735,
            55.30695145064472
          ],
          [
            8.917487048944066,
            55.3070324244422
          ],
          [
            8.9173971536071,
            55.307081516942404
          ],
          [
            8.91728426581108,
            55.30712699942271
          ],
          [
            8.917225802431563,
            55.307136035652555
          ],
          [
            8.917179323467668,
            55.307139328959636
          ],
          [
            8.917108440848171,
            55.307135956075754
          ],
          [
            8.917046392239632,
            55.30712674826983
          ],
          [
            8.916987358166146,
            55.30710729847603
          ],
          [
            8.916955433006795,
            55.30708148704668
          ],
          [
            8.916909066224173,
            55.307031134091105
          ],
          [
            8.91679780273334,
            55.30678960446639
          ],
          [
            8.916774201563866,
            55.30673836926164
          ],
          [
            8.916729522880395,
            55.30670967357195
          ],
          [
            8.916667658929203,
            55.30668788534094
          ],
          [
            8.916601842078915,
            55.30667310343645
          ],
          [
            8.916527807088794,
            55.306670986098815
          ],
          [
            8.916449187290723,
            55.30667668337443
          ],
          [
            8.916311164462131,
            55.30668898953696
          ],
          [
            8.916093831009448,
            55.306735657359994
          ],
          [
            8.915992954176582,
            55.30676263580122
          ],
          [
            8.915915864190069,
            55.30678972039344
          ],
          [
            8.915836847766542,
            55.30683378709235
          ],
          [
            8.915741898411502,
            55.30688826647639
          ],
          [
            8.915673249131231,
            55.306946268471506
          ],
          [
            8.915605050877893,
            55.307014335024874
          ],
          [
            8.915543941460447,
            55.307069743412534
          ],
          [
            8.91553860185562,
            55.307074584955586
          ],
          [
            8.915489207197453,
            55.30711552681497
          ],
          [
            8.9154360421742,
            55.307151523761235
          ],
          [
            8.915301395594065,
            55.307204896998634
          ],
          [
            8.915209827179979,
            55.30722451275046
          ],
          [
            8.915098403215659,
            55.3072470800058
          ],
          [
            8.915020223358532,
            55.307267423797015
          ],
          [
            8.914964750268917,
            55.30727744948151
          ],
          [
            8.914808644816356,
            55.3072728477362
          ],
          [
            8.914583843143733,
            55.307200443571645
          ],
          [
            8.914482030346072,
            55.30714888273875
          ],
          [
            8.914395211041592,
            55.30708448239178
          ],
          [
            8.914315498385054,
            55.30701199959452
          ],
          [
            8.914313218461787,
            55.3070092779424
          ],
          [
            8.914264117662327,
            55.306950679233566
          ],
          [
            8.91422451665742,
            55.30690572158664
          ],
          [
            8.914172932697776,
            55.30686569779169
          ],
          [
            8.91414019686646,
            55.30685147695624
          ],
          [
            8.914098614458892,
            55.306848751932975
          ],
          [
            8.914052921286107,
            55.30685294320018
          ],
          [
            8.913990498685976,
            55.306871500224624
          ],
          [
            8.91389098277604,
            55.30692390818245
          ],
          [
            8.913817146021017,
            55.30697552544024
          ],
          [
            8.91375449695733,
            55.307025712796744
          ],
          [
            8.91373220714977,
            55.30706155107665
          ],
          [
            8.913731819342768,
            55.30709506846875
          ],
          [
            8.913744985746183,
            55.30712563006161
          ],
          [
            8.91378817732123,
            55.30718550710543
          ],
          [
            8.913851949727814,
            55.30727127823943
          ],
          [
            8.913877324028926,
            55.30733869089841
          ],
          [
            8.913897617055346,
            55.30742470092574
          ],
          [
            8.913908208648174,
            55.307476064100946
          ],
          [
            8.913910868246466,
            55.307488959941836
          ],
          [
            8.913936595209943,
            55.307539119774574
          ],
          [
            8.913973668583804,
            55.30758749039824
          ],
          [
            8.913996093108258,
            55.30763504196114
          ],
          [
            8.914013023807303,
            55.30767342396486
          ],
          [
            8.91401374363794,
            55.30770478550158
          ],
          [
            8.913998366739637,
            55.30774916536157
          ],
          [
            8.913976852557141,
            55.30779048566864
          ],
          [
            8.91393801881096,
            55.30782748050692
          ],
          [
            8.91385647153116,
            55.30787432978612
          ],
          [
            8.91371753083913,
            55.30794432228622
          ],
          [
            8.913580982976935,
            55.30800038806985
          ],
          [
            8.913450758278026,
            55.308046304036516
          ],
          [
            8.913332531297165,
            55.30808063647757
          ],
          [
            8.913198391975733,
            55.30811540679741
          ],
          [
            8.913082244965945,
            55.308134913626844
          ],
          [
            8.912955557862679,
            55.30814758350072
          ],
          [
            8.912815647478858,
            55.30815575082309
          ],
          [
            8.912674133880524,
            55.30815648993677
          ],
          [
            8.91257351094712,
            55.30815701553522
          ],
          [
            8.912495343835213,
            55.30817016894352
          ],
          [
            8.912418565789967,
            55.30819635295105
          ],
          [
            8.91230773138553,
            55.308235362402854
          ],
          [
            8.912119490159672,
            55.3082996565245
          ],
          [
            8.911947023541343,
            55.30835425688138
          ],
          [
            8.91184172794871,
            55.30838158814383
          ],
          [
            8.911625669469528,
            55.30841512941752
          ],
          [
            8.911563563956447,
            55.30843116935683
          ],
          [
            8.911477000655337,
            55.308464893900705
          ],
          [
            8.911359346369512,
            55.3085236666775
          ],
          [
            8.911215206678778,
            55.3085907770447
          ],
          [
            8.911113152546946,
            55.308647494147486
          ],
          [
            8.911047990894216,
            55.30869138809921
          ],
          [
            8.910990377268542,
            55.30874139797329
          ],
          [
            8.910933509711914,
            55.30880991945605
          ],
          [
            8.91083796946375,
            55.308912020209334
          ],
          [
            8.910747197493096,
            55.3089951639801
          ],
          [
            8.91070138985723,
            55.30904904630607
          ],
          [
            8.91067513726362,
            55.3090939569474
          ],
          [
            8.91065186979516,
            55.30914246415268
          ],
          [
            8.910646106834326,
            55.30918316636642
          ],
          [
            8.910659727002011,
            55.309291457223694
          ],
          [
            8.910697604763442,
            55.3094014731454
          ],
          [
            8.910729369370317,
            55.309427645522376
          ],
          [
            8.910745249570656,
            55.309441675232605
          ],
          [
            8.91078572099357,
            55.309519343541304
          ],
          [
            8.9108100859112,
            55.30956802123623
          ],
          [
            8.91082963592037,
            55.309607078630826
          ],
          [
            8.910864282436341,
            55.30968303532602
          ],
          [
            8.910868088197883,
            55.30974225561706
          ],
          [
            8.910852802260743,
            55.30981440176802
          ],
          [
            8.910804894338831,
            55.309891196805324
          ],
          [
            8.910726984539544,
            55.30999843232572
          ],
          [
            8.91062960755435,
            55.31007510127357
          ],
          [
            8.910557317949285,
            55.31013480503853
          ],
          [
            8.910526235015578,
            55.3101555398575
          ],
          [
            8.91048823284784,
            55.31017060844099
          ],
          [
            8.910417598912165,
            55.31019454919462
          ],
          [
            8.910361498709095,
            55.31020088808047
          ],
          [
            8.910298635635847,
            55.31020209997505
          ],
          [
            8.910230132417396,
            55.310189379447124
          ],
          [
            8.910174886932287,
            55.3101660651904
          ],
          [
            8.910012151323375,
            55.310092979392245
          ],
          [
            8.909802625305758,
            55.30995066690565
          ],
          [
            8.909595375838228,
            55.30984708525268
          ],
          [
            8.909533668447306,
            55.30981214976443
          ],
          [
            8.909453454826052,
            55.30976673547431
          ],
          [
            8.909367693628173,
            55.30972300008706
          ],
          [
            8.909306763005747,
            55.30970615111323
          ],
          [
            8.90919055249906,
            55.30968162295993
          ],
          [
            8.90904753876749,
            55.30966633028917
          ],
          [
            8.908950668972235,
            55.30965808090332
          ],
          [
            8.908861500037112,
            55.30965801441488
          ],
          [
            8.908740942842606,
            55.30967418901693
          ],
          [
            8.908651115201724,
            55.30968652251597
          ],
          [
            8.908520497868173,
            55.30969280481516
          ],
          [
            8.908423397697069,
            55.309716185439044
          ],
          [
            8.908360477735188,
            55.309742377278866
          ],
          [
            8.908300518245516,
            55.309782769134486
          ],
          [
            8.908193202763607,
            55.30986338250938
          ],
          [
            8.908122914950395,
            55.309941687290426
          ],
          [
            8.90807782263256,
            55.31002486341177
          ],
          [
            8.908061292995122,
            55.310087573012595
          ],
          [
            8.908061605988184,
            55.31015658546241
          ],
          [
            8.9080671085985,
            55.31022964550114
          ],
          [
            8.908061845827918,
            55.31026948171614
          ],
          [
            8.908057327092811,
            55.31030368249325
          ],
          [
            8.908035079523872,
            55.3103863366267
          ],
          [
            8.90805135113027,
            55.31043523252381
          ],
          [
            8.908045823736803,
            55.31044097938113
          ],
          [
            8.908020879368104,
            55.31046351537541
          ],
          [
            8.907984392328588,
            55.3105041044607
          ],
          [
            8.90796568708139,
            55.310553692896555
          ],
          [
            8.907955217259323,
            55.310584686587205
          ],
          [
            8.907911352648972,
            55.31061349847758
          ],
          [
            8.907854773744091,
            55.31066823245984
          ],
          [
            8.907847402936063,
            55.31067536355334
          ],
          [
            8.90775761184259,
            55.3107387367006
          ],
          [
            8.907714031131453,
            55.31078084796128
          ],
          [
            8.907689825466033,
            55.31082432174194
          ],
          [
            8.907680589642261,
            55.3108665487956
          ],
          [
            8.907680343175715,
            55.31090482881731
          ],
          [
            8.907703553530041,
            55.31095076463169
          ],
          [
            8.907733870894223,
            55.31098924745861
          ],
          [
            8.907811089594976,
            55.311048433395676
          ],
          [
            8.907880767673085,
            55.3110983580548
          ],
          [
            8.907908455517513,
            55.311115901558665
          ],
          [
            8.90780682847102,
            55.31111950915541
          ],
          [
            8.907415807964647,
            55.31111328271797
          ],
          [
            8.906958457565748,
            55.311040688116876
          ],
          [
            8.906505739441227,
            55.31094185633144
          ],
          [
            8.906107810218895,
            55.31085986873917
          ],
          [
            8.905691628728905,
            55.310835196214796
          ],
          [
            8.905319246413084,
            55.31087642334464
          ],
          [
            8.905128603148295,
            55.31107899880549
          ],
          [
            8.905106830413905,
            55.311289972332816
          ],
          [
            8.905205220621061,
            55.31152080826494
          ],
          [
            8.905157179212164,
            55.31164810208197
          ],
          [
            8.905146419096356,
            55.31179968692903
          ],
          [
            8.905016649074046,
            55.31190975401457
          ],
          [
            8.905028390985755,
            55.31207276851003
          ],
          [
            8.905141237600303,
            55.31218832580114
          ],
          [
            8.905277556537044,
            55.31217324529133
          ],
          [
            8.905448255311205,
            55.31214408328031
          ],
          [
            8.905576360990185,
            55.31213753274489
          ],
          [
            8.905720406903674,
            55.312185808749064
          ],
          [
            8.905766814612994,
            55.31228190449183
          ],
          [
            8.90641435903921,
            55.3126156915712
          ],
          [
            8.906488949351807,
            55.312654118742465
          ],
          [
            8.906481689384849,
            55.31265941490293
          ],
          [
            8.906388571555532,
            55.31272763689871
          ],
          [
            8.906340431257204,
            55.31276417286709
          ],
          [
            8.906283139557624,
            55.31280627309293
          ],
          [
            8.906218907262087,
            55.31285178262961
          ],
          [
            8.906175965338585,
            55.3128885921016
          ],
          [
            8.906141687387489,
            55.31292603723194
          ],
          [
            8.906111194097598,
            55.312962047507156
          ],
          [
            8.906078599438326,
            55.31302052106243
          ],
          [
            8.906029314813424,
            55.31307430907254
          ],
          [
            8.90599805775898,
            55.31310007473555
          ],
          [
            8.905946721293875,
            55.31315529888679
          ],
          [
            8.905907018750918,
            55.31322113541051
          ],
          [
            8.905867762991607,
            55.31329784527759
          ],
          [
            8.90584575275426,
            55.31334419587527
          ],
          [
            8.905827179761083,
            55.31340277002475
          ],
          [
            8.90579818513609,
            55.313470951113665
          ],
          [
            8.905776151410398,
            55.31350719786535
          ],
          [
            8.905761330428149,
            55.3135315779255
          ],
          [
            8.905699874403995,
            55.31360153113851
          ],
          [
            8.905652336831542,
            55.31364894030847
          ],
          [
            8.905605287828877,
            55.313689610366836
          ],
          [
            8.905543463907458,
            55.31371526243113
          ],
          [
            8.905495671797862,
            55.31373706135586
          ],
          [
            8.905424236660666,
            55.31376270592484
          ],
          [
            8.905318889926555,
            55.31380360030872
          ],
          [
            8.905182165605442,
            55.31385417509086
          ],
          [
            8.905032992049126,
            55.31390545892032
          ],
          [
            8.904912382786348,
            55.3139373551284
          ],
          [
            8.90484963225564,
            55.313954828896094
          ],
          [
            8.904782013477393,
            55.31396555936753
          ],
          [
            8.90467720331852,
            55.313979316016265
          ],
          [
            8.904623633122597,
            55.313979274208165
          ],
          [
            8.904590388089304,
            55.31397924825074
          ],
          [
            8.904510359790379,
            55.31397424345026
          ],
          [
            8.904361047564741,
            55.31395166175911
          ],
          [
            8.9043059137149,
            55.31394667630959
          ],
          [
            8.904237730178316,
            55.31393017857843
          ],
          [
            8.90410154598843,
            55.313886759431476
          ],
          [
            8.904044413898689,
            55.313861104586856
          ],
          [
            8.90401766903262,
            55.31384445955216
          ],
          [
            8.90401820399828,
            55.31381867026642
          ],
          [
            8.904019238551207,
            55.313781738782275
          ],
          [
            8.904049415517775,
            55.313682018325
          ],
          [
            8.90407957845137,
            55.31358804886251
          ],
          [
            8.90414875546975,
            55.31345367318222
          ],
          [
            8.904166053167954,
            55.31340228705574
          ],
          [
            8.90416032107447,
            55.31336184573512
          ],
          [
            8.904008746320565,
            55.31329855543177
          ],
          [
            8.903961606031423,
            55.31331127844948
          ],
          [
            8.903893880974326,
            55.31336630913438
          ],
          [
            8.903809684303729,
            55.31345664164022
          ],
          [
            8.903755313094717,
            55.31352740819156
          ],
          [
            8.903721458841261,
            55.31357609530928
          ],
          [
            8.903685745137182,
            55.31362745697043
          ],
          [
            8.903642438286042,
            55.3136834952164
          ],
          [
            8.903593586465917,
            55.31375201955622
          ],
          [
            8.903567275629214,
            55.3138163382682
          ],
          [
            8.903568590955631,
            55.31385866317943
          ],
          [
            8.903596907262665,
            55.313941895517566
          ],
          [
            8.90361667035643,
            55.31404372203787
          ],
          [
            8.903643472957159,
            55.31410152290192
          ],
          [
            8.903694415545962,
            55.314210652620794
          ],
          [
            8.903716236798667,
            55.314275400180286
          ],
          [
            8.90373634044675,
            55.31433505134279
          ],
          [
            8.90375602988432,
            55.31440246155107
          ],
          [
            8.903753694752407,
            55.31445583631049
          ],
          [
            8.90374104650433,
            55.3145387667504
          ],
          [
            8.903713597396258,
            55.3146175519831
          ],
          [
            8.903657258517846,
            55.31471931848588
          ],
          [
            8.903631160055657,
            55.31476081303337
          ],
          [
            8.903580158135618,
            55.31480579244807
          ],
          [
            8.903469389356376,
            55.31487148219922
          ],
          [
            8.90334142177981,
            55.31494704279852
          ],
          [
            8.9032686873542,
            55.314987152469
          ],
          [
            8.9031984930616,
            55.31501935646505
          ],
          [
            8.903055967296938,
            55.31505545687055
          ],
          [
            8.902933734298779,
            55.31510496231164
          ],
          [
            8.902803467647253,
            55.315153472783926
          ],
          [
            8.90269622177933,
            55.315195172125
          ],
          [
            8.902515603319934,
            55.315279586011634
          ],
          [
            8.902349965122736,
            55.3153589794677
          ],
          [
            8.902248237200316,
            55.31539897549263
          ],
          [
            8.9021605914472,
            55.31541499020237
          ],
          [
            8.902083203300366,
            55.31542454318062
          ],
          [
            8.90198314058451,
            55.31542805732933
          ],
          [
            8.901896330183567,
            55.31542475270971
          ],
          [
            8.901824821150921,
            55.315414361417865
          ],
          [
            8.901702485779285,
            55.31537679160867
          ],
          [
            8.901587885778493,
            55.31533338703477
          ],
          [
            8.901489185125575,
            55.315296015765675
          ],
          [
            8.901476706488065,
            55.31529327037782
          ],
          [
            8.90140351657872,
            55.31527716600841
          ],
          [
            8.901319694256895,
            55.31527628959896
          ],
          [
            8.901199133934957,
            55.31528562742115
          ],
          [
            8.90107728239319,
            55.31530727484192
          ],
          [
            8.900977927096022,
            55.315343138190144
          ],
          [
            8.900788072812105,
            55.31540157261757
          ],
          [
            8.90076318974787,
            55.31540865131614
          ],
          [
            8.900659565666075,
            55.315438130907445
          ],
          [
            8.900577923078826,
            55.31544758961349
          ],
          [
            8.90049897436226,
            55.315450940007324
          ],
          [
            8.900392015512033,
            55.315439710265075
          ],
          [
            8.90028416905753,
            55.31540547565151
          ],
          [
            8.90020391221751,
            55.315365063169956
          ],
          [
            8.900123543146861,
            55.31530667862669
          ],
          [
            8.90009594799755,
            55.315252470735494
          ],
          [
            8.900063290479991,
            55.31514371392768
          ],
          [
            8.900044163716565,
            55.31504287582354
          ],
          [
            8.900039377895293,
            55.31503121532216
          ],
          [
            8.900017227825499,
            55.314977256283555
          ],
          [
            8.899973087790917,
            55.31492348411886
          ],
          [
            8.899912378195346,
            55.3148798524987
          ],
          [
            8.89985353276399,
            55.314846825807905
          ],
          [
            8.899786313040403,
            55.31482313761745
          ],
          [
            8.899720796426763,
            55.31481140211361
          ],
          [
            8.899642962280517,
            55.31481061932771
          ],
          [
            8.899537397789219,
            55.314809544114546
          ],
          [
            8.899417468717646,
            55.314818880698
          ],
          [
            8.899327957621795,
            55.314824917426755
          ],
          [
            8.89926174437293,
            55.314839420103645
          ],
          [
            8.899195023738837,
            55.31486758098405
          ],
          [
            8.899132531208965,
            55.3149059893121
          ],
          [
            8.899102298858091,
            55.31496023954188
          ],
          [
            8.899103923907624,
            55.315002834329746
          ],
          [
            8.899127584598093,
            55.315054612990636
          ],
          [
            8.899178326952,
            55.31511405206265
          ],
          [
            8.899259511145429,
            55.31522311870948
          ],
          [
            8.89927451408034,
            55.3152375616302
          ],
          [
            8.899319397208476,
            55.315280768068426
          ],
          [
            8.89936118966889,
            55.31532806864249
          ],
          [
            8.899376841699004,
            55.31536932708366
          ],
          [
            8.89937353316373,
            55.31543141733126
          ],
          [
            8.899350934498964,
            55.31552000026532
          ],
          [
            8.899310267121425,
            55.315588260039085
          ],
          [
            8.899256383650316,
            55.31564878097784
          ],
          [
            8.899197609079119,
            55.315711813925226
          ],
          [
            8.899143494523216,
            55.31573908657824
          ],
          [
            8.899069845988654,
            55.31576463573987
          ],
          [
            8.89897904636352,
            55.31578082528093
          ],
          [
            8.898915994840966,
            55.315790567825466
          ],
          [
            8.89887236834384,
            55.315782893659005
          ],
          [
            8.898809402831947,
            55.315758849018025
          ],
          [
            8.89876443040027,
            55.31575379400355
          ],
          [
            8.898709534119586,
            55.315747623675605
          ],
          [
            8.89855086821352,
            55.31574614413811
          ],
          [
            8.898410936176965,
            55.31575114986266
          ],
          [
            8.898322971361422,
            55.31576779057126
          ],
          [
            8.898262550705851,
            55.31579613590094
          ],
          [
            8.898172879729724,
            55.315863635602206
          ],
          [
            8.898071052270499,
            55.31594029077275
          ],
          [
            8.898049174515934,
            55.315992301213925
          ],
          [
            8.898067824759352,
            55.31603140569072
          ],
          [
            8.898122206958133,
            55.31608455805833
          ],
          [
            8.89823121267109,
            55.31615833375465
          ],
          [
            8.898254997519338,
            55.31617067780455
          ],
          [
            8.898331450603138,
            55.31621035604042
          ],
          [
            8.898413953403233,
            55.31623504618871
          ],
          [
            8.898635227086453,
            55.316278272702746
          ],
          [
            8.898820285400136,
            55.31631167413666
          ],
          [
            8.898872699492765,
            55.31633382298549
          ],
          [
            8.89891973961802,
            55.31636252711453
          ],
          [
            8.8989502279889,
            55.31639400318365
          ],
          [
            8.898963385866471,
            55.31642465617853
          ],
          [
            8.898951161413729,
            55.31646067975596
          ],
          [
            8.898900432401485,
            55.31651931608773
          ],
          [
            8.89885461191651,
            55.31656852120698
          ],
          [
            8.89884826997667,
            55.31664579518393
          ],
          [
            8.898856726351674,
            55.31667753159734
          ],
          [
            8.898861848878452,
            55.31669675679883
          ],
          [
            8.898896254080876,
            55.31673713221876
          ],
          [
            8.898945052884844,
            55.316756043098714
          ],
          [
            8.899017538458368,
            55.31675484499641
          ],
          [
            8.899075565432051,
            55.316747406742245
          ],
          [
            8.899163811658099,
            55.31673609529672
          ],
          [
            8.899300009106572,
            55.31671383259487
          ],
          [
            8.899426199197121,
            55.316723281930145
          ],
          [
            8.899532183316117,
            55.316747361630306
          ],
          [
            8.899635273645059,
            55.316794263190395
          ],
          [
            8.899762651669798,
            55.31689510032838
          ],
          [
            8.899832264634071,
            55.3169709090295
          ],
          [
            8.899860384282855,
            55.31700489899356
          ],
          [
            8.899879950287149,
            55.31705667413467
          ],
          [
            8.899895105917059,
            55.31710781664177
          ],
          [
            8.89989069526575,
            55.31716981612277
          ],
          [
            8.899875137047568,
            55.31721590132671
          ],
          [
            8.899818109613184,
            55.317272915398384
          ],
          [
            8.899742639665035,
            55.317332430378556
          ],
          [
            8.899667199442014,
            55.31738008387485
          ],
          [
            8.899618451312387,
            55.317403047879715
          ],
          [
            8.899515328837042,
            55.31743054999536
          ],
          [
            8.899414791765158,
            55.317432623898675
          ],
          [
            8.899327057489522,
            55.31741916256626
          ],
          [
            8.899211418727417,
            55.317411249447424
          ],
          [
            8.899105837299556,
            55.31741412767121
          ],
          [
            8.899004475610438,
            55.31743066794422
          ],
          [
            8.898897747205039,
            55.317450798074525
          ],
          [
            8.89887517546385,
            55.31745673079296
          ],
          [
            8.89877538826766,
            55.31748295634313
          ],
          [
            8.89866356431968,
            55.31752383960394
          ],
          [
            8.898538308067153,
            55.31757971815376
          ],
          [
            8.898414123924107,
            55.31764754878657
          ],
          [
            8.89830490867461,
            55.317715481612154
          ],
          [
            8.898204348366045,
            55.31778782466867
          ],
          [
            8.898104159778075,
            55.31788282064532
          ],
          [
            8.898067239924538,
            55.31791782698598
          ],
          [
            8.898009880129207,
            55.317980141644654
          ],
          [
            8.897961587339811,
            55.31800921581617
          ],
          [
            8.897900059295354,
            55.31803782961153
          ],
          [
            8.897856535665541,
            55.31805055328914
          ],
          [
            8.897801836161632,
            55.31805859490737
          ],
          [
            8.897711377390173,
            55.31806256288956
          ],
          [
            8.897658925328466,
            55.3180545214665
          ],
          [
            8.897588385458112,
            55.31803352508647
          ],
          [
            8.897474737023678,
            55.317986523090596
          ],
          [
            8.897318766650605,
            55.31791414503578
          ],
          [
            8.897177153349602,
            55.31783512925722
          ],
          [
            8.89706168258751,
            55.31776206607172
          ],
          [
            8.896987027326169,
            55.31771447194145
          ],
          [
            8.896961473166563,
            55.31769818132167
          ],
          [
            8.896897599273839,
            55.31765912839246
          ],
          [
            8.8968213857486,
            55.31763893551587
          ],
          [
            8.89666902349741,
            55.31763431377701
          ],
          [
            8.896546574340833,
            55.31763969159038
          ],
          [
            8.89643841121065,
            55.31766547950952
          ],
          [
            8.896343912579304,
            55.31770826238183
          ],
          [
            8.896285790190628,
            55.31775997216016
          ],
          [
            8.896248903846836,
            55.31782562817556
          ],
          [
            8.896240027224191,
            55.31790604493531
          ],
          [
            8.89625908619625,
            55.31796932224209
          ],
          [
            8.896288404285086,
            55.31802622822601
          ],
          [
            8.89633320613297,
            55.31806733206045
          ],
          [
            8.896384611437014,
            55.31810022561996
          ],
          [
            8.896402109429081,
            55.31811142168119
          ],
          [
            8.896483485957422,
            55.31814608657877
          ],
          [
            8.896519788162772,
            55.31818367862003
          ],
          [
            8.896526000172479,
            55.31821863924418
          ],
          [
            8.896507425666927,
            55.31827164064361
          ],
          [
            8.896460024898735,
            55.31832066379516
          ],
          [
            8.896403085398848,
            55.318341462944005
          ],
          [
            8.896326464221696,
            55.31835631463772
          ],
          [
            8.896252718553162,
            55.31835616218137
          ],
          [
            8.896160062740137,
            55.31835635304881
          ],
          [
            8.896049238991651,
            55.31831411468559
          ],
          [
            8.895982536159488,
            55.31827218336972
          ],
          [
            8.895929223915873,
            55.318231611316726
          ],
          [
            8.89577321108436,
            55.3181761248496
          ],
          [
            8.895629851014942,
            55.318103036520185
          ],
          [
            8.895563895760528,
            55.31807674117394
          ],
          [
            8.895475886642402,
            55.318047910859846
          ],
          [
            8.895382958272126,
            55.318032195764346
          ],
          [
            8.895268086023522,
            55.318032007492114
          ],
          [
            8.895164227222219,
            55.31803820859028
          ],
          [
            8.895107141023663,
            55.31805478361158
          ],
          [
            8.895050326256133,
            55.31808789299628
          ],
          [
            8.894988985625458,
            55.31813180317675
          ],
          [
            8.894985755506264,
            55.31813411518247
          ],
          [
            8.894926169769061,
            55.31820199777218
          ],
          [
            8.894813936289017,
            55.31833579192554
          ],
          [
            8.894763662938505,
            55.318397661861205
          ],
          [
            8.894712363065665,
            55.318430596118056
          ],
          [
            8.894691967671358,
            55.31843897861121
          ],
          [
            8.894617240219743,
            55.31846969287198
          ],
          [
            8.894473094652414,
            55.318514767810655
          ],
          [
            8.894343494397031,
            55.31854161367086
          ],
          [
            8.894089216114157,
            55.318581111437936
          ],
          [
            8.893921921205347,
            55.31862032478715
          ],
          [
            8.893732683703213,
            55.31867407607039
          ],
          [
            8.893532912030398,
            55.318718831927455
          ],
          [
            8.893423207033585,
            55.31873014844535
          ],
          [
            8.89332473224902,
            55.318725749250525
          ],
          [
            8.893213690600653,
            55.31870669188849
          ],
          [
            8.893022220809655,
            55.318652608670604
          ],
          [
            8.89292172172476,
            55.318639311283704
          ],
          [
            8.892892823528078,
            55.318639285954454
          ],
          [
            8.89282150223049,
            55.31863922341211
          ],
          [
            8.89273384747867,
            55.31865451247158
          ],
          [
            8.892656386671595,
            55.31868778233292
          ],
          [
            8.892587036231234,
            55.31875197095748
          ],
          [
            8.892468816270851,
            55.31888171400659
          ],
          [
            8.89245410887257,
            55.31895933970344
          ],
          [
            8.892465227477707,
            55.31903917890559
          ],
          [
            8.892465547436162,
            55.31904148138853
          ],
          [
            8.892475594579311,
            55.319113737298
          ],
          [
            8.892467456356314,
            55.31915129142176
          ],
          [
            8.892441954397086,
            55.31919988298342
          ],
          [
            8.89239756854344,
            55.31923893279993
          ],
          [
            8.892334291710164,
            55.31927104677104
          ],
          [
            8.892202575123278,
            55.319321431691606
          ],
          [
            8.89209929179478,
            55.31934641133502
          ],
          [
            8.891966103184327,
            55.31935842467996
          ],
          [
            8.891900081285016,
            55.31935674881436
          ],
          [
            8.891814415149865,
            55.31933546614273
          ],
          [
            8.891670111481892,
            55.319262821641956
          ],
          [
            8.891564593621991,
            55.31918266319652
          ],
          [
            8.89145426704909,
            55.319132423612594
          ],
          [
            8.891393669364314,
            55.31911463957822
          ],
          [
            8.89134861555576,
            55.3191014180269
          ],
          [
            8.891180733852186,
            55.31906541466706
          ],
          [
            8.891019292995809,
            55.31903678530343
          ],
          [
            8.890901601426133,
            55.31902931178996
          ],
          [
            8.890821538272508,
            55.319033912970525
          ],
          [
            8.89074993077015,
            55.31905802117947
          ],
          [
            8.890690526623978,
            55.319114040400535
          ],
          [
            8.890628160469502,
            55.319272856250336
          ],
          [
            8.890574234321964,
            55.319355983749396
          ],
          [
            8.890572930318607,
            55.31935799363794
          ],
          [
            8.89046518086688,
            55.31945925864433
          ],
          [
            8.89039401711304,
            55.31949352116841
          ],
          [
            8.890261211634376,
            55.31953761285177
          ],
          [
            8.890117381863014,
            55.31957926826932
          ],
          [
            8.889970717310462,
            55.319620202088444
          ],
          [
            8.88987259289881,
            55.3196592924413
          ],
          [
            8.889782616691079,
            55.319714924219106
          ],
          [
            8.889685997074773,
            55.319779446025855
          ],
          [
            8.889602358342108,
            55.3198225929173
          ],
          [
            8.889528386688946,
            55.319846069255405
          ],
          [
            8.889460752256888,
            55.31985733038624
          ],
          [
            8.889377202686594,
            55.31986830749293
          ],
          [
            8.889340702957025,
            55.31986956033133
          ],
          [
            8.889221653301146,
            55.31987364799437
          ],
          [
            8.88911117177919,
            55.31987929878619
          ],
          [
            8.889043696762982,
            55.319889840954666
          ],
          [
            8.888998735716418,
            55.31990768216306
          ],
          [
            8.888989503516635,
            55.31994074208163
          ],
          [
            8.889045584455834,
            55.32006030619112
          ],
          [
            8.889085757113534,
            55.320156335102126
          ],
          [
            8.88910913946944,
            55.32021222648421
          ],
          [
            8.889180749079761,
            55.32035795373891
          ],
          [
            8.889195415425045,
            55.32041053485959
          ],
          [
            8.88919362008933,
            55.320432728532886
          ],
          [
            8.889158889736645,
            55.32045480247381
          ],
          [
            8.889103380185897,
            55.32046894990945
          ],
          [
            8.889034043513314,
            55.32046861738053
          ],
          [
            8.888826401728648,
            55.32044865953403
          ],
          [
            8.888760524053867,
            55.320439898478334
          ],
          [
            8.88860869991383,
            55.320419706211545
          ],
          [
            8.888527242408093,
            55.32041468964924
          ],
          [
            8.888443690399173,
            55.32042602555313
          ],
          [
            8.888295108502078,
            55.32047459366615
          ],
          [
            8.888184330773488,
            55.32052885734964
          ],
          [
            8.888095993762025,
            55.32056046274141
          ],
          [
            8.8880705968448,
            55.32056954943697
          ],
          [
            8.887923660789466,
            55.32059295794006
          ],
          [
            8.887796445352123,
            55.320608386880444
          ],
          [
            8.887740665380278,
            55.320606448594766
          ],
          [
            8.887664429776843,
            55.32059370833649
          ],
          [
            8.887586825023865,
            55.32056362388364
          ],
          [
            8.887446433714953,
            55.32050176114962
          ],
          [
            8.887264283600956,
            55.320439590152716
          ],
          [
            8.887186738648623,
            55.32038865809069
          ],
          [
            8.88713785181555,
            55.3203456600918
          ],
          [
            8.88712269070033,
            55.32030179463901
          ],
          [
            8.88713541155768,
            55.320261639182846
          ],
          [
            8.887184559059142,
            55.320212800989914
          ],
          [
            8.887264435033282,
            55.32016408099237
          ],
          [
            8.887276178883488,
            55.32015495760663
          ],
          [
            8.887294126307395,
            55.32014101448564
          ],
          [
            8.887305574546374,
            55.320104991375125
          ],
          [
            8.887301438824805,
            55.32006302316146
          ],
          [
            8.887279493142866,
            55.32002211683252
          ],
          [
            8.887216097535255,
            55.31998314915515
          ],
          [
            8.887121619912666,
            55.319957631663186
          ],
          [
            8.886989092204425,
            55.3199022455467
          ],
          [
            8.886869800267196,
            55.319847410698685
          ],
          [
            8.886779286310734,
            55.31981362953418
          ],
          [
            8.886701642239474,
            55.319798101721965
          ],
          [
            8.886597497980961,
            55.31979180479949
          ],
          [
            8.886531290036638,
            55.31979992054954
          ],
          [
            8.886445025693577,
            55.31982320388633
          ],
          [
            8.886368163775332,
            55.31986482725128
          ],
          [
            8.886303518581947,
            55.319932521200144
          ],
          [
            8.88623342553897,
            55.32003157101748
          ],
          [
            8.886215885238313,
            55.32010353216664
          ],
          [
            8.886241689960446,
            55.32017220887341
          ],
          [
            8.886277536430491,
            55.32025617103993
          ],
          [
            8.886299670625881,
            55.32034101903067
          ],
          [
            8.886297790914583,
            55.320362947498325
          ],
          [
            8.886292986429506,
            55.32041901087707
          ],
          [
            8.886248012101573,
            55.320495888766516
          ],
          [
            8.886200152094311,
            55.320534843232934
          ],
          [
            8.886131852499142,
            55.32055751406053
          ],
          [
            8.886052256154393,
            55.320562921287234
          ],
          [
            8.885949224700704,
            55.32055258117323
          ],
          [
            8.885798483948422,
            55.32052862760188
          ],
          [
            8.88562649136706,
            55.32049701589373
          ],
          [
            8.885474893062272,
            55.320442688601105
          ],
          [
            8.885369597597172,
            55.32039792967798
          ],
          [
            8.885321978156773,
            55.32038276433139
          ],
          [
            8.885257814930725,
            55.320362330243434
          ],
          [
            8.885187716783864,
            55.32035291900454
          ],
          [
            8.8851056159991,
            55.320352572251664
          ],
          [
            8.885003121001809,
            55.32037494071082
          ],
          [
            8.88488462625258,
            55.32042613891848
          ],
          [
            8.88478313527092,
            55.32048256489855
          ],
          [
            8.884684735980072,
            55.3205595715426
          ],
          [
            8.884647050894444,
            55.32062144918157
          ],
          [
            8.884642139902454,
            55.320684615788736
          ],
          [
            8.8846454270267,
            55.320746532101815
          ],
          [
            8.884677513082494,
            55.3208220443862
          ],
          [
            8.884683670218529,
            55.32087246138725
          ],
          [
            8.884683809525658,
            55.32087242400453
          ]
        ]
      }
    }
  ]
}
