{
  "type": "FeatureCollection",
  "name": "german-empire-1914-modern-coastline-reference",
  "features": [
    {
      "type": "Feature",
      "properties": {
        "name": "North Sea interim coastline",
        "sourceCountries": [
          "DEU",
          "DNK"
        ],
        "status": "modern-reference"
      },
      "geometry": {
        "type": "LineString",
        "coordinates": [
          [
            7.194591,
            53.245022
          ],
          [
            7.204438,
            53.248277
          ],
          [
            7.215831,
            53.255601
          ],
          [
            7.22462,
            53.262926
          ],
          [
            7.233572,
            53.273627
          ],
          [
            7.23699,
            53.285549
          ],
          [
            7.229503,
            53.296576
          ],
          [
            7.254731,
            53.319525
          ],
          [
            7.268321,
            53.323676
          ],
          [
            7.291515,
            53.32392
          ],
          [
            7.313162,
            53.320502
          ],
          [
            7.347667,
            53.307359
          ],
          [
            7.366547,
            53.302802
          ],
          [
            7.34254,
            53.324042
          ],
          [
            7.302908,
            53.33275
          ],
          [
            7.075206,
            53.337592
          ],
          [
            7.038259,
            53.348578
          ],
          [
            7.023611,
            53.37641
          ],
          [
            7.023285,
            53.450507
          ],
          [
            7.02768,
            53.467353
          ],
          [
            7.047048,
            53.497707
          ],
          [
            7.051443,
            53.5126
          ],
          [
            7.059744,
            53.521715
          ],
          [
            7.079356,
            53.521552
          ],
          [
            7.11964,
            53.516303
          ],
          [
            7.125011,
            53.524359
          ],
          [
            7.134532,
            53.527411
          ],
          [
            7.141775,
            53.537177
          ],
          [
            7.139985,
            53.549791
          ],
          [
            7.131114,
            53.556952
          ],
          [
            7.101899,
            53.565741
          ],
          [
            7.088878,
            53.573717
          ],
          [
            7.086762,
            53.586859
          ],
          [
            7.100922,
            53.597886
          ],
          [
            7.133149,
            53.611274
          ],
          [
            7.169444,
            53.635484
          ],
          [
            7.188975,
            53.6435
          ],
          [
            7.226085,
            53.66649
          ],
          [
            7.305024,
            53.684801
          ],
          [
            7.458832,
            53.695136
          ],
          [
            7.469574,
            53.690741
          ],
          [
            7.480235,
            53.682034
          ],
          [
            7.503917,
            53.678656
          ],
          [
            7.651378,
            53.696967
          ],
          [
            7.951427,
            53.72191
          ],
          [
            8.031423,
            53.708075
          ],
          [
            8.031423,
            53.700629
          ],
          [
            8.024913,
            53.672553
          ],
          [
            8.052908,
            53.636298
          ],
          [
            8.094086,
            53.604722
          ],
          [
            8.127615,
            53.590766
          ],
          [
            8.127615,
            53.584621
          ],
          [
            8.119151,
            53.571926
          ],
          [
            8.134613,
            53.56745
          ],
          [
            8.156749,
            53.563666
          ],
          [
            8.167979,
            53.553209
          ],
          [
            8.164887,
            53.535224
          ],
          [
            8.155447,
            53.526028
          ],
          [
            8.1338,
            53.516303
          ],
          [
            8.115733,
            53.510728
          ],
          [
            8.076345,
            53.508612
          ],
          [
            8.058767,
            53.502021
          ],
          [
            8.076996,
            53.468695
          ],
          [
            8.086192,
            53.456122
          ],
          [
            8.099783,
            53.447414
          ],
          [
            8.112478,
            53.451077
          ],
          [
            8.123871,
            53.454006
          ],
          [
            8.140636,
            53.453599
          ],
          [
            8.152354,
            53.449774
          ],
          [
            8.171397,
            53.436591
          ],
          [
            8.178559,
            53.433743
          ],
          [
            8.186697,
            53.429511
          ],
          [
            8.194835,
            53.420111
          ],
          [
            8.205333,
            53.410712
          ],
          [
            8.219737,
            53.40644
          ],
          [
            8.236501,
            53.406724
          ],
          [
            8.248709,
            53.408393
          ],
          [
            8.259451,
            53.412299
          ],
          [
            8.271739,
            53.419501
          ],
          [
            8.292817,
            53.440497
          ],
          [
            8.315115,
            53.474921
          ],
          [
            8.320486,
            53.509223
          ],
          [
            8.291515,
            53.529364
          ],
          [
            8.252208,
            53.523098
          ],
          [
            8.231212,
            53.525214
          ],
          [
            8.233165,
            53.539862
          ],
          [
            8.24171,
            53.556301
          ],
          [
            8.248871,
            53.590277
          ],
          [
            8.257335,
            53.604438
          ],
          [
            8.270681,
            53.61286
          ],
          [
            8.287608,
            53.616889
          ],
          [
            8.329356,
            53.618109
          ],
          [
            8.348481,
            53.61286
          ],
          [
            8.363292,
            53.600572
          ],
          [
            8.375499,
            53.5869
          ],
          [
            8.387706,
            53.577135
          ],
          [
            8.428071,
            53.564765
          ],
          [
            8.513438,
            53.554755
          ],
          [
            8.552094,
            53.543606
          ],
          [
            8.552094,
            53.5362
          ],
          [
            8.528168,
            53.523912
          ],
          [
            8.506196,
            53.507961
          ],
          [
            8.490001,
            53.486396
          ],
          [
            8.483897,
            53.457343
          ],
          [
            8.485037,
            53.40119
          ],
          [
            8.490896,
            53.376451
          ],
          [
            8.504405,
            53.358059
          ],
          [
            8.507335,
            53.382799
          ],
          [
            8.496755,
            53.445258
          ],
          [
            8.497569,
            53.474758
          ],
          [
            8.512869,
            53.496487
          ],
          [
            8.535818,
            53.506171
          ],
          [
            8.556651,
            53.518215
          ],
          [
            8.565766,
            53.546698
          ],
          [
            8.560802,
            53.551703
          ],
          [
            8.535167,
            53.590766
          ],
          [
            8.527517,
            53.596625
          ],
          [
            8.5171,
            53.610175
          ],
          [
            8.508311,
            53.625149
          ],
          [
            8.501231,
            53.644192
          ],
          [
            8.487071,
            53.666938
          ],
          [
            8.483897,
            53.68358
          ],
          [
            8.486095,
            53.700426
          ],
          [
            8.492198,
            53.715155
          ],
          [
            8.529633,
            53.770697
          ],
          [
            8.556163,
            53.830959
          ],
          [
            8.573253,
            53.857652
          ],
          [
            8.587576,
            53.870429
          ],
          [
            8.607107,
            53.881537
          ],
          [
            8.629242,
            53.88939
          ],
          [
            8.651866,
            53.892483
          ],
          [
            8.672699,
            53.891588
          ],
          [
            8.684581,
            53.888495
          ],
          [
            8.709158,
            53.871975
          ],
          [
            8.74464,
            53.854153
          ],
          [
            8.782481,
            53.842475
          ],
          [
            8.860688,
            53.831
          ],
          [
            8.903575,
            53.831732
          ],
          [
            8.976248,
            53.842434
          ],
          [
            9.016287,
            53.840522
          ],
          [
            9.035004,
            53.853583
          ],
          [
            9.114513,
            53.865139
          ],
          [
            9.193614,
            53.864691
          ],
          [
            9.210704,
            53.871975
          ],
          [
            9.224294,
            53.865912
          ],
          [
            9.240733,
            53.864163
          ],
          [
            9.274669,
            53.865139
          ],
          [
            9.283376,
            53.86164
          ],
          [
            9.305349,
            53.84455
          ],
          [
            9.40268,
            53.742418
          ],
          [
            9.442882,
            53.714301
          ],
          [
            9.470958,
            53.700629
          ],
          [
            9.484711,
            53.69009
          ],
          [
            9.498383,
            53.659857
          ],
          [
            9.567068,
            53.599595
          ],
          [
            9.582367,
            53.591295
          ],
          [
            9.600922,
            53.58633
          ],
          [
            9.624766,
            53.584621
          ],
          [
            9.637218,
            53.581
          ],
          [
            9.696625,
            53.556627
          ],
          [
            9.764008,
            53.547675
          ],
          [
            9.819021,
            53.540351
          ],
          [
            9.832042,
            53.543606
          ],
          [
            9.819591,
            53.556627
          ],
          [
            9.782074,
            53.569729
          ],
          [
            9.692393,
            53.575914
          ],
          [
            9.655772,
            53.584621
          ],
          [
            9.583669,
            53.612454
          ],
          [
            9.550792,
            53.634589
          ],
          [
            9.539073,
            53.66649
          ],
          [
            9.536143,
            53.693752
          ],
          [
            9.532237,
            53.711168
          ],
          [
            9.522227,
            53.71662
          ],
          [
            9.475271,
            53.732164
          ],
          [
            9.460216,
            53.735419
          ],
          [
            9.435802,
            53.748684
          ],
          [
            9.412446,
            53.778754
          ],
          [
            9.396658,
            53.811021
          ],
          [
            9.395193,
            53.831
          ],
          [
            9.358735,
            53.839545
          ],
          [
            9.295584,
            53.871894
          ],
          [
            9.257823,
            53.885565
          ],
          [
            9.22047,
            53.890774
          ],
          [
            9.093435,
            53.892483
          ],
          [
            9.055431,
            53.902899
          ],
          [
            9.029959,
            53.907131
          ],
          [
            9.018321,
            53.902737
          ],
          [
            9.007823,
            53.892483
          ],
          [
            8.98463,
            53.89704
          ],
          [
            8.949474,
            53.912909
          ],
          [
            8.916026,
            53.937405
          ],
          [
            8.833344,
            54.036444
          ],
          [
            8.871837,
            54.046942
          ],
          [
            8.890636,
            54.047797
          ],
          [
            8.914561,
            54.043891
          ],
          [
            8.953868,
            54.028306
          ],
          [
            8.975352,
            54.024075
          ],
          [
            8.997244,
            54.030219
          ],
          [
            9.004893,
            54.041164
          ],
          [
            9.013031,
            54.060981
          ],
          [
            9.018565,
            54.082424
          ],
          [
            9.018321,
            54.097886
          ],
          [
            9.006684,
            54.10814
          ],
          [
            8.988129,
            54.117865
          ],
          [
            8.974457,
            54.128079
          ],
          [
            8.977306,
            54.139472
          ],
          [
            8.977306,
            54.145697
          ],
          [
            8.952891,
            54.150092
          ],
          [
            8.917979,
            54.146308
          ],
          [
            8.885427,
            54.13703
          ],
          [
            8.867442,
            54.12519
          ],
          [
            8.860688,
            54.12519
          ],
          [
            8.833344,
            54.153144
          ],
          [
            8.815684,
            54.175605
          ],
          [
            8.812836,
            54.180487
          ],
          [
            8.820974,
            54.200507
          ],
          [
            8.836274,
            54.21776
          ],
          [
            8.84669,
            54.233547
          ],
          [
            8.83961,
            54.248725
          ],
          [
            8.83961,
            54.255561
          ],
          [
            8.851899,
            54.261054
          ],
          [
            8.894216,
            54.268215
          ],
          [
            8.911469,
            54.269192
          ],
          [
            8.922048,
            54.274237
          ],
          [
            8.937511,
            54.286689
          ],
          [
            8.953136,
            54.302558
          ],
          [
            8.963145,
            54.317613
          ],
          [
            8.940278,
            54.315009
          ],
          [
            8.902599,
            54.295844
          ],
          [
            8.881114,
            54.290269
          ],
          [
            8.883067,
            54.293606
          ],
          [
            8.885916,
            54.300727
          ],
          [
            8.88795,
            54.303941
          ],
          [
            8.857595,
            54.301825
          ],
          [
            8.805431,
            54.292426
          ],
          [
            8.774669,
            54.290269
          ],
          [
            8.738943,
            54.293891
          ],
          [
            8.723481,
            54.290269
          ],
          [
            8.690196,
            54.27147
          ],
          [
            8.678477,
            54.269192
          ],
          [
            8.651866,
            54.274848
          ],
          [
            8.623383,
            54.290107
          ],
          [
            8.602712,
            54.312079
          ],
          [
            8.599864,
            54.33808
          ],
          [
            8.614024,
            54.348375
          ],
          [
            8.641368,
            54.355658
          ],
          [
            8.672048,
            54.35928
          ],
          [
            8.695567,
            54.358588
          ],
          [
            8.695567,
            54.365424
          ],
          [
            8.677582,
            54.367906
          ],
          [
            8.663829,
            54.375556
          ],
          [
            8.650645,
            54.377997
          ],
          [
            8.634776,
            54.365424
          ],
          [
            8.626231,
            54.37641
          ],
          [
            8.629161,
            54.387681
          ],
          [
            8.638438,
            54.398139
          ],
          [
            8.648448,
            54.406399
          ],
          [
            8.66977,
            54.400824
          ],
          [
            8.750824,
            54.413804
          ],
          [
            8.860688,
            54.413804
          ],
          [
            8.886078,
            54.417792
          ],
          [
            8.907237,
            54.425523
          ],
          [
            8.949474,
            54.447333
          ],
          [
            8.988048,
            54.458441
          ],
          [
            9.004731,
            54.465888
          ],
          [
            9.011485,
            54.482123
          ],
          [
            9.011567,
            54.506334
          ],
          [
            8.986095,
            54.529283
          ],
          [
            8.90447,
            54.580634
          ],
          [
            8.892833,
            54.591254
          ],
          [
            8.88795,
            54.601874
          ],
          [
            8.878754,
            54.606513
          ],
          [
            8.858165,
            54.606147
          ],
          [
            8.837087,
            54.602688
          ],
          [
            8.825857,
            54.598131
          ],
          [
            8.819021,
            54.605618
          ],
          [
            8.853282,
            54.619289
          ],
          [
            8.81837,
            54.673651
          ],
          [
            8.805431,
            54.687567
          ],
          [
            8.776703,
            54.697984
          ],
          [
            8.722667,
            54.725531
          ],
          [
            8.688731,
            54.735297
          ],
          [
            8.688731,
            54.742174
          ],
          [
            8.694347,
            54.76024
          ],
          [
            8.681326,
            54.780585
          ],
          [
            8.661876,
            54.800605
          ],
          [
            8.648448,
            54.817857
          ],
          [
            8.642751,
            54.844184
          ],
          [
            8.647227,
            54.867377
          ],
          [
            8.660776,
            54.896311
          ],
          [
            8.668793,
            54.91352
          ],
          [
            8.661388,
            54.920315
          ],
          [
            8.674815,
            54.947943
          ],
          [
            8.666352,
            54.973334
          ],
          [
            8.650401,
            54.997992
          ],
          [
            8.640961,
            55.023383
          ],
          [
            8.644786,
            55.055732
          ],
          [
            8.656505,
            55.082506
          ],
          [
            8.670909,
            55.107123
          ],
          [
            8.681895,
            55.133205
          ],
          [
            8.575531,
            55.14411
          ],
          [
            8.56365,
            55.143378
          ],
          [
            8.559906,
            55.135077
          ],
          [
            8.557384,
            55.096381
          ],
          [
            8.551117,
            55.091376
          ],
          [
            8.541352,
            55.090277
          ],
          [
            8.528575,
            55.081977
          ],
          [
            8.514822,
            55.070787
          ],
          [
            8.49936,
            55.065579
          ],
          [
            8.483897,
            55.067613
          ],
          [
            8.470225,
            55.078599
          ],
          [
            8.458832,
            55.103461
          ],
          [
            8.460216,
            55.127387
          ],
          [
            8.466482,
            55.151597
          ],
          [
            8.470225,
            55.177558
          ],
          [
            8.488943,
            55.19717
          ],
          [
            8.530528,
            55.200751
          ],
          [
            8.572602,
            55.193671
          ],
          [
            8.593761,
            55.180976
          ],
          [
            8.580333,
            55.178941
          ],
          [
            8.569509,
            55.173774
          ],
          [
            8.552094,
            55.160549
          ],
          [
            8.555186,
            55.149359
          ],
          [
            8.614757,
            55.144355
          ],
          [
            8.669281,
            55.136908
          ],
          [
            8.689464,
            55.141588
          ],
          [
            8.687185,
            55.16059
          ],
          [
            8.668793,
            55.194648
          ],
          [
            8.655935,
            55.237494
          ],
          [
            8.648448,
            55.28026
          ],
          [
            8.650401,
            55.291734
          ],
          [
            8.659353,
            55.305813
          ]
        ]
      }
    },
    {
      "type": "Feature",
      "properties": {
        "name": "Baltic interim coastline",
        "sourceCountries": [
          "DNK",
          "DEU",
          "POL",
          "RUS",
          "LTU"
        ],
        "status": "modern-reference"
      },
      "geometry": {
        "type": "LineString",
        "coordinates": [
          [
            9.599294,
            55.373358
          ],
          [
            9.600841,
            55.365912
          ],
          [
            9.621104,
            55.358547
          ],
          [
            9.633474,
            55.351996
          ],
          [
            9.645274,
            55.342719
          ],
          [
            9.648285,
            55.332913
          ],
          [
            9.634613,
            55.325019
          ],
          [
            9.634613,
            55.317572
          ],
          [
            9.644867,
            55.31094
          ],
          [
            9.681895,
            55.274644
          ],
          [
            9.694184,
            55.271633
          ],
          [
            9.706065,
            55.265082
          ],
          [
            9.710297,
            55.248684
          ],
          [
            9.706554,
            55.237006
          ],
          [
            9.699474,
            55.229804
          ],
          [
            9.692882,
            55.221015
          ],
          [
            9.689789,
            55.204901
          ],
          [
            9.684418,
            55.197577
          ],
          [
            9.67156,
            55.19245
          ],
          [
            9.655772,
            55.189439
          ],
          [
            9.6421,
            55.188422
          ],
          [
            9.583344,
            55.194648
          ],
          [
            9.569835,
            55.192532
          ],
          [
            9.561534,
            55.187201
          ],
          [
            9.554942,
            55.180569
          ],
          [
            9.545909,
            55.17414
          ],
          [
            9.521821,
            55.165432
          ],
          [
            9.507172,
            55.161933
          ],
          [
            9.494395,
            55.160549
          ],
          [
            9.486339,
            55.156236
          ],
          [
            9.486339,
            55.147406
          ],
          [
            9.49464,
            55.140082
          ],
          [
            9.511892,
            55.140082
          ],
          [
            9.511892,
            55.133205
          ],
          [
            9.482432,
            55.133775
          ],
          [
            9.468761,
            55.131781
          ],
          [
            9.456554,
            55.125718
          ],
          [
            9.466645,
            55.121405
          ],
          [
            9.479177,
            55.119696
          ],
          [
            9.508067,
            55.119534
          ],
          [
            9.521332,
            55.115871
          ],
          [
            9.535818,
            55.106879
          ],
          [
            9.559581,
            55.085395
          ],
          [
            9.533702,
            55.065823
          ],
          [
            9.516612,
            55.056545
          ],
          [
            9.498057,
            55.050686
          ],
          [
            9.452403,
            55.045356
          ],
          [
            9.434337,
            55.037543
          ],
          [
            9.442882,
            55.023383
          ],
          [
            9.455251,
            55.023179
          ],
          [
            9.511892,
            55.036363
          ],
          [
            9.537364,
            55.035386
          ],
          [
            9.545909,
            55.036363
          ],
          [
            9.553233,
            55.039618
          ],
          [
            9.560232,
            55.04442
          ],
          [
            9.568533,
            55.048774
          ],
          [
            9.579926,
            55.050686
          ],
          [
            9.601573,
            55.045396
          ],
          [
            9.641856,
            55.019721
          ],
          [
            9.662608,
            55.009711
          ],
          [
            9.71754,
            55.001166
          ],
          [
            9.730968,
            54.995429
          ],
          [
            9.738617,
            54.980862
          ],
          [
            9.760753,
            54.904975
          ],
          [
            9.763194,
            54.900458
          ],
          [
            9.761567,
            54.897406
          ],
          [
            9.751964,
            54.893012
          ],
          [
            9.737071,
            54.892768
          ],
          [
            9.722992,
            54.89765
          ],
          [
            9.711436,
            54.898586
          ],
          [
            9.703461,
            54.886176
          ],
          [
            9.715994,
            54.883775
          ],
          [
            9.727875,
            54.879462
          ],
          [
            9.737804,
            54.873521
          ],
          [
            9.744477,
            54.866278
          ],
          [
            9.748302,
            54.857856
          ],
          [
            9.750255,
            54.846259
          ],
          [
            9.745942,
            54.836005
          ],
          [
            9.731212,
            54.831529
          ],
          [
            9.719574,
            54.835842
          ],
          [
            9.705333,
            54.85456
          ],
          [
            9.696625,
            54.858873
          ],
          [
            9.65504,
            54.857082
          ],
          [
            9.6421,
            54.858873
          ],
          [
            9.623302,
            54.865302
          ],
          [
            9.624685,
            54.869289
          ],
          [
            9.632823,
            54.873114
          ],
          [
            9.634613,
            54.87934
          ],
          [
            9.616954,
            54.894232
          ],
          [
            9.610362,
            54.903225
          ],
          [
            9.617524,
            54.907294
          ],
          [
            9.644216,
            54.913275
          ],
          [
            9.638845,
            54.92475
          ],
          [
            9.615001,
            54.932685
          ],
          [
            9.586762,
            54.92772
          ],
          [
            9.581228,
            54.92178
          ],
          [
            9.568044,
            54.901435
          ],
          [
            9.556814,
            54.890326
          ],
          [
            9.550548,
            54.882717
          ],
          [
            9.545909,
            54.87934
          ],
          [
            9.538341,
            54.877916
          ],
          [
            9.522146,
            54.879299
          ],
          [
            9.515147,
            54.875922
          ],
          [
            9.498057,
            54.864325
          ],
          [
            9.456391,
            54.843817
          ],
          [
            9.442882,
            54.831529
          ],
          [
            9.43629,
            54.810452
          ],
          [
            9.437503,
            54.810411
          ],
          [
            9.451427,
            54.81037
          ],
          [
            9.510997,
            54.827826
          ],
          [
            9.529959,
            54.841498
          ],
          [
            9.554373,
            54.847113
          ],
          [
            9.566905,
            54.860175
          ],
          [
            9.579926,
            54.866278
          ],
          [
            9.583181,
            54.830268
          ],
          [
            9.631602,
            54.819892
          ],
          [
            9.693044,
            54.81802
          ],
          [
            9.73463,
            54.807318
          ],
          [
            9.752126,
            54.799628
          ],
          [
            9.778087,
            54.793158
          ],
          [
            9.801768,
            54.783393
          ],
          [
            9.812185,
            54.766059
          ],
          [
            9.823741,
            54.756741
          ],
          [
            9.849864,
            54.759345
          ],
          [
            9.895356,
            54.769477
          ],
          [
            9.891449,
            54.790269
          ],
          [
            9.91505,
            54.791205
          ],
          [
            9.94752,
            54.779527
          ],
          [
            9.97047,
            54.762641
          ],
          [
            9.984141,
            54.728502
          ],
          [
            9.990489,
            54.720526
          ],
          [
            9.999522,
            54.712958
          ],
          [
            10.01824,
            54.701239
          ],
          [
            10.005382,
            54.695502
          ],
          [
            9.992198,
            54.696479
          ],
          [
            9.979828,
            54.699774
          ],
          [
            9.97047,
            54.701239
          ],
          [
            9.971039,
            54.699042
          ],
          [
            9.9463,
            54.687649
          ],
          [
            9.943126,
            54.687567
          ],
          [
            9.936697,
            54.685004
          ],
          [
            9.932384,
            54.685248
          ],
          [
            9.929942,
            54.683092
          ],
          [
            9.929454,
            54.673896
          ],
          [
            9.944102,
            54.673326
          ],
          [
            9.970225,
            54.677924
          ],
          [
            9.996349,
            54.678778
          ],
          [
            10.011404,
            54.66706
          ],
          [
            10.022146,
            54.672431
          ],
          [
            10.033539,
            54.672919
          ],
          [
            10.039073,
            54.666815
          ],
          [
            10.031912,
            54.652777
          ],
          [
            10.036957,
            54.638902
          ],
          [
            10.037608,
            54.619086
          ],
          [
            10.031912,
            54.577704
          ],
          [
            10.026866,
            54.559963
          ],
          [
            10.02003,
            54.545844
          ],
          [
            10.010427,
            54.534329
          ],
          [
            9.997813,
            54.523668
          ],
          [
            9.965587,
            54.506171
          ],
          [
            9.925304,
            54.493109
          ],
          [
            9.882009,
            54.484849
          ],
          [
            9.840099,
            54.482123
          ],
          [
            9.840099,
            54.475287
          ],
          [
            9.883311,
            54.462104
          ],
          [
            10.124685,
            54.495754
          ],
          [
            10.143403,
            54.491848
          ],
          [
            10.203868,
            54.461005
          ],
          [
            10.18393,
            54.449368
          ],
          [
            10.183849,
            54.438422
          ],
          [
            10.191742,
            54.426174
          ],
          [
            10.197032,
            54.410102
          ],
          [
            10.191254,
            54.396715
          ],
          [
            10.177094,
            54.384263
          ],
          [
            10.159028,
            54.375312
          ],
          [
            10.141775,
            54.37226
          ],
          [
            10.144379,
            54.370022
          ],
          [
            10.147797,
            54.368313
          ],
          [
            10.148285,
            54.36518
          ],
          [
            10.141775,
            54.358588
          ],
          [
            10.152517,
            54.351793
          ],
          [
            10.155528,
            54.343411
          ],
          [
            10.151622,
            54.33397
          ],
          [
            10.141775,
            54.324408
          ],
          [
            10.163748,
            54.329169
          ],
          [
            10.180349,
            54.341132
          ],
          [
            10.203868,
            54.37226
          ],
          [
            10.217133,
            54.405422
          ],
          [
            10.224376,
            54.413804
          ],
          [
            10.234386,
            54.417711
          ],
          [
            10.272146,
            54.420071
          ],
          [
            10.285818,
            54.42475
          ],
          [
            10.292491,
            54.430162
          ],
          [
            10.297618,
            54.435736
          ],
          [
            10.306895,
            54.441107
          ],
          [
            10.31837,
            54.443305
          ],
          [
            10.36085,
            54.441107
          ],
          [
            10.382823,
            54.43476
          ],
          [
            10.44337,
            54.406399
          ],
          [
            10.601085,
            54.365424
          ],
          [
            10.690196,
            54.31623
          ],
          [
            10.731293,
            54.310207
          ],
          [
            10.77711,
            54.315131
          ],
          [
            10.810802,
            54.327379
          ],
          [
            10.867931,
            54.358588
          ],
          [
            10.90089,
            54.371039
          ],
          [
            10.935313,
            54.379543
          ],
          [
            11.018809,
            54.385891
          ],
          [
            11.018809,
            54.379096
          ],
          [
            11.000824,
            54.378567
          ],
          [
            10.975841,
            54.378404
          ],
          [
            10.993175,
            54.373847
          ],
          [
            11.010509,
            54.377183
          ],
          [
            11.033946,
            54.367621
          ],
          [
            11.104177,
            54.39289
          ],
          [
            11.135509,
            54.385891
          ],
          [
            11.098399,
            54.361518
          ],
          [
            11.087738,
            54.351752
          ],
          [
            11.081798,
            54.354641
          ],
          [
            11.06658,
            54.358588
          ],
          [
            11.077403,
            54.342231
          ],
          [
            11.086599,
            54.302436
          ],
          [
            11.094493,
            54.283515
          ],
          [
            11.087087,
            54.270901
          ],
          [
            11.087738,
            54.253892
          ],
          [
            11.094493,
            54.225084
          ],
          [
            11.09018,
            54.207994
          ],
          [
            11.080577,
            54.198879
          ],
          [
            11.070974,
            54.192572
          ],
          [
            11.06658,
            54.183905
          ],
          [
            10.95045,
            54.139472
          ],
          [
            10.91033,
            54.109198
          ],
          [
            10.892833,
            54.102525
          ],
          [
            10.852387,
            54.094306
          ],
          [
            10.844574,
            54.094468
          ],
          [
            10.836111,
            54.089993
          ],
          [
            10.829356,
            54.092841
          ],
          [
            10.822276,
            54.097357
          ],
          [
            10.813324,
            54.097886
          ],
          [
            10.805431,
            54.094875
          ],
          [
            10.801443,
            54.092231
          ],
          [
            10.762869,
            54.05683
          ],
          [
            10.752615,
            54.050116
          ],
          [
            10.752615,
            54.043891
          ],
          [
            10.76588,
            54.024359
          ],
          [
            10.780447,
            54.009955
          ],
          [
            10.799653,
            54.000556
          ],
          [
            10.826915,
            53.995429
          ],
          [
            10.865571,
            53.997789
          ],
          [
            10.875499,
            53.995429
          ],
          [
            10.882579,
            53.985053
          ],
          [
            10.883556,
            53.973131
          ],
          [
            10.88738,
            53.963935
          ],
          [
            10.90211,
            53.961371
          ],
          [
            10.906016,
            53.961208
          ],
          [
            10.917654,
            53.960761
          ],
          [
            10.922618,
            53.961371
          ],
          [
            10.935395,
            53.967271
          ],
          [
            10.964692,
            53.985419
          ],
          [
            10.981212,
            53.989244
          ],
          [
            11.000255,
            53.991604
          ],
          [
            11.053477,
            54.00849
          ],
          [
            11.175059,
            54.018012
          ],
          [
            11.183849,
            54.016018
          ],
          [
            11.190766,
            54.010321
          ],
          [
            11.197276,
            53.996243
          ],
          [
            11.204356,
            53.989244
          ],
          [
            11.239919,
            53.983466
          ],
          [
            11.245372,
            53.97842
          ],
          [
            11.240733,
            53.955634
          ],
          [
            11.242931,
            53.945217
          ],
          [
            11.255626,
            53.940863
          ],
          [
            11.285411,
            53.939683
          ],
          [
            11.293712,
            53.940863
          ],
          [
            11.334158,
            53.961371
          ],
          [
            11.341807,
            53.958319
          ],
          [
            11.352061,
            53.944159
          ],
          [
            11.358246,
            53.940863
          ],
          [
            11.399913,
            53.940863
          ],
          [
            11.400401,
            53.93773
          ],
          [
            11.438731,
            53.909125
          ],
          [
            11.4463,
            53.906155
          ],
          [
            11.457693,
            53.906155
          ],
          [
            11.458995,
            53.916693
          ],
          [
            11.469086,
            53.932766
          ],
          [
            11.476817,
            53.952704
          ],
          [
            11.472423,
            53.968817
          ],
          [
            11.479828,
            53.976142
          ],
          [
            11.489513,
            53.980618
          ],
          [
            11.497895,
            53.981838
          ],
          [
            11.495942,
            53.986314
          ],
          [
            11.4935,
            53.997626
          ],
          [
            11.49171,
            54.002346
          ],
          [
            11.52589,
            54.022773
          ],
          [
            11.52589,
            54.030219
          ],
          [
            11.519054,
            54.030219
          ],
          [
            11.519054,
            54.036444
          ],
          [
            11.544607,
            54.030178
          ],
          [
            11.553233,
            54.030219
          ],
          [
            11.573497,
            54.039049
          ],
          [
            11.591319,
            54.065619
          ],
          [
            11.604747,
            54.071234
          ],
          [
            11.612804,
            54.072903
          ],
          [
            11.619395,
            54.077297
          ],
          [
            11.624522,
            54.083645
          ],
          [
            11.628917,
            54.091051
          ],
          [
            11.629568,
            54.096015
          ],
          [
            11.622081,
            54.099555
          ],
          [
            11.622081,
            54.104682
          ],
          [
            11.625255,
            54.109809
          ],
          [
            11.629405,
            54.113227
          ],
          [
            11.633149,
            54.115912
          ],
          [
            11.657888,
            54.142239
          ],
          [
            11.689708,
            54.155219
          ],
          [
            11.72877,
            54.158515
          ],
          [
            11.812266,
            54.149807
          ],
          [
            12.050629,
            54.179918
          ],
          [
            12.088145,
            54.194078
          ],
          [
            12.093272,
            54.165432
          ],
          [
            12.089529,
            54.137641
          ],
          [
            12.091645,
            54.114
          ],
          [
            12.115001,
            54.097886
          ],
          [
            12.105317,
            54.110012
          ],
          [
            12.100352,
            54.135972
          ],
          [
            12.095063,
            54.145697
          ],
          [
            12.105479,
            54.157375
          ],
          [
            12.134288,
            54.166978
          ],
          [
            12.142833,
            54.180487
          ],
          [
            12.131602,
            54.181138
          ],
          [
            12.12086,
            54.179999
          ],
          [
            12.110606,
            54.177436
          ],
          [
            12.101329,
            54.173651
          ],
          [
            12.108897,
            54.18301
          ],
          [
            12.142833,
            54.209174
          ],
          [
            12.163097,
            54.219916
          ],
          [
            12.18686,
            54.243354
          ],
          [
            12.200938,
            54.248725
          ],
          [
            12.214041,
            54.250963
          ],
          [
            12.289399,
            54.275092
          ],
          [
            12.327322,
            54.293769
          ],
          [
            12.342133,
            54.303941
          ],
          [
            12.378184,
            54.344916
          ],
          [
            12.438324,
            54.395819
          ],
          [
            12.444835,
            54.405463
          ],
          [
            12.486095,
            54.447333
          ],
          [
            12.501964,
            54.473578
          ],
          [
            12.513438,
            54.482245
          ],
          [
            12.533865,
            54.488267
          ],
          [
            12.533865,
            54.482123
          ],
          [
            12.527029,
            54.482123
          ],
          [
            12.54835,
            54.462063
          ],
          [
            12.591482,
            54.451728
          ],
          [
            12.819102,
            54.451728
          ],
          [
            12.856619,
            54.441107
          ],
          [
            12.879649,
            54.448798
          ],
          [
            12.908376,
            54.444648
          ],
          [
            12.921153,
            54.433498
          ],
          [
            12.896332,
            54.420071
          ],
          [
            12.870779,
            54.416815
          ],
          [
            12.763682,
            54.422187
          ],
          [
            12.720958,
            54.431586
          ],
          [
            12.694591,
            54.433661
          ],
          [
            12.686778,
            54.431627
          ],
          [
            12.676117,
            54.422553
          ],
          [
            12.670421,
            54.420071
          ],
          [
            12.650076,
            54.420071
          ],
          [
            12.624197,
            54.422919
          ],
          [
            12.614513,
            54.419745
          ],
          [
            12.608409,
            54.406399
          ],
          [
            12.602224,
            54.413804
          ],
          [
            12.596934,
            54.411933
          ],
          [
            12.588064,
            54.407457
          ],
          [
            12.581716,
            54.406399
          ],
          [
            12.583507,
            54.397854
          ],
          [
            12.587657,
            54.394029
          ],
          [
            12.594005,
            54.392768
          ],
          [
            12.602224,
            54.392076
          ],
          [
            12.598643,
            54.391547
          ],
          [
            12.595876,
            54.391506
          ],
          [
            12.594412,
            54.390204
          ],
          [
            12.594737,
            54.385891
          ],
          [
            12.575531,
            54.391995
          ],
          [
            12.554047,
            54.390815
          ],
          [
            12.535981,
            54.383734
          ],
          [
            12.527029,
            54.37226
          ],
          [
            12.510753,
            54.384263
          ],
          [
            12.490977,
            54.390082
          ],
          [
            12.454763,
            54.392076
          ],
          [
            12.438487,
            54.387519
          ],
          [
            12.424978,
            54.375922
          ],
          [
            12.418468,
            54.360663
          ],
          [
            12.424001,
            54.344916
          ],
          [
            12.409679,
            54.346625
          ],
          [
            12.403819,
            54.34809
          ],
          [
            12.396739,
            54.351752
          ],
          [
            12.389903,
            54.344916
          ],
          [
            12.396495,
            54.332953
          ],
          [
            12.391612,
            54.321112
          ],
          [
            12.37908,
            54.312445
          ],
          [
            12.362559,
            54.310207
          ],
          [
            12.36964,
            54.296576
          ],
          [
            12.37794,
            54.285875
          ],
          [
            12.380138,
            54.277086
          ],
          [
            12.368826,
            54.269192
          ],
          [
            12.412446,
            54.25141
          ],
          [
            12.436778,
            54.247707
          ],
          [
            12.458181,
            54.255561
          ],
          [
            12.442638,
            54.255194
          ],
          [
            12.430837,
            54.258612
          ],
          [
            12.41033,
            54.269192
          ],
          [
            12.41684,
            54.280951
          ],
          [
            12.42628,
            54.289618
          ],
          [
            12.451427,
            54.303941
          ],
          [
            12.457286,
            54.306301
          ],
          [
            12.468272,
            54.308336
          ],
          [
            12.472423,
            54.310207
          ],
          [
            12.475597,
            54.315131
          ],
          [
            12.476573,
            54.327786
          ],
          [
            12.478689,
            54.331855
          ],
          [
            12.495616,
            54.340277
          ],
          [
            12.560557,
            54.358588
          ],
          [
            12.547048,
            54.364488
          ],
          [
            12.540782,
            54.365424
          ],
          [
            12.540782,
            54.37226
          ],
          [
            12.559337,
            54.376288
          ],
          [
            12.566091,
            54.375922
          ],
          [
            12.574229,
            54.37226
          ],
          [
            12.574229,
            54.379096
          ],
          [
            12.592947,
            54.36933
          ],
          [
            12.622732,
            54.373928
          ],
          [
            12.677257,
            54.392076
          ],
          [
            12.675059,
            54.395413
          ],
          [
            12.672374,
            54.402981
          ],
          [
            12.670421,
            54.406399
          ],
          [
            12.680837,
            54.410875
          ],
          [
            12.692556,
            54.413642
          ],
          [
            12.704845,
            54.414618
          ],
          [
            12.71754,
            54.413804
          ],
          [
            12.71754,
            54.406399
          ],
          [
            12.702485,
            54.40412
          ],
          [
            12.692393,
            54.396186
          ],
          [
            12.686534,
            54.384752
          ],
          [
            12.684093,
            54.37226
          ],
          [
            12.696625,
            54.384955
          ],
          [
            12.701182,
            54.391669
          ],
          [
            12.7046,
            54.399604
          ],
          [
            12.713552,
            54.390082
          ],
          [
            12.723806,
            54.381252
          ],
          [
            12.735037,
            54.37816
          ],
          [
            12.746104,
            54.385891
          ],
          [
            12.757823,
            54.379788
          ],
          [
            12.768565,
            54.380072
          ],
          [
            12.778331,
            54.384752
          ],
          [
            12.78712,
            54.392076
          ],
          [
            12.789887,
            54.384345
          ],
          [
            12.794688,
            54.377143
          ],
          [
            12.800955,
            54.370754
          ],
          [
            12.818044,
            54.357978
          ],
          [
            12.821788,
            54.356147
          ],
          [
            12.825369,
            54.357245
          ],
          [
            12.83546,
            54.358588
          ],
          [
            12.854666,
            54.357856
          ],
          [
            12.864757,
            54.359565
          ],
          [
            12.875987,
            54.365424
          ],
          [
            12.884532,
            54.373481
          ],
          [
            12.894867,
            54.389716
          ],
          [
            12.903819,
            54.399604
          ],
          [
            12.929373,
            54.414374
          ],
          [
            12.969086,
            54.429389
          ],
          [
            13.0088,
            54.438056
          ],
          [
            13.03419,
            54.433661
          ],
          [
            13.021495,
            54.426459
          ],
          [
            13.021007,
            54.414537
          ],
          [
            13.028575,
            54.401842
          ],
          [
            13.040375,
            54.392076
          ],
          [
            13.083669,
            54.378974
          ],
          [
            13.095551,
            54.37226
          ],
          [
            13.076671,
            54.352525
          ],
          [
            13.08074,
            54.337144
          ],
          [
            13.109223,
            54.310207
          ],
          [
            13.112071,
            54.299302
          ],
          [
            13.112071,
            54.288479
          ],
          [
            13.114919,
            54.280015
          ],
          [
            13.125987,
            54.276597
          ],
          [
            13.170665,
            54.276597
          ],
          [
            13.170665,
            54.269192
          ],
          [
            13.161306,
            54.269029
          ],
          [
            13.154633,
            54.26732
          ],
          [
            13.143403,
            54.263007
          ],
          [
            13.176117,
            54.264838
          ],
          [
            13.228363,
            54.247382
          ],
          [
            13.263194,
            54.242499
          ],
          [
            13.288829,
            54.23428
          ],
          [
            13.321788,
            54.194525
          ],
          [
            13.348888,
            54.180487
          ],
          [
            13.333344,
            54.174018
          ],
          [
            13.321544,
            54.166815
          ],
          [
            13.346528,
            54.166938
          ],
          [
            13.3838,
            54.178127
          ],
          [
            13.403494,
            54.173651
          ],
          [
            13.395681,
            54.161933
          ],
          [
            13.39088,
            54.157294
          ],
          [
            13.382986,
            54.153144
          ],
          [
            13.394786,
            54.148912
          ],
          [
            13.40211,
            54.151313
          ],
          [
            13.408702,
            54.154608
          ],
          [
            13.417735,
            54.153144
          ],
          [
            13.423188,
            54.148098
          ],
          [
            13.437673,
            54.12519
          ],
          [
            13.450369,
            54.110419
          ],
          [
            13.465099,
            54.098456
          ],
          [
            13.483572,
            54.091295
          ],
          [
            13.507091,
            54.091051
          ],
          [
            13.507091,
            54.097886
          ],
          [
            13.498871,
            54.102484
          ],
          [
            13.487478,
            54.113918
          ],
          [
            13.479259,
            54.118354
          ],
          [
            13.479259,
            54.12519
          ],
          [
            13.602712,
            54.139472
          ],
          [
            13.632335,
            54.147528
          ],
          [
            13.683442,
            54.168036
          ],
          [
            13.711925,
            54.173651
          ],
          [
            13.716482,
            54.168443
          ],
          [
            13.714692,
            54.164049
          ],
          [
            13.708263,
            54.160875
          ],
          [
            13.698253,
            54.159329
          ],
          [
            13.698253,
            54.153144
          ],
          [
            13.72877,
            54.143866
          ],
          [
            13.808116,
            54.104682
          ],
          [
            13.808116,
            54.097886
          ],
          [
            13.793712,
            54.083197
          ],
          [
            13.785492,
            54.06391
          ],
          [
            13.773204,
            54.046332
          ],
          [
            13.746104,
            54.036444
          ],
          [
            13.758149,
            54.030992
          ],
          [
            13.78712,
            54.009101
          ],
          [
            13.797618,
            53.998928
          ],
          [
            13.803477,
            53.996324
          ],
          [
            13.831798,
            53.989244
          ],
          [
            13.838634,
            53.986314
          ],
          [
            13.84311,
            53.97956
          ],
          [
            13.846202,
            53.972235
          ],
          [
            13.849132,
            53.967597
          ],
          [
            13.850271,
            53.964016
          ],
          [
            13.848969,
            53.959459
          ],
          [
            13.848643,
            53.955552
          ],
          [
            13.85255,
            53.953843
          ],
          [
            13.866873,
            53.954657
          ],
          [
            13.870128,
            53.953843
          ],
          [
            13.875499,
            53.951239
          ],
          [
            13.881602,
            53.949042
          ],
          [
            13.88795,
            53.947577
          ],
          [
            13.893565,
            53.947089
          ],
          [
            13.906016,
            53.943061
          ],
          [
            13.907563,
            53.933539
          ],
          [
            13.901378,
            53.922309
          ],
          [
            13.890147,
            53.912909
          ],
          [
            13.818533,
            53.877997
          ],
          [
            13.808116,
            53.865139
          ],
          [
            13.817068,
            53.852932
          ],
          [
            13.835785,
            53.84748
          ],
          [
            13.85434,
            53.844916
          ],
          [
            13.862804,
            53.841254
          ],
          [
            13.869151,
            53.830308
          ],
          [
            13.8838,
            53.817694
          ],
          [
            13.899913,
            53.809149
          ],
          [
            13.910655,
            53.810492
          ],
          [
            13.984223,
            53.773993
          ],
          [
            14.017345,
            53.769517
          ],
          [
            14.033539,
            53.757514
          ],
          [
            14.037446,
            53.755276
          ],
          [
            14.061534,
            53.756415
          ],
          [
            14.068858,
            53.755276
          ],
          [
            14.094005,
            53.746324
          ],
          [
            14.10613,
            53.743354
          ],
          [
            14.186534,
            53.739814
          ],
          [
            14.214692,
            53.744859
          ],
          [
            14.226573,
            53.758694
          ],
          [
            14.234141,
            53.761786
          ],
          [
            14.250173,
            53.759955
          ],
          [
            14.264496,
            53.751614
          ],
          [
            14.267426,
            53.735419
          ],
          [
            14.259532,
            53.727973
          ],
          [
            14.212738,
            53.708075
          ],
          [
            14.225352,
            53.703762
          ],
          [
            14.240001,
            53.700751
          ],
          [
            14.256196,
            53.699449
          ],
          [
            14.263901,
            53.699976
          ],
          [
            14.273692,
            53.700629
          ],
          [
            14.291677,
            53.705268
          ],
          [
            14.304861,
            53.712551
          ],
          [
            14.306163,
            53.720689
          ],
          [
            14.288585,
            53.727973
          ],
          [
            14.29835,
            53.731431
          ],
          [
            14.301606,
            53.734849
          ],
          [
            14.29835,
            53.738267
          ],
          [
            14.288585,
            53.741645
          ],
          [
            14.2942,
            53.749091
          ],
          [
            14.304047,
            53.743883
          ],
          [
            14.318044,
            53.739732
          ],
          [
            14.330414,
            53.734198
          ],
          [
            14.342052,
            53.714911
          ],
          [
            14.356212,
            53.708441
          ],
          [
            14.383556,
            53.700629
          ],
          [
            14.403575,
            53.687812
          ],
          [
            14.414561,
            53.682359
          ],
          [
            14.458669,
            53.677883
          ],
          [
            14.51238,
            53.666449
          ],
          [
            14.531016,
            53.657782
          ],
          [
            14.546235,
            53.644761
          ],
          [
            14.579112,
            53.607245
          ],
          [
            14.590587,
            53.598375
          ],
          [
            14.595876,
            53.601304
          ],
          [
            14.597016,
            53.617336
          ],
          [
            14.601573,
            53.626654
          ],
          [
            14.610037,
            53.632758
          ],
          [
            14.62379,
            53.639228
          ],
          [
            14.623057,
            53.643012
          ],
          [
            14.622813,
            53.646959
          ],
          [
            14.62379,
            53.652818
          ],
          [
            14.613048,
            53.65469
          ],
          [
            14.587413,
            53.656073
          ],
          [
            14.575938,
            53.659654
          ],
          [
            14.544932,
            53.704047
          ],
          [
            14.551443,
            53.726142
          ],
          [
            14.575938,
            53.769517
          ],
          [
            14.587413,
            53.763495
          ],
          [
            14.597341,
            53.765204
          ],
          [
            14.608246,
            53.769029
          ],
          [
            14.62379,
            53.769517
          ],
          [
            14.61671,
            53.794745
          ],
          [
            14.620372,
            53.814846
          ],
          [
            14.627289,
            53.832709
          ],
          [
            14.630626,
            53.851508
          ],
          [
            14.62379,
            53.851508
          ],
          [
            14.621349,
            53.839545
          ],
          [
            14.613536,
            53.83161
          ],
          [
            14.58961,
            53.817328
          ],
          [
            14.595876,
            53.810492
          ],
          [
            14.587087,
            53.812649
          ],
          [
            14.580089,
            53.815334
          ],
          [
            14.574474,
            53.819078
          ],
          [
            14.569102,
            53.824164
          ],
          [
            14.574229,
            53.827094
          ],
          [
            14.583263,
            53.834215
          ],
          [
            14.58961,
            53.837836
          ],
          [
            14.575857,
            53.854804
          ],
          [
            14.552094,
            53.862779
          ],
          [
            14.441173,
            53.869615
          ],
          [
            14.425548,
            53.879828
          ],
          [
            14.438162,
            53.899319
          ],
          [
            14.434906,
            53.901313
          ],
          [
            14.434093,
            53.901597
          ],
          [
            14.433767,
            53.902411
          ],
          [
            14.431895,
            53.906155
          ],
          [
            14.422048,
            53.896145
          ],
          [
            14.414236,
            53.894721
          ],
          [
            14.405772,
            53.897406
          ],
          [
            14.393809,
            53.899319
          ],
          [
            14.385102,
            53.897284
          ],
          [
            14.378266,
            53.89232
          ],
          [
            14.371593,
            53.885891
          ],
          [
            14.363048,
            53.879381
          ],
          [
            14.392914,
            53.875963
          ],
          [
            14.40919,
            53.871568
          ],
          [
            14.417654,
            53.865139
          ],
          [
            14.415701,
            53.853013
          ],
          [
            14.405284,
            53.844184
          ],
          [
            14.392589,
            53.840725
          ],
          [
            14.383556,
            53.844672
          ],
          [
            14.356212,
            53.834459
          ],
          [
            14.342621,
            53.831855
          ],
          [
            14.328298,
            53.831
          ],
          [
            14.328298,
            53.824164
          ],
          [
            14.342052,
            53.82099
          ],
          [
            14.341319,
            53.818915
          ],
          [
            14.328298,
            53.817328
          ],
          [
            14.318858,
            53.818183
          ],
          [
            14.303071,
            53.823065
          ],
          [
            14.291352,
            53.824164
          ],
          [
            14.274669,
            53.830797
          ],
          [
            14.226573,
            53.871975
          ],
          [
            14.203136,
            53.878323
          ],
          [
            14.200819,
            53.878157
          ],
          [
            14.087413,
            53.870429
          ],
          [
            14.065115,
            53.872382
          ],
          [
            14.04835,
            53.879381
          ],
          [
            14.025076,
            53.863837
          ],
          [
            13.99586,
            53.853746
          ],
          [
            13.938487,
            53.844672
          ],
          [
            13.875255,
            53.844062
          ],
          [
            13.840099,
            53.850287
          ],
          [
            13.821788,
            53.865139
          ],
          [
            13.834727,
            53.867987
          ],
          [
            13.855479,
            53.877387
          ],
          [
            13.887706,
            53.881537
          ],
          [
            13.922374,
            53.893378
          ],
          [
            13.931651,
            53.899319
          ],
          [
            13.938975,
            53.928209
          ],
          [
            13.901866,
            53.969794
          ],
          [
            13.90447,
            53.995429
          ],
          [
            13.954845,
            53.993598
          ],
          [
            13.972667,
            53.989244
          ],
          [
            13.965831,
            53.981838
          ],
          [
            13.968272,
            53.976264
          ],
          [
            13.960297,
            53.956732
          ],
          [
            13.958995,
            53.940863
          ],
          [
            13.97462,
            53.957343
          ],
          [
            13.987478,
            53.961412
          ],
          [
            14.027843,
            53.961371
          ],
          [
            14.022634,
            53.95897
          ],
          [
            14.018565,
            53.956366
          ],
          [
            14.01588,
            53.952704
          ],
          [
            14.014334,
            53.947089
          ],
          [
            14.04835,
            53.940863
          ],
          [
            14.040294,
            53.953843
          ],
          [
            14.053071,
            53.97842
          ],
          [
            14.05128,
            54.005072
          ],
          [
            14.037446,
            54.021715
          ],
          [
            14.014334,
            54.016018
          ],
          [
            14.006196,
            54.032294
          ],
          [
            13.995291,
            54.045722
          ],
          [
            13.9817,
            54.056342
          ],
          [
            13.965831,
            54.063788
          ],
          [
            13.946056,
            54.066596
          ],
          [
            13.926117,
            54.064032
          ],
          [
            13.915863,
            54.056383
          ],
          [
            13.924815,
            54.043891
          ],
          [
            13.924815,
            54.036444
          ],
          [
            13.91627,
            54.033637
          ],
          [
            13.907237,
            54.027493
          ],
          [
            13.899913,
            54.019721
          ],
          [
            13.896983,
            54.012274
          ],
          [
            13.89088,
            54.010159
          ],
          [
            13.855968,
            54.002346
          ],
          [
            13.858084,
            54.015774
          ],
          [
            13.865571,
            54.024075
          ],
          [
            13.873546,
            54.029975
          ],
          [
            13.876313,
            54.036444
          ],
          [
            13.871104,
            54.048651
          ],
          [
            13.863617,
            54.049994
          ],
          [
            13.854991,
            54.046332
          ],
          [
            13.823009,
            54.037909
          ],
          [
            13.808279,
            54.026313
          ],
          [
            13.7942,
            54.018134
          ],
          [
            13.774099,
            54.022773
          ],
          [
            13.782074,
            54.042141
          ],
          [
            13.809255,
            54.0751
          ],
          [
            13.814952,
            54.101264
          ],
          [
            13.806163,
            54.116645
          ],
          [
            13.76531,
            54.141913
          ],
          [
            13.75294,
            54.153144
          ],
          [
            13.762218,
            54.164455
          ],
          [
            13.777599,
            54.174018
          ],
          [
            13.796153,
            54.17829
          ],
          [
            13.814952,
            54.173651
          ],
          [
            13.823741,
            54.163967
          ],
          [
            13.844086,
            54.131293
          ],
          [
            13.855968,
            54.118354
          ],
          [
            13.882498,
            54.102444
          ],
          [
            13.948416,
            54.079779
          ],
          [
            13.986176,
            54.071234
          ],
          [
            14.016612,
            54.060004
          ],
          [
            14.192393,
            53.946112
          ],
          [
            14.209483,
            53.938625
          ],
          [
            14.210053,
            53.938463
          ],
          [
            14.226573,
            53.934027
          ],
          [
            14.237478,
            53.928656
          ],
          [
            14.268077,
            53.92182
          ],
          [
            14.367035,
            53.916978
          ],
          [
            14.406749,
            53.92182
          ],
          [
            14.445567,
            53.934027
          ],
          [
            14.517345,
            53.965237
          ],
          [
            14.781912,
            54.034613
          ],
          [
            15.010102,
            54.06981
          ],
          [
            15.288341,
            54.138861
          ],
          [
            15.468516,
            54.167141
          ],
          [
            15.665782,
            54.198432
          ],
          [
            15.859711,
            54.249986
          ],
          [
            16.020844,
            54.261786
          ],
          [
            16.131521,
            54.283515
          ],
          [
            16.118907,
            54.276028
          ],
          [
            16.069347,
            54.263007
          ],
          [
            16.091075,
            54.253974
          ],
          [
            16.17921,
            54.263007
          ],
          [
            16.17921,
            54.269192
          ],
          [
            16.172374,
            54.269192
          ],
          [
            16.172374,
            54.276597
          ],
          [
            16.220063,
            54.276597
          ],
          [
            16.219574,
            54.28148
          ],
          [
            16.218516,
            54.282375
          ],
          [
            16.216645,
            54.28205
          ],
          [
            16.213227,
            54.283515
          ],
          [
            16.21518,
            54.299628
          ],
          [
            16.192149,
            54.300279
          ],
          [
            16.137706,
            54.290269
          ],
          [
            16.17213,
            54.300238
          ],
          [
            16.213552,
            54.316107
          ],
          [
            16.275401,
            54.358588
          ],
          [
            16.262869,
            54.343695
          ],
          [
            16.240489,
            54.330024
          ],
          [
            16.231781,
            54.322577
          ],
          [
            16.240896,
            54.32453
          ],
          [
            16.259044,
            54.326728
          ],
          [
            16.274913,
            54.330471
          ],
          [
            16.288829,
            54.340237
          ],
          [
            16.323904,
            54.349921
          ],
          [
            16.336762,
            54.358588
          ],
          [
            16.32488,
            54.373114
          ],
          [
            16.305024,
            54.373481
          ],
          [
            16.296235,
            54.367255
          ],
          [
            16.281586,
            54.358588
          ],
          [
            16.323985,
            54.401313
          ],
          [
            16.439789,
            54.488267
          ],
          [
            16.439789,
            54.482123
          ],
          [
            16.434418,
            54.472357
          ],
          [
            16.444509,
            54.469875
          ],
          [
            16.460623,
            54.473456
          ],
          [
            16.473399,
            54.482123
          ],
          [
            16.479747,
            54.495551
          ],
          [
            16.473888,
            54.499661
          ],
          [
            16.460948,
            54.496487
          ],
          [
            16.446056,
            54.488267
          ],
          [
            16.466563,
            54.512152
          ],
          [
            16.501313,
            54.532416
          ],
          [
            16.569591,
            54.557196
          ],
          [
            16.778494,
            54.575141
          ],
          [
            16.85963,
            54.59394
          ],
          [
            16.902192,
            54.598131
          ],
          [
            16.939952,
            54.606024
          ],
          [
            17.035818,
            54.66706
          ],
          [
            17.337413,
            54.74901
          ],
          [
            17.715668,
            54.790432
          ],
          [
            17.885427,
            54.824123
          ],
          [
            18.152354,
            54.838324
          ],
          [
            18.316905,
            54.838324
          ],
          [
            18.339529,
            54.833482
          ],
          [
            18.375824,
            54.815131
          ],
          [
            18.389171,
            54.811103
          ],
          [
            18.410167,
            54.808295
          ],
          [
            18.75172,
            54.69009
          ],
          [
            18.813975,
            54.643215
          ],
          [
            18.824067,
            54.632229
          ],
          [
            18.834321,
            54.616685
          ],
          [
            18.835297,
            54.603095
          ],
          [
            18.817638,
            54.598131
          ],
          [
            18.813243,
            54.601549
          ],
          [
            18.80836,
            54.608832
          ],
          [
            18.802257,
            54.616034
          ],
          [
            18.784028,
            54.623521
          ],
          [
            18.771821,
            54.642279
          ],
          [
            18.755382,
            54.654486
          ],
          [
            18.707774,
            54.701239
          ],
          [
            18.698497,
            54.703803
          ],
          [
            18.663422,
            54.707994
          ],
          [
            18.654552,
            54.71015
          ],
          [
            18.64503,
            54.71955
          ],
          [
            18.61671,
            54.725246
          ],
          [
            18.556977,
            54.74901
          ],
          [
            18.49822,
            54.765367
          ],
          [
            18.48878,
            54.773179
          ],
          [
            18.456309,
            54.787665
          ],
          [
            18.447765,
            54.789984
          ],
          [
            18.435557,
            54.786811
          ],
          [
            18.42921,
            54.781684
          ],
          [
            18.41505,
            54.753119
          ],
          [
            18.413097,
            54.746527
          ],
          [
            18.413097,
            54.73192
          ],
          [
            18.418468,
            54.728217
          ],
          [
            18.442393,
            54.721991
          ],
          [
            18.447765,
            54.718248
          ],
          [
            18.459809,
            54.706041
          ],
          [
            18.474457,
            54.687567
          ],
          [
            18.473888,
            54.679918
          ],
          [
            18.470063,
            54.673285
          ],
          [
            18.470388,
            54.666734
          ],
          [
            18.481944,
            54.659613
          ],
          [
            18.475922,
            54.640082
          ],
          [
            18.487315,
            54.631781
          ],
          [
            18.506358,
            54.634101
          ],
          [
            18.52296,
            54.646552
          ],
          [
            18.5171,
            54.62995
          ],
          [
            18.525157,
            54.616685
          ],
          [
            18.537608,
            54.605455
          ],
          [
            18.562836,
            54.560004
          ],
          [
            18.570649,
            54.55036
          ],
          [
            18.566742,
            54.527411
          ],
          [
            18.567556,
            54.48786
          ],
          [
            18.574067,
            54.450385
          ],
          [
            18.588064,
            54.433661
          ],
          [
            18.60377,
            54.430609
          ],
          [
            18.634288,
            54.416938
          ],
          [
            18.649913,
            54.413804
          ],
          [
            18.663341,
            54.412991
          ],
          [
            18.680024,
            54.40998
          ],
          [
            18.694347,
            54.404527
          ],
          [
            18.70045,
            54.395819
          ],
          [
            18.717296,
            54.382025
          ],
          [
            18.885916,
            54.350165
          ],
          [
            18.923188,
            54.348538
          ],
          [
            18.954356,
            54.358588
          ],
          [
            18.962901,
            54.353502
          ],
          [
            18.97462,
            54.349758
          ],
          [
            19.002126,
            54.344916
          ],
          [
            19.377208,
            54.377631
          ],
          [
            19.459972,
            54.401028
          ],
          [
            19.499278,
            54.406399
          ],
          [
            19.531016,
            54.414944
          ],
          [
            19.59254,
            54.452379
          ],
          [
            19.609548,
            54.456732
          ],
          [
            19.60963,
            54.456732
          ],
          [
            19.626475,
            54.461005
          ],
          [
            19.626475,
            54.468451
          ],
          [
            19.73406,
            54.525702
          ],
          [
            19.831879,
            54.598131
          ],
          [
            19.883149,
            54.656195
          ],
          [
            19.888682,
            54.660224
          ],
          [
            19.892833,
            54.661038
          ],
          [
            19.896332,
            54.662177
          ],
          [
            19.900157,
            54.66706
          ],
          [
            19.901052,
            54.671698
          ],
          [
            19.899262,
            54.68301
          ],
          [
            19.900157,
            54.687567
          ],
          [
            19.90561,
            54.69481
          ],
          [
            19.915212,
            54.702541
          ],
          [
            19.930186,
            54.719428
          ],
          [
            19.956309,
            54.756903
          ],
          [
            19.961681,
            54.773179
          ],
          [
            19.958832,
            54.79682
          ],
          [
            19.952322,
            54.816311
          ],
          [
            19.925792,
            54.867133
          ],
          [
            19.922211,
            54.876614
          ],
          [
            19.920665,
            54.889594
          ],
          [
            19.934337,
            54.916938
          ],
          [
            19.940766,
            54.934394
          ],
          [
            19.956716,
            54.95185
          ],
          [
            19.976736,
            54.964586
          ],
          [
            19.99586,
            54.968085
          ],
          [
            20.021658,
            54.951239
          ],
          [
            20.033702,
            54.948188
          ],
          [
            20.074962,
            54.954413
          ],
          [
            20.143565,
            54.951809
          ],
          [
            20.205821,
            54.958441
          ],
          [
            20.365571,
            54.946194
          ],
          [
            20.406993,
            54.951606
          ],
          [
            20.482432,
            54.975531
          ],
          [
            20.634044,
            55.048774
          ],
          [
            20.808442,
            55.176256
          ],
          [
            20.822276,
            55.180976
          ],
          [
            20.924569,
            55.282658
          ],
          [
            20.924815,
            55.282904
          ],
          [
            20.999522,
            55.357001
          ],
          [
            21.041515,
            55.416083
          ],
          [
            21.082367,
            55.497626
          ],
          [
            21.09311,
            55.581692
          ],
          [
            21.099376,
            55.5987
          ],
          [
            21.093923,
            55.603461
          ],
          [
            21.099376,
            55.612982
          ],
          [
            21.090668,
            55.633124
          ],
          [
            21.093516,
            55.695543
          ],
          [
            21.085216,
            55.722846
          ],
          [
            21.117442,
            55.699774
          ],
          [
            21.131521,
            55.655585
          ],
          [
            21.133556,
            55.568305
          ],
          [
            21.131358,
            55.555732
          ],
          [
            21.122081,
            55.539008
          ],
          [
            21.119884,
            55.527045
          ],
          [
            21.119884,
            55.489447
          ],
          [
            21.108409,
            55.47309
          ],
          [
            21.092621,
            55.45661
          ],
          [
            21.087169,
            55.441067
          ],
          [
            21.106212,
            55.427436
          ],
          [
            21.106212,
            55.42121
          ],
          [
            21.091807,
            55.410712
          ],
          [
            21.073497,
            55.391791
          ],
          [
            21.057628,
            55.369452
          ],
          [
            21.050955,
            55.348863
          ],
          [
            21.037852,
            55.328599
          ],
          [
            20.988943,
            55.291327
          ],
          [
            20.989431,
            55.273116
          ],
          [
            20.989513,
            55.270413
          ],
          [
            20.951915,
            55.254706
          ],
          [
            20.941091,
            55.248684
          ],
          [
            20.943126,
            55.245307
          ],
          [
            20.94337,
            55.244534
          ],
          [
            20.937022,
            55.237738
          ],
          [
            20.913097,
            55.233222
          ],
          [
            20.903331,
            55.225816
          ],
          [
            20.905528,
            55.218573
          ],
          [
            20.895274,
            55.216254
          ],
          [
            20.890636,
            55.212592
          ],
          [
            20.888438,
            55.206
          ],
          [
            20.884044,
            55.198065
          ],
          [
            20.876964,
            55.19184
          ],
          [
            20.860688,
            55.181342
          ],
          [
            20.853038,
            55.17414
          ],
          [
            20.834809,
            55.152045
          ],
          [
            20.823741,
            55.143134
          ],
          [
            20.773611,
            55.114488
          ],
          [
            20.687836,
            55.050686
          ],
          [
            20.558116,
            54.981757
          ],
          [
            20.548676,
            54.977973
          ],
          [
            20.539887,
            54.97663
          ],
          [
            20.533376,
            54.973578
          ],
          [
            20.530935,
            54.964667
          ],
          [
            20.533946,
            54.959662
          ],
          [
            20.541352,
            54.952053
          ],
          [
            20.550466,
            54.94477
          ],
          [
            20.558116,
            54.940823
          ],
          [
            20.576915,
            54.93891
          ],
          [
            20.763682,
            54.947699
          ],
          [
            20.805186,
            54.940823
          ],
          [
            20.860362,
            54.911322
          ],
          [
            20.969086,
            54.899807
          ],
          [
            21.039317,
            54.903998
          ],
          [
            21.050955,
            54.910386
          ],
          [
            21.055919,
            54.914455
          ],
          [
            21.066173,
            54.910102
          ],
          [
            21.07602,
            54.903388
          ],
          [
            21.078949,
            54.899807
          ],
          [
            21.090668,
            54.901557
          ],
          [
            21.096934,
            54.905463
          ],
          [
            21.100841,
            54.90998
          ],
          [
            21.106212,
            54.91352
          ],
          [
            21.190278,
            54.926907
          ],
          [
            21.230154,
            54.93891
          ],
          [
            21.243419,
            54.961249
          ],
          [
            21.236339,
            54.98078
          ],
          [
            21.219412,
            55.013251
          ],
          [
            21.195079,
            55.135403
          ],
          [
            21.191905,
            55.143459
          ],
          [
            21.19158,
            55.147162
          ],
          [
            21.183442,
            55.168647
          ],
          [
            21.181326,
            55.171088
          ],
          [
            21.181326,
            55.193345
          ],
          [
            21.183442,
            55.201728
          ],
          [
            21.188813,
            55.208319
          ],
          [
            21.201671,
            55.214423
          ],
          [
            21.210297,
            55.211493
          ],
          [
            21.216645,
            55.205268
          ],
          [
            21.222911,
            55.201483
          ],
          [
            21.236827,
            55.200629
          ],
          [
            21.248871,
            55.201483
          ],
          [
            21.259044,
            55.204983
          ],
          [
            21.267589,
            55.211737
          ],
          [
            21.271332,
            55.220282
          ],
          [
            21.273285,
            55.232652
          ],
          [
            21.272309,
            55.243842
          ],
          [
            21.267589,
            55.248684
          ],
          [
            21.269054,
            55.253567
          ],
          [
            21.264496,
            55.276557
          ],
          [
            21.264415,
            55.284003
          ],
          [
            21.270844,
            55.288031
          ],
          [
            21.278087,
            55.286566
          ],
          [
            21.28533,
            55.287055
          ],
          [
            21.291189,
            55.297065
          ],
          [
            21.289236,
            55.305243
          ],
          [
            21.282481,
            55.31684
          ],
          [
            21.274181,
            55.327338
          ],
          [
            21.267589,
            55.331855
          ],
          [
            21.259451,
            55.336249
          ],
          [
            21.256358,
            55.346747
          ],
          [
            21.257091,
            55.369371
          ],
          [
            21.246593,
            55.370185
          ],
          [
            21.188813,
            55.338609
          ],
          [
            21.18336,
            55.346177
          ],
          [
            21.183279,
            55.348375
          ],
          [
            21.186046,
            55.349189
          ],
          [
            21.224294,
            55.399319
          ],
          [
            21.232758,
            55.406928
          ],
          [
            21.248302,
            55.417873
          ],
          [
            21.248383,
            55.442328
          ],
          [
            21.236583,
            55.482652
          ],
          [
            21.224294,
            55.512397
          ],
          [
            21.222911,
            55.520209
          ],
          [
            21.218516,
            55.523627
          ],
          [
            21.208995,
            55.529608
          ],
          [
            21.199392,
            55.537665
          ],
          [
            21.195079,
            55.547187
          ],
          [
            21.196056,
            55.559394
          ],
          [
            21.197765,
            55.567328
          ],
          [
            21.19809,
            55.574774
          ],
          [
            21.195079,
            55.58511
          ],
          [
            21.157563,
            55.64175
          ],
          [
            21.150157,
            55.659329
          ],
          [
            21.147227,
            55.678168
          ],
          [
            21.140798,
            55.688137
          ],
          [
            21.099376,
            55.729071
          ],
          [
            21.089529,
            55.735256
          ],
          [
            21.08074,
            55.738593
          ],
          [
            21.074392,
            55.74494
          ],
          [
            21.069835,
            55.769721
          ],
          [
            21.060557,
            55.789252
          ],
          [
            21.044688,
            55.873725
          ]
        ]
      }
    },
    {
      "type": "Feature",
      "properties": {
        "name": "Modern coastal island 1",
        "sourceCountry": "DEU",
        "sourceComponent": 1,
        "status": "modern-reference"
      },
      "geometry": {
        "type": "Polygon",
        "coordinates": [
          [
            [
              14.210053,
              53.938463
            ],
            [
              14.193066,
              53.911491
            ],
            [
              14.184798,
              53.908132
            ],
            [
              14.175289,
              53.906478
            ],
            [
              14.192756,
              53.893766
            ],
            [
              14.200819,
              53.878157
            ],
            [
              14.087413,
              53.870429
            ],
            [
              14.065115,
              53.872382
            ],
            [
              14.04835,
              53.879381
            ],
            [
              14.025076,
              53.863837
            ],
            [
              13.99586,
              53.853746
            ],
            [
              13.938487,
              53.844672
            ],
            [
              13.875255,
              53.844062
            ],
            [
              13.840099,
              53.850287
            ],
            [
              13.821788,
              53.865139
            ],
            [
              13.834727,
              53.867987
            ],
            [
              13.855479,
              53.877387
            ],
            [
              13.887706,
              53.881537
            ],
            [
              13.922374,
              53.893378
            ],
            [
              13.931651,
              53.899319
            ],
            [
              13.938975,
              53.928209
            ],
            [
              13.901866,
              53.969794
            ],
            [
              13.90447,
              53.995429
            ],
            [
              13.954845,
              53.993598
            ],
            [
              13.972667,
              53.989244
            ],
            [
              13.965831,
              53.981838
            ],
            [
              13.968272,
              53.976264
            ],
            [
              13.960297,
              53.956732
            ],
            [
              13.958995,
              53.940863
            ],
            [
              13.97462,
              53.957343
            ],
            [
              13.987478,
              53.961412
            ],
            [
              14.027843,
              53.961371
            ],
            [
              14.022634,
              53.95897
            ],
            [
              14.018565,
              53.956366
            ],
            [
              14.01588,
              53.952704
            ],
            [
              14.014334,
              53.947089
            ],
            [
              14.04835,
              53.940863
            ],
            [
              14.040294,
              53.953843
            ],
            [
              14.053071,
              53.97842
            ],
            [
              14.05128,
              54.005072
            ],
            [
              14.037446,
              54.021715
            ],
            [
              14.014334,
              54.016018
            ],
            [
              14.006196,
              54.032294
            ],
            [
              13.995291,
              54.045722
            ],
            [
              13.9817,
              54.056342
            ],
            [
              13.965831,
              54.063788
            ],
            [
              13.946056,
              54.066596
            ],
            [
              13.926117,
              54.064032
            ],
            [
              13.915863,
              54.056383
            ],
            [
              13.924815,
              54.043891
            ],
            [
              13.924815,
              54.036444
            ],
            [
              13.91627,
              54.033637
            ],
            [
              13.907237,
              54.027493
            ],
            [
              13.899913,
              54.019721
            ],
            [
              13.896983,
              54.012274
            ],
            [
              13.89088,
              54.010159
            ],
            [
              13.855968,
              54.002346
            ],
            [
              13.858084,
              54.015774
            ],
            [
              13.865571,
              54.024075
            ],
            [
              13.873546,
              54.029975
            ],
            [
              13.876313,
              54.036444
            ],
            [
              13.871104,
              54.048651
            ],
            [
              13.863617,
              54.049994
            ],
            [
              13.854991,
              54.046332
            ],
            [
              13.823009,
              54.037909
            ],
            [
              13.808279,
              54.026313
            ],
            [
              13.7942,
              54.018134
            ],
            [
              13.774099,
              54.022773
            ],
            [
              13.782074,
              54.042141
            ],
            [
              13.809255,
              54.0751
            ],
            [
              13.814952,
              54.101264
            ],
            [
              13.806163,
              54.116645
            ],
            [
              13.76531,
              54.141913
            ],
            [
              13.75294,
              54.153144
            ],
            [
              13.762218,
              54.164455
            ],
            [
              13.777599,
              54.174018
            ],
            [
              13.796153,
              54.17829
            ],
            [
              13.814952,
              54.173651
            ],
            [
              13.823741,
              54.163967
            ],
            [
              13.844086,
              54.131293
            ],
            [
              13.855968,
              54.118354
            ],
            [
              13.882498,
              54.102444
            ],
            [
              13.948416,
              54.079779
            ],
            [
              13.986176,
              54.071234
            ],
            [
              14.016612,
              54.060004
            ],
            [
              14.192393,
              53.946112
            ],
            [
              14.209483,
              53.938625
            ],
            [
              14.210053,
              53.938463
            ]
          ]
        ]
      }
    },
    {
      "type": "Feature",
      "properties": {
        "name": "Modern coastal island 2",
        "sourceCountry": "DEU",
        "sourceComponent": 2,
        "status": "modern-reference"
      },
      "geometry": {
        "type": "Polygon",
        "coordinates": [
          [
            [
              6.798106,
              53.604438
            ],
            [
              6.775645,
              53.602484
            ],
            [
              6.740896,
              53.593451
            ],
            [
              6.722423,
              53.590766
            ],
            [
              6.722423,
              53.584621
            ],
            [
              6.733572,
              53.582017
            ],
            [
              6.742198,
              53.578355
            ],
            [
              6.749522,
              53.572414
            ],
            [
              6.756521,
              53.562893
            ],
            [
              6.747569,
              53.565985
            ],
            [
              6.73463,
              53.575181
            ],
            [
              6.726085,
              53.577135
            ],
            [
              6.715994,
              53.576077
            ],
            [
              6.701182,
              53.571438
            ],
            [
              6.695079,
              53.570299
            ],
            [
              6.677094,
              53.575629
            ],
            [
              6.663341,
              53.587348
            ],
            [
              6.659516,
              53.599107
            ],
            [
              6.671153,
              53.604438
            ],
            [
              6.747325,
              53.618354
            ],
            [
              6.784679,
              53.620063
            ],
            [
              6.798106,
              53.604438
            ]
          ]
        ]
      }
    },
    {
      "type": "Feature",
      "properties": {
        "name": "Modern coastal island 3",
        "sourceCountry": "DEU",
        "sourceComponent": 3,
        "status": "modern-reference"
      },
      "geometry": {
        "type": "Polygon",
        "coordinates": [
          [
            [
              6.87379,
              53.672756
            ],
            [
              6.910818,
              53.683661
            ],
            [
              7.047048,
              53.694159
            ],
            [
              7.08546,
              53.686998
            ],
            [
              6.87379,
              53.672756
            ]
          ]
        ]
      }
    },
    {
      "type": "Feature",
      "properties": {
        "name": "Modern coastal island 4",
        "sourceCountry": "DEU",
        "sourceComponent": 4,
        "status": "modern-reference"
      },
      "geometry": {
        "type": "Polygon",
        "coordinates": [
          [
            [
              7.133149,
              53.708075
            ],
            [
              7.178966,
              53.724066
            ],
            [
              7.232921,
              53.729438
            ],
            [
              7.346202,
              53.727973
            ],
            [
              7.34669,
              53.723212
            ],
            [
              7.345063,
              53.722073
            ],
            [
              7.342296,
              53.722113
            ],
            [
              7.295746,
              53.711005
            ],
            [
              7.173595,
              53.701402
            ],
            [
              7.133149,
              53.708075
            ]
          ]
        ]
      }
    },
    {
      "type": "Feature",
      "properties": {
        "name": "Modern coastal island 5",
        "sourceCountry": "DEU",
        "sourceComponent": 5,
        "status": "modern-reference"
      },
      "geometry": {
        "type": "Polygon",
        "coordinates": [
          [
            [
              7.366547,
              53.727973
            ],
            [
              7.383067,
              53.734849
            ],
            [
              7.403494,
              53.736721
            ],
            [
              7.422618,
              53.734198
            ],
            [
              7.435557,
              53.727973
            ],
            [
              7.432384,
              53.724066
            ],
            [
              7.429047,
              53.72248
            ],
            [
              7.421235,
              53.721137
            ],
            [
              7.381196,
              53.728502
            ],
            [
              7.366547,
              53.727973
            ]
          ]
        ]
      }
    },
    {
      "type": "Feature",
      "properties": {
        "name": "Modern coastal island 6",
        "sourceCountry": "DEU",
        "sourceComponent": 6,
        "status": "modern-reference"
      },
      "geometry": {
        "type": "Polygon",
        "coordinates": [
          [
            [
              8.120128,
              53.721137
            ],
            [
              8.13266,
              53.734036
            ],
            [
              8.152354,
              53.739163
            ],
            [
              8.174815,
              53.737006
            ],
            [
              8.195974,
              53.727973
            ],
            [
              8.181651,
              53.727973
            ],
            [
              8.171723,
              53.725572
            ],
            [
              8.155772,
              53.716376
            ],
            [
              8.15089,
              53.714301
            ],
            [
              8.142263,
              53.715644
            ],
            [
              8.136729,
              53.717963
            ],
            [
              8.130707,
              53.718451
            ],
            [
              8.120128,
              53.714301
            ],
            [
              8.120128,
              53.721137
            ]
          ]
        ]
      }
    },
    {
      "type": "Feature",
      "properties": {
        "name": "Modern coastal island 7",
        "sourceCountry": "DEU",
        "sourceComponent": 7,
        "status": "modern-reference"
      },
      "geometry": {
        "type": "Polygon",
        "coordinates": [
          [
            [
              7.517426,
              53.762112
            ],
            [
              7.606619,
              53.7626
            ],
            [
              7.62672,
              53.755276
            ],
            [
              7.627208,
              53.750922
            ],
            [
              7.625743,
              53.749945
            ],
            [
              7.623302,
              53.749986
            ],
            [
              7.620616,
              53.749091
            ],
            [
              7.547699,
              53.750434
            ],
            [
              7.513927,
              53.74551
            ],
            [
              7.511241,
              53.727973
            ],
            [
              7.481944,
              53.727118
            ],
            [
              7.472992,
              53.731879
            ],
            [
              7.469574,
              53.745347
            ],
            [
              7.47462,
              53.756822
            ],
            [
              7.48699,
              53.76142
            ],
            [
              7.517426,
              53.762112
            ]
          ]
        ]
      }
    },
    {
      "type": "Feature",
      "properties": {
        "name": "Modern coastal island 8",
        "sourceCountry": "DEU",
        "sourceComponent": 8,
        "status": "modern-reference"
      },
      "geometry": {
        "type": "Polygon",
        "coordinates": [
          [
            [
              7.660899,
              53.762112
            ],
            [
              7.68629,
              53.780992
            ],
            [
              7.728282,
              53.786566
            ],
            [
              7.812836,
              53.783149
            ],
            [
              7.812836,
              53.776353
            ],
            [
              7.798595,
              53.776353
            ],
            [
              7.776215,
              53.767971
            ],
            [
              7.74822,
              53.760932
            ],
            [
              7.719493,
              53.759914
            ],
            [
              7.694998,
              53.769517
            ],
            [
              7.685883,
              53.761786
            ],
            [
              7.677094,
              53.757799
            ],
            [
              7.66863,
              53.75788
            ],
            [
              7.660899,
              53.762112
            ]
          ]
        ]
      }
    },
    {
      "type": "Feature",
      "properties": {
        "name": "Modern coastal island 9",
        "sourceCountry": "DEU",
        "sourceComponent": 9,
        "status": "modern-reference"
      },
      "geometry": {
        "type": "Polygon",
        "coordinates": [
          [
            [
              7.87379,
              53.776353
            ],
            [
              7.854503,
              53.784573
            ],
            [
              7.858897,
              53.79092
            ],
            [
              7.87672,
              53.794867
            ],
            [
              7.897634,
              53.796291
            ],
            [
              7.914073,
              53.795356
            ],
            [
              7.928966,
              53.792548
            ],
            [
              7.955577,
              53.782904
            ],
            [
              7.946056,
              53.784003
            ],
            [
              7.935313,
              53.783149
            ],
            [
              7.89324,
              53.788967
            ],
            [
              7.875255,
              53.788398
            ],
            [
              7.87379,
              53.776353
            ]
          ]
        ]
      }
    },
    {
      "type": "Feature",
      "properties": {
        "name": "Modern coastal island 10",
        "sourceCountry": "DEU",
        "sourceComponent": 10,
        "status": "modern-reference"
      },
      "geometry": {
        "type": "Polygon",
        "coordinates": [
          [
            [
              11.375662,
              53.981838
            ],
            [
              11.390391,
              54.004584
            ],
            [
              11.426606,
              54.022935
            ],
            [
              11.468028,
              54.030951
            ],
            [
              11.497895,
              54.022773
            ],
            [
              11.468272,
              53.970689
            ],
            [
              11.457693,
              53.961371
            ],
            [
              11.445323,
              53.961127
            ],
            [
              11.444509,
              53.968085
            ],
            [
              11.451427,
              53.985541
            ],
            [
              11.447032,
              53.997138
            ],
            [
              11.438731,
              53.99726
            ],
            [
              11.433279,
              53.988756
            ],
            [
              11.437755,
              53.975002
            ],
            [
              11.423106,
              53.967719
            ],
            [
              11.407074,
              53.968207
            ],
            [
              11.390961,
              53.973944
            ],
            [
              11.375662,
              53.981838
            ]
          ]
        ]
      }
    },
    {
      "type": "Feature",
      "properties": {
        "name": "Modern coastal island 11",
        "sourceCountry": "DEU",
        "sourceComponent": 11,
        "status": "modern-reference"
      },
      "geometry": {
        "type": "Polygon",
        "coordinates": [
          [
            [
              11.528494,
              54.0751
            ],
            [
              11.528575,
              54.07746
            ],
            [
              11.533946,
              54.084866
            ],
            [
              11.601899,
              54.104153
            ],
            [
              11.615896,
              54.112128
            ],
            [
              11.598969,
              54.098049
            ],
            [
              11.552745,
              54.073065
            ],
            [
              11.539561,
              54.056952
            ],
            [
              11.533946,
              54.056952
            ],
            [
              11.528494,
              54.0751
            ]
          ]
        ]
      }
    },
    {
      "type": "Feature",
      "properties": {
        "name": "Modern coastal island 12",
        "sourceCountry": "DEU",
        "sourceComponent": 12,
        "status": "modern-reference"
      },
      "geometry": {
        "type": "Polygon",
        "coordinates": [
          [
            [
              8.963145,
              54.523668
            ],
            [
              8.958507,
              54.522447
            ],
            [
              8.956309,
              54.519436
            ],
            [
              8.955821,
              54.51496
            ],
            [
              8.956879,
              54.509426
            ],
            [
              8.938487,
              54.499091
            ],
            [
              8.925792,
              54.486762
            ],
            [
              8.911306,
              54.475491
            ],
            [
              8.88795,
              54.468451
            ],
            [
              8.844493,
              54.466498
            ],
            [
              8.823904,
              54.470852
            ],
            [
              8.812836,
              54.482123
            ],
            [
              8.823741,
              54.485541
            ],
            [
              8.825531,
              54.491197
            ],
            [
              8.820974,
              54.49726
            ],
            [
              8.812836,
              54.501939
            ],
            [
              8.844493,
              54.519721
            ],
            [
              8.879649,
              54.52912
            ],
            [
              8.9192,
              54.530463
            ],
            [
              8.963145,
              54.523668
            ]
          ]
        ]
      }
    },
    {
      "type": "Feature",
      "properties": {
        "name": "Modern coastal island 13",
        "sourceCountry": "DEU",
        "sourceComponent": 13,
        "status": "modern-reference"
      },
      "geometry": {
        "type": "Polygon",
        "coordinates": [
          [
            [
              11.255626,
              54.478705
            ],
            [
              11.31422,
              54.413804
            ],
            [
              11.188487,
              54.426174
            ],
            [
              11.170177,
              54.420071
            ],
            [
              11.174653,
              54.416002
            ],
            [
              11.179047,
              54.414211
            ],
            [
              11.138845,
              54.412665
            ],
            [
              11.112641,
              54.415229
            ],
            [
              11.101329,
              54.423489
            ],
            [
              11.103282,
              54.443834
            ],
            [
              11.098643,
              54.451646
            ],
            [
              11.084321,
              54.454779
            ],
            [
              11.058116,
              54.455268
            ],
            [
              11.047374,
              54.453274
            ],
            [
              11.039887,
              54.447333
            ],
            [
              11.032481,
              54.447333
            ],
            [
              11.029145,
              54.454657
            ],
            [
              11.025727,
              54.458808
            ],
            [
              11.020356,
              54.45897
            ],
            [
              11.008474,
              54.454657
            ],
            [
              11.005707,
              54.468451
            ],
            [
              11.033702,
              54.508857
            ],
            [
              11.072927,
              54.531195
            ],
            [
              11.121267,
              54.535956
            ],
            [
              11.206554,
              54.514472
            ],
            [
              11.232107,
              54.501654
            ],
            [
              11.240001,
              54.495551
            ],
            [
              11.255626,
              54.478705
            ]
          ]
        ]
      }
    },
    {
      "type": "Feature",
      "properties": {
        "name": "Modern coastal island 14",
        "sourceCountry": "DEU",
        "sourceComponent": 14,
        "status": "modern-reference"
      },
      "geometry": {
        "type": "Polygon",
        "coordinates": [
          [
            [
              13.143403,
              54.598131
            ],
            [
              13.118907,
              54.586412
            ],
            [
              13.113129,
              54.570054
            ],
            [
              13.112153,
              54.550686
            ],
            [
              13.10255,
              54.529934
            ],
            [
              13.095225,
              54.524359
            ],
            [
              13.081065,
              54.517157
            ],
            [
              13.075043,
              54.509426
            ],
            [
              13.071462,
              54.499661
            ],
            [
              13.069591,
              54.489651
            ],
            [
              13.068207,
              54.468451
            ],
            [
              13.061371,
              54.468451
            ],
            [
              13.061371,
              54.482123
            ],
            [
              13.06422,
              54.505113
            ],
            [
              13.095551,
              54.570787
            ],
            [
              13.102306,
              54.596096
            ],
            [
              13.10963,
              54.603095
            ],
            [
              13.125987,
              54.605618
            ],
            [
              13.139822,
              54.606024
            ],
            [
              13.151052,
              54.604926
            ],
            [
              13.157237,
              54.599066
            ],
            [
              13.157074,
              54.587958
            ],
            [
              13.156505,
              54.589057
            ],
            [
              13.153656,
              54.591132
            ],
            [
              13.149669,
              54.591376
            ],
            [
              13.149669,
              54.577704
            ],
            [
              13.143403,
              54.577704
            ],
            [
              13.143403,
              54.598131
            ]
          ]
        ]
      }
    },
    {
      "type": "Feature",
      "properties": {
        "name": "Modern coastal island 15",
        "sourceCountry": "DEU",
        "sourceComponent": 15,
        "status": "modern-reference"
      },
      "geometry": {
        "type": "Polygon",
        "coordinates": [
          [
            [
              13.698253,
              54.392076
            ],
            [
              13.724864,
              54.363593
            ],
            [
              13.741954,
              54.350491
            ],
            [
              13.766449,
              54.344916
            ],
            [
              13.753103,
              54.339301
            ],
            [
              13.740082,
              54.32982
            ],
            [
              13.730154,
              54.31684
            ],
            [
              13.726248,
              54.300523
            ],
            [
              13.726248,
              54.284654
            ],
            [
              13.723155,
              54.278388
            ],
            [
              13.712738,
              54.278998
            ],
            [
              13.690929,
              54.283515
            ],
            [
              13.702647,
              54.283515
            ],
            [
              13.711925,
              54.286566
            ],
            [
              13.715994,
              54.29328
            ],
            [
              13.711925,
              54.303941
            ],
            [
              13.705089,
              54.303941
            ],
            [
              13.694835,
              54.297431
            ],
            [
              13.679454,
              54.294013
            ],
            [
              13.663341,
              54.293891
            ],
            [
              13.651134,
              54.297187
            ],
            [
              13.651134,
              54.303941
            ],
            [
              13.688243,
              54.3133
            ],
            [
              13.703624,
              54.320461
            ],
            [
              13.711925,
              54.331855
            ],
            [
              13.659923,
              54.329779
            ],
            [
              13.636729,
              54.325507
            ],
            [
              13.616954,
              54.317613
            ],
            [
              13.67213,
              54.340318
            ],
            [
              13.690929,
              54.344916
            ],
            [
              13.690929,
              54.351752
            ],
            [
              13.664073,
              54.353258
            ],
            [
              13.650076,
              54.352444
            ],
            [
              13.64031,
              54.348334
            ],
            [
              13.626801,
              54.339097
            ],
            [
              13.618337,
              54.341376
            ],
            [
              13.610606,
              54.347968
            ],
            [
              13.599294,
              54.351752
            ],
            [
              13.499685,
              54.344916
            ],
            [
              13.481781,
              54.338284
            ],
            [
              13.428884,
              54.31094
            ],
            [
              13.417735,
              54.300523
            ],
            [
              13.406098,
              54.285224
            ],
            [
              13.381602,
              54.282213
            ],
            [
              13.35963,
              54.275458
            ],
            [
              13.355724,
              54.248725
            ],
            [
              13.369395,
              54.255561
            ],
            [
              13.36964,
              54.260647
            ],
            [
              13.367524,
              54.261949
            ],
            [
              13.364757,
              54.26203
            ],
            [
              13.363129,
              54.263007
            ],
            [
              13.410899,
              54.26789
            ],
            [
              13.417735,
              54.266059
            ],
            [
              13.425059,
              54.243232
            ],
            [
              13.423025,
              54.232733
            ],
            [
              13.407237,
              54.228217
            ],
            [
              13.378673,
              54.230862
            ],
            [
              13.347016,
              54.237454
            ],
            [
              13.311534,
              54.251125
            ],
            [
              13.319509,
              54.256415
            ],
            [
              13.32488,
              54.268215
            ],
            [
              13.335216,
              54.283515
            ],
            [
              13.320567,
              54.278388
            ],
            [
              13.313975,
              54.2744
            ],
            [
              13.307872,
              54.269192
            ],
            [
              13.31186,
              54.266425
            ],
            [
              13.314708,
              54.263007
            ],
            [
              13.294688,
              54.264106
            ],
            [
              13.28419,
              54.262844
            ],
            [
              13.276866,
              54.259263
            ],
            [
              13.267914,
              54.256496
            ],
            [
              13.257986,
              54.260443
            ],
            [
              13.24879,
              54.266262
            ],
            [
              13.242442,
              54.269192
            ],
            [
              13.227794,
              54.270819
            ],
            [
              13.210134,
              54.275824
            ],
            [
              13.199229,
              54.28441
            ],
            [
              13.204845,
              54.297187
            ],
            [
              13.190278,
              54.29975
            ],
            [
              13.159679,
              54.290961
            ],
            [
              13.149669,
              54.290269
            ],
            [
              13.142833,
              54.298
            ],
            [
              13.148936,
              54.304755
            ],
            [
              13.162283,
              54.307685
            ],
            [
              13.177501,
              54.303941
            ],
            [
              13.177501,
              54.310207
            ],
            [
              13.115489,
              54.33808
            ],
            [
              13.129242,
              54.359565
            ],
            [
              13.148936,
              54.377265
            ],
            [
              13.174327,
              54.383979
            ],
            [
              13.204845,
              54.37226
            ],
            [
              13.211681,
              54.379096
            ],
            [
              13.223318,
              54.372504
            ],
            [
              13.237153,
              54.373969
            ],
            [
              13.266856,
              54.385891
            ],
            [
              13.25115,
              54.386908
            ],
            [
              13.239268,
              54.393622
            ],
            [
              13.234386,
              54.403388
            ],
            [
              13.239024,
              54.413804
            ],
            [
              13.239024,
              54.420071
            ],
            [
              13.225352,
              54.420844
            ],
            [
              13.217947,
              54.425686
            ],
            [
              13.211599,
              54.431098
            ],
            [
              13.201427,
              54.433661
            ],
            [
              13.156993,
              54.426825
            ],
            [
              13.174327,
              54.447659
            ],
            [
              13.181814,
              54.45303
            ],
            [
              13.208832,
              54.456936
            ],
            [
              13.239024,
              54.466254
            ],
            [
              13.259532,
              54.468451
            ],
            [
              13.259532,
              54.475287
            ],
            [
              13.260753,
              54.475491
            ],
            [
              13.266856,
              54.477484
            ],
            [
              13.273123,
              54.482123
            ],
            [
              13.245372,
              54.488349
            ],
            [
              13.233246,
              54.493069
            ],
            [
              13.225352,
              54.501939
            ],
            [
              13.22877,
              54.504299
            ],
            [
              13.231944,
              54.506008
            ],
            [
              13.233653,
              54.509223
            ],
            [
              13.232758,
              54.516262
            ],
            [
              13.203298,
              54.509467
            ],
            [
              13.185395,
              54.508287
            ],
            [
              13.177501,
              54.512844
            ],
            [
              13.175304,
              54.516018
            ],
            [
              13.170665,
              54.516791
            ],
            [
              13.166026,
              54.51911
            ],
            [
              13.163829,
              54.526801
            ],
            [
              13.162608,
              54.535468
            ],
            [
              13.158865,
              54.540676
            ],
            [
              13.152354,
              54.542955
            ],
            [
              13.143403,
              54.542914
            ],
            [
              13.166352,
              54.549384
            ],
            [
              13.242931,
              54.555976
            ],
            [
              13.259532,
              54.553778
            ],
            [
              13.264903,
              54.547797
            ],
            [
              13.276541,
              54.545071
            ],
            [
              13.288259,
              54.539944
            ],
            [
              13.29363,
              54.526801
            ],
            [
              13.297862,
              54.51968
            ],
            [
              13.305512,
              54.523424
            ],
            [
              13.309255,
              54.534817
            ],
            [
              13.301036,
              54.55036
            ],
            [
              13.31544,
              54.561957
            ],
            [
              13.333669,
              54.573065
            ],
            [
              13.35255,
              54.581448
            ],
            [
              13.369395,
              54.58515
            ],
            [
              13.358246,
              54.564765
            ],
            [
              13.350759,
              54.555976
            ],
            [
              13.342052,
              54.55036
            ],
            [
              13.348399,
              54.550482
            ],
            [
              13.353852,
              54.549872
            ],
            [
              13.358653,
              54.547553
            ],
            [
              13.363129,
              54.542914
            ],
            [
              13.358084,
              54.538153
            ],
            [
              13.348888,
              54.523668
            ],
            [
              13.363292,
              54.523139
            ],
            [
              13.374848,
              54.52558
            ],
            [
              13.3838,
              54.531887
            ],
            [
              13.389822,
              54.542914
            ],
            [
              13.381358,
              54.544379
            ],
            [
              13.371837,
              54.548896
            ],
            [
              13.363129,
              54.55036
            ],
            [
              13.363129,
              54.557196
            ],
            [
              13.37672,
              54.564643
            ],
            [
              13.387869,
              54.551256
            ],
            [
              13.405528,
              54.538235
            ],
            [
              13.417328,
              54.524563
            ],
            [
              13.410899,
              54.509426
            ],
            [
              13.430675,
              54.492743
            ],
            [
              13.455577,
              54.487494
            ],
            [
              13.507091,
              54.488267
            ],
            [
              13.499685,
              54.495754
            ],
            [
              13.509288,
              54.508979
            ],
            [
              13.514171,
              54.513129
            ],
            [
              13.520763,
              54.516262
            ],
            [
              13.520763,
              54.523668
            ],
            [
              13.51295,
              54.537543
            ],
            [
              13.507498,
              54.544664
            ],
            [
              13.499685,
              54.55036
            ],
            [
              13.499685,
              54.557196
            ],
            [
              13.505544,
              54.559719
            ],
            [
              13.5088,
              54.561835
            ],
            [
              13.512869,
              54.563544
            ],
            [
              13.520763,
              54.564643
            ],
            [
              13.520763,
              54.570787
            ],
            [
              13.508311,
              54.57038
            ],
            [
              13.500255,
              54.566067
            ],
            [
              13.493907,
              54.560736
            ],
            [
              13.486583,
              54.557196
            ],
            [
              13.475759,
              54.556098
            ],
            [
              13.441417,
              54.557196
            ],
            [
              13.436046,
              54.56037
            ],
            [
              13.430675,
              54.56745
            ],
            [
              13.423839,
              54.57453
            ],
            [
              13.414317,
              54.577704
            ],
            [
              13.399262,
              54.579576
            ],
            [
              13.393077,
              54.58454
            ],
            [
              13.389659,
              54.591051
            ],
            [
              13.382986,
              54.598131
            ],
            [
              13.371349,
              54.6081
            ],
            [
              13.369151,
              54.612128
            ],
            [
              13.355724,
              54.605618
            ],
            [
              13.347911,
              54.600816
            ],
            [
              13.331798,
              54.587836
            ],
            [
              13.30836,
              54.579576
            ],
            [
              13.291352,
              54.568793
            ],
            [
              13.273285,
              54.56094
            ],
            [
              13.253266,
              54.564643
            ],
            [
              13.249766,
              54.576483
            ],
            [
              13.256847,
              54.594916
            ],
            [
              13.269867,
              54.611802
            ],
            [
              13.283946,
              54.619289
            ],
            [
              13.286957,
              54.623521
            ],
            [
              13.29127,
              54.632961
            ],
            [
              13.293468,
              54.642279
            ],
            [
              13.290538,
              54.646552
            ],
            [
              13.24586,
              54.639797
            ],
            [
              13.231212,
              54.633857
            ],
            [
              13.224783,
              54.634955
            ],
            [
              13.225352,
              54.646552
            ],
            [
              13.230968,
              54.653306
            ],
            [
              13.241547,
              54.65998
            ],
            [
              13.253591,
              54.665025
            ],
            [
              13.390798,
              54.688178
            ],
            [
              13.418712,
              54.688422
            ],
            [
              13.445079,
              54.68008
            ],
            [
              13.445079,
              54.673896
            ],
            [
              13.429698,
              54.666734
            ],
            [
              13.409028,
              54.659817
            ],
            [
              13.39088,
              54.650539
            ],
            [
              13.382986,
              54.636379
            ],
            [
              13.385997,
              54.618638
            ],
            [
              13.394542,
              54.604438
            ],
            [
              13.407725,
              54.593411
            ],
            [
              13.424571,
              54.58515
            ],
            [
              13.466319,
              54.57689
            ],
            [
              13.595958,
              54.591376
            ],
            [
              13.640473,
              54.585679
            ],
            [
              13.670665,
              54.56623
            ],
            [
              13.677257,
              54.540473
            ],
            [
              13.651134,
              54.516262
            ],
            [
              13.606781,
              54.498969
            ],
            [
              13.584809,
              54.486518
            ],
            [
              13.57545,
              54.471869
            ],
            [
              13.579112,
              54.455064
            ],
            [
              13.587901,
              54.437567
            ],
            [
              13.599132,
              54.422675
            ],
            [
              13.609548,
              54.413804
            ],
            [
              13.630056,
              54.407538
            ],
            [
              13.677419,
              54.400824
            ],
            [
              13.698253,
              54.392076
            ]
          ]
        ]
      }
    },
    {
      "type": "Feature",
      "properties": {
        "name": "Modern coastal island 16",
        "sourceCountry": "DEU",
        "sourceComponent": 16,
        "status": "modern-reference"
      },
      "geometry": {
        "type": "Polygon",
        "coordinates": [
          [
            [
              8.332367,
              54.693793
            ],
            [
              8.382335,
              54.639146
            ],
            [
              8.401378,
              54.632961
            ],
            [
              8.387706,
              54.626125
            ],
            [
              8.353689,
              54.618964
            ],
            [
              8.330251,
              54.631415
            ],
            [
              8.311371,
              54.651353
            ],
            [
              8.291515,
              54.66706
            ],
            [
              8.320486,
              54.698717
            ],
            [
              8.33839,
              54.71015
            ],
            [
              8.360362,
              54.71483
            ],
            [
              8.360688,
              54.710028
            ],
            [
              8.359141,
              54.70893
            ],
            [
              8.356293,
              54.709174
            ],
            [
              8.353526,
              54.707994
            ],
            [
              8.342459,
              54.701402
            ],
            [
              8.332367,
              54.693793
            ]
          ]
        ]
      }
    },
    {
      "type": "Feature",
      "properties": {
        "name": "Modern coastal island 17",
        "sourceCountry": "DEU",
        "sourceComponent": 17,
        "status": "modern-reference"
      },
      "geometry": {
        "type": "Polygon",
        "coordinates": [
          [
            [
              8.497569,
              54.756415
            ],
            [
              8.553233,
              54.754462
            ],
            [
              8.575938,
              54.746405
            ],
            [
              8.593761,
              54.728502
            ],
            [
              8.593761,
              54.721666
            ],
            [
              8.58546,
              54.713609
            ],
            [
              8.574067,
              54.694403
            ],
            [
              8.565766,
              54.687567
            ],
            [
              8.552094,
              54.685004
            ],
            [
              8.535167,
              54.686184
            ],
            [
              8.519867,
              54.689602
            ],
            [
              8.511241,
              54.693793
            ],
            [
              8.485199,
              54.688056
            ],
            [
              8.45281,
              54.693834
            ],
            [
              8.394542,
              54.71483
            ],
            [
              8.414236,
              54.735785
            ],
            [
              8.436778,
              54.748481
            ],
            [
              8.464122,
              54.754788
            ],
            [
              8.497569,
              54.756415
            ]
          ]
        ]
      }
    },
    {
      "type": "Feature",
      "properties": {
        "name": "Modern coastal island 18",
        "sourceCountry": "DEU",
        "sourceComponent": 18,
        "status": "modern-reference"
      },
      "geometry": {
        "type": "Polygon",
        "coordinates": [
          [
            [
              8.360362,
              54.948188
            ],
            [
              8.354503,
              54.912746
            ],
            [
              8.388357,
              54.894232
            ],
            [
              8.436534,
              54.887274
            ],
            [
              8.65447,
              54.893622
            ],
            [
              8.629405,
              54.882148
            ],
            [
              8.504405,
              54.886176
            ],
            [
              8.48878,
              54.881293
            ],
            [
              8.461192,
              54.868801
            ],
            [
              8.446056,
              54.866278
            ],
            [
              8.377126,
              54.866278
            ],
            [
              8.370616,
              54.868232
            ],
            [
              8.36199,
              54.876939
            ],
            [
              8.353526,
              54.87934
            ],
            [
              8.343923,
              54.879096
            ],
            [
              8.337413,
              54.87759
            ],
            [
              8.30714,
              54.865383
            ],
            [
              8.302013,
              54.862616
            ],
            [
              8.299327,
              54.855292
            ],
            [
              8.297862,
              54.835598
            ],
            [
              8.294932,
              54.831529
            ],
            [
              8.29835,
              54.776923
            ],
            [
              8.295746,
              54.759101
            ],
            [
              8.290701,
              54.745307
            ],
            [
              8.284434,
              54.742377
            ],
            [
              8.277843,
              54.756415
            ],
            [
              8.277029,
              54.782782
            ],
            [
              8.288585,
              54.891303
            ],
            [
              8.298025,
              54.912543
            ],
            [
              8.373709,
              55.03498
            ],
            [
              8.415782,
              55.065334
            ],
            [
              8.46339,
              55.050686
            ],
            [
              8.402354,
              55.048774
            ],
            [
              8.394542,
              55.04385
            ],
            [
              8.422211,
              55.042182
            ],
            [
              8.430431,
              55.030015
            ],
            [
              8.42156,
              55.016262
            ],
            [
              8.38087,
              55.003079
            ],
            [
              8.36199,
              54.986802
            ],
            [
              8.351573,
              54.966742
            ],
            [
              8.360362,
              54.948188
            ]
          ]
        ]
      }
    },
    {
      "type": "Feature",
      "properties": {
        "name": "Modern coastal island 19",
        "sourceCountry": "DEU",
        "sourceComponent": 19,
        "status": "modern-reference"
      },
      "geometry": {
        "type": "Polygon",
        "coordinates": [
          [
            [
              8.634532,
              54.542629
            ],
            [
              8.698904,
              54.55858
            ],
            [
              8.700938,
              54.547756
            ],
            [
              8.692882,
              54.523261
            ],
            [
              8.66977,
              54.501899
            ],
            [
              8.641287,
              54.492377
            ],
            [
              8.618826,
              54.492621
            ],
            [
              8.60613,
              54.499213
            ],
            [
              8.595876,
              54.513658
            ],
            [
              8.602061,
              54.529771
            ],
            [
              8.620128,
              54.537909
            ],
            [
              8.627452,
              54.539944
            ],
            [
              8.634532,
              54.542629
            ]
          ]
        ]
      }
    },
    {
      "type": "Feature",
      "properties": {
        "name": "Als",
        "sourceCountry": "DNK",
        "sourceComponent": 4,
        "status": "modern-reference",
        "historicalStatus": "German Empire in 1914"
      },
      "geometry": {
        "type": "Polygon",
        "coordinates": [
          [
            [
              10.011404,
              54.975531
            ],
            [
              10.02589,
              54.959784
            ],
            [
              10.065115,
              54.890815
            ],
            [
              10.064464,
              54.881008
            ],
            [
              10.050466,
              54.878852
            ],
            [
              10.021983,
              54.87934
            ],
            [
              10.007091,
              54.874823
            ],
            [
              9.987559,
              54.865912
            ],
            [
              9.968028,
              54.859524
            ],
            [
              9.953624,
              54.862616
            ],
            [
              9.937185,
              54.870917
            ],
            [
              9.891124,
              54.879299
            ],
            [
              9.874278,
              54.886176
            ],
            [
              9.874278,
              54.893012
            ],
            [
              9.90089,
              54.900702
            ],
            [
              9.932302,
              54.892808
            ],
            [
              9.963878,
              54.87995
            ],
            [
              9.991547,
              54.872504
            ],
            [
              9.991547,
              54.87934
            ],
            [
              9.943696,
              54.903632
            ],
            [
              9.898285,
              54.912991
            ],
            [
              9.88795,
              54.91352
            ],
            [
              9.87794,
              54.911322
            ],
            [
              9.863536,
              54.903062
            ],
            [
              9.85377,
              54.899807
            ],
            [
              9.814708,
              54.901068
            ],
            [
              9.780935,
              54.916815
            ],
            [
              9.761241,
              54.943061
            ],
            [
              9.764415,
              54.975531
            ],
            [
              9.758149,
              54.975531
            ],
            [
              9.758149,
              54.981757
            ],
            [
              9.780284,
              54.972846
            ],
            [
              9.804047,
              54.95718
            ],
            [
              9.827403,
              54.945461
            ],
            [
              9.847504,
              54.948188
            ],
            [
              9.843272,
              54.951728
            ],
            [
              9.836681,
              54.958564
            ],
            [
              9.832774,
              54.965155
            ],
            [
              9.836681,
              54.968085
            ],
            [
              9.842133,
              54.970282
            ],
            [
              9.835216,
              54.975165
            ],
            [
              9.793712,
              54.992174
            ],
            [
              9.786794,
              55.000149
            ],
            [
              9.799083,
              55.009711
            ],
            [
              9.799083,
              55.016547
            ],
            [
              9.720551,
              55.012274
            ],
            [
              9.706879,
              55.013129
            ],
            [
              9.696951,
              55.017524
            ],
            [
              9.684825,
              55.018541
            ],
            [
              9.674164,
              55.021064
            ],
            [
              9.668793,
              55.030219
            ],
            [
              9.672374,
              55.034654
            ],
            [
              9.691254,
              55.042792
            ],
            [
              9.696625,
              55.050686
            ],
            [
              9.678233,
              55.050198
            ],
            [
              9.661632,
              55.046536
            ],
            [
              9.645518,
              55.044867
            ],
            [
              9.628429,
              55.050686
            ],
            [
              9.628429,
              55.058051
            ],
            [
              9.716645,
              55.082221
            ],
            [
              9.751964,
              55.085395
            ],
            [
              9.793468,
              55.080756
            ],
            [
              9.853038,
              55.040107
            ],
            [
              9.884776,
              55.030219
            ],
            [
              9.929047,
              55.02619
            ],
            [
              9.960948,
              55.015041
            ],
            [
              9.986583,
              54.997748
            ],
            [
              10.011404,
              54.975531
            ]
          ]
        ]
      }
    },
    {
      "type": "Feature",
      "properties": {
        "name": "Helgoland",
        "source": "OSM relation 3787052",
        "status": "modern-hires-override"
      },
      "geometry": {
        "type": "Polygon",
        "coordinates": [
          [
            [
              7.8992145,
              54.1719173
            ],
            [
              7.8982081,
              54.172147
            ],
            [
              7.8980852,
              54.1721751
            ],
            [
              7.8980556,
              54.1722209
            ],
            [
              7.8981139,
              54.1722995
            ],
            [
              7.898241,
              54.1722688
            ],
            [
              7.8983343,
              54.1722463
            ],
            [
              7.898279,
              54.1721676
            ],
            [
              7.8991971,
              54.1719537
            ],
            [
              7.8995243,
              54.1720249
            ],
            [
              7.9000276,
              54.1726686
            ],
            [
              7.8996243,
              54.1739672
            ],
            [
              7.899588,
              54.1740806
            ],
            [
              7.89924,
              54.1751662
            ],
            [
              7.8970842,
              54.1759831
            ],
            [
              7.8968984,
              54.1760535
            ],
            [
              7.8963357,
              54.1753537
            ],
            [
              7.8963071,
              54.1753387
            ],
            [
              7.8962675,
              54.1753311
            ],
            [
              7.8962319,
              54.1753317
            ],
            [
              7.8961944,
              54.1753421
            ],
            [
              7.8961647,
              54.1753612
            ],
            [
              7.8961607,
              54.1753815
            ],
            [
              7.8961763,
              54.1754066
            ],
            [
              7.8962911,
              54.1755487
            ],
            [
              7.8967418,
              54.1761168
            ],
            [
              7.8953395,
              54.1766477
            ],
            [
              7.8946549,
              54.1769121
            ],
            [
              7.8946702,
              54.1769263
            ],
            [
              7.8945529,
              54.1769701
            ],
            [
              7.894541,
              54.1769599
            ],
            [
              7.8945068,
              54.1769723
            ],
            [
              7.8944712,
              54.1769478
            ],
            [
              7.8943991,
              54.1769645
            ],
            [
              7.8943438,
              54.1769923
            ],
            [
              7.8942706,
              54.1769933
            ],
            [
              7.8940993,
              54.1770463
            ],
            [
              7.8935041,
              54.1772907
            ],
            [
              7.8931769,
              54.1773739
            ],
            [
              7.8928271,
              54.1771538
            ],
            [
              7.8927985,
              54.1771359
            ],
            [
              7.8927738,
              54.1771205
            ],
            [
              7.8917854,
              54.1765024
            ],
            [
              7.8921311,
              54.1762941
            ],
            [
              7.8942239,
              54.1750248
            ],
            [
              7.8942543,
              54.1750064
            ],
            [
              7.8950605,
              54.175075
            ],
            [
              7.8957052,
              54.1751303
            ],
            [
              7.8957605,
              54.1751284
            ],
            [
              7.8958057,
              54.1751061
            ],
            [
              7.8958189,
              54.1750763
            ],
            [
              7.895798,
              54.1750426
            ],
            [
              7.8957404,
              54.1750259
            ],
            [
              7.8950861,
              54.1749664
            ],
            [
              7.894361,
              54.1748995
            ],
            [
              7.8934009,
              54.1743582
            ],
            [
              7.8947525,
              54.1735457
            ],
            [
              7.8947534,
              54.1735289
            ],
            [
              7.8946576,
              54.1734763
            ],
            [
              7.894621,
              54.1734797
            ],
            [
              7.8945165,
              54.1735431
            ],
            [
              7.894508,
              54.1735482
            ],
            [
              7.8944414,
              54.1735882
            ],
            [
              7.8938779,
              54.173927
            ],
            [
              7.8932942,
              54.1742778
            ],
            [
              7.8931844,
              54.174217
            ],
            [
              7.8931666,
              54.174224
            ],
            [
              7.8924176,
              54.173812
            ],
            [
              7.8911706,
              54.1731261
            ],
            [
              7.8911145,
              54.1731572
            ],
            [
              7.8910681,
              54.1730318
            ],
            [
              7.8908736,
              54.1729689
            ],
            [
              7.890396,
              54.1728398
            ],
            [
              7.8902947,
              54.172844
            ],
            [
              7.8902322,
              54.1728194
            ],
            [
              7.8901024,
              54.1727621
            ],
            [
              7.8900735,
              54.1727537
            ],
            [
              7.8897959,
              54.1726289
            ],
            [
              7.8897752,
              54.1726282
            ],
            [
              7.8896782,
              54.1725779
            ],
            [
              7.889624,
              54.1725413
            ],
            [
              7.8895603,
              54.1725097
            ],
            [
              7.8894779,
              54.1724904
            ],
            [
              7.8897522,
              54.172285
            ],
            [
              7.8898219,
              54.1722424
            ],
            [
              7.8900926,
              54.172081
            ],
            [
              7.8909281,
              54.1699984
            ],
            [
              7.891289,
              54.1699612
            ],
            [
              7.8940808,
              54.1696737
            ],
            [
              7.8954863,
              54.1695273
            ],
            [
              7.8956527,
              54.1695128
            ],
            [
              7.8957626,
              54.1695085
            ],
            [
              7.8959182,
              54.1695203
            ],
            [
              7.8960173,
              54.1695432
            ],
            [
              7.8961478,
              54.169589
            ],
            [
              7.8986207,
              54.1706117
            ],
            [
              7.8985985,
              54.170631
            ],
            [
              7.8986559,
              54.1706558
            ],
            [
              7.8986757,
              54.1706403
            ],
            [
              7.898818,
              54.1707035
            ],
            [
              7.8988042,
              54.1707162
            ],
            [
              7.8988789,
              54.170747
            ],
            [
              7.8989193,
              54.1707462
            ],
            [
              7.8989846,
              54.1706981
            ],
            [
              7.8989846,
              54.1706767
            ],
            [
              7.8987393,
              54.1705683
            ],
            [
              7.8979041,
              54.1702306
            ],
            [
              7.8960904,
              54.1694744
            ],
            [
              7.8959808,
              54.1694454
            ],
            [
              7.8958477,
              54.1694347
            ],
            [
              7.8956789,
              54.1694285
            ],
            [
              7.8955946,
              54.1694373
            ],
            [
              7.8955449,
              54.1694081
            ],
            [
              7.8951642,
              54.1694589
            ],
            [
              7.8950127,
              54.1694671
            ],
            [
              7.8947385,
              54.1694928
            ],
            [
              7.894569,
              54.1695103
            ],
            [
              7.8942286,
              54.1695507
            ],
            [
              7.8937501,
              54.1695865
            ],
            [
              7.8933111,
              54.1696451
            ],
            [
              7.8933084,
              54.1696666
            ],
            [
              7.8921838,
              54.1697855
            ],
            [
              7.8921093,
              54.1697669
            ],
            [
              7.8914998,
              54.1698238
            ],
            [
              7.8914104,
              54.1698721
            ],
            [
              7.8912235,
              54.169861
            ],
            [
              7.8909532,
              54.1698986
            ],
            [
              7.8909169,
              54.1699233
            ],
            [
              7.8907658,
              54.1699382
            ],
            [
              7.8906801,
              54.1699498
            ],
            [
              7.8906124,
              54.1699631
            ],
            [
              7.890551,
              54.1699819
            ],
            [
              7.8904855,
              54.170002
            ],
            [
              7.8904728,
              54.1699904
            ],
            [
              7.8904482,
              54.1699972
            ],
            [
              7.8904714,
              54.1699383
            ],
            [
              7.8906766,
              54.1694043
            ],
            [
              7.8906921,
              54.1693387
            ],
            [
              7.8906515,
              54.1693327
            ],
            [
              7.8906261,
              54.1693186
            ],
            [
              7.8905574,
              54.1693099
            ],
            [
              7.8904954,
              54.1694712
            ],
            [
              7.8904494,
              54.16954
            ],
            [
              7.8904427,
              54.169594
            ],
            [
              7.8904194,
              54.1696329
            ],
            [
              7.8902987,
              54.1699529
            ],
            [
              7.8902821,
              54.1700135
            ],
            [
              7.8903656,
              54.1700237
            ],
            [
              7.8903179,
              54.1701866
            ],
            [
              7.890238,
              54.1701794
            ],
            [
              7.8902386,
              54.1701733
            ],
            [
              7.8902251,
              54.1701728
            ],
            [
              7.8902071,
              54.1701923
            ],
            [
              7.8901891,
              54.1702699
            ],
            [
              7.8901597,
              54.1703657
            ],
            [
              7.8901772,
              54.1703924
            ],
            [
              7.8902192,
              54.1703805
            ],
            [
              7.8902154,
              54.1703712
            ],
            [
              7.8902499,
              54.1703644
            ],
            [
              7.8902735,
              54.1703176
            ],
            [
              7.8903417,
              54.170291
            ],
            [
              7.8903526,
              54.1702504
            ],
            [
              7.8903777,
              54.1702403
            ],
            [
              7.8904301,
              54.1701774
            ],
            [
              7.8904571,
              54.1701641
            ],
            [
              7.8904751,
              54.1701442
            ],
            [
              7.8904688,
              54.170139
            ],
            [
              7.8905428,
              54.1700799
            ],
            [
              7.8906039,
              54.1700573
            ],
            [
              7.8906697,
              54.1700414
            ],
            [
              7.8907331,
              54.1700315
            ],
            [
              7.8899682,
              54.17204
            ],
            [
              7.8895888,
              54.1722678
            ],
            [
              7.8896656,
              54.1720646
            ],
            [
              7.8896953,
              54.1720665
            ],
            [
              7.8897113,
              54.1720232
            ],
            [
              7.8896824,
              54.1720192
            ],
            [
              7.8897427,
              54.1718657
            ],
            [
              7.8897541,
              54.171866
            ],
            [
              7.8897619,
              54.1718414
            ],
            [
              7.8897598,
              54.1718168
            ],
            [
              7.8897836,
              54.1718022
            ],
            [
              7.8897383,
              54.1717743
            ],
            [
              7.8897173,
              54.171788
            ],
            [
              7.8897294,
              54.1717963
            ],
            [
              7.8896579,
              54.1717969
            ],
            [
              7.889652,
              54.1718237
            ],
            [
              7.8896189,
              54.17182
            ],
            [
              7.8895697,
              54.1718837
            ],
            [
              7.8895227,
              54.1720114
            ],
            [
              7.8894432,
              54.1722276
            ],
            [
              7.8894324,
              54.1722457
            ],
            [
              7.8893732,
              54.1723714
            ],
            [
              7.889401,
              54.1723816
            ],
            [
              7.889329,
              54.1724253
            ],
            [
              7.8893289,
              54.172403
            ],
            [
              7.8893439,
              54.1723824
            ],
            [
              7.8892849,
              54.1723581
            ],
            [
              7.8892066,
              54.1724
            ],
            [
              7.889177,
              54.1724761
            ],
            [
              7.8891336,
              54.1725833
            ],
            [
              7.8890791,
              54.1727889
            ],
            [
              7.8891162,
              54.1728585
            ],
            [
              7.8890212,
              54.173011
            ],
            [
              7.888981,
              54.1731625
            ],
            [
              7.8889252,
              54.1732428
            ],
            [
              7.8888547,
              54.1734107
            ],
            [
              7.8888825,
              54.1734942
            ],
            [
              7.8886754,
              54.1738472
            ],
            [
              7.8887027,
              54.173932
            ],
            [
              7.8886364,
              54.1740098
            ],
            [
              7.8885401,
              54.1742441
            ],
            [
              7.8884102,
              54.1744883
            ],
            [
              7.8882936,
              54.1745713
            ],
            [
              7.8883154,
              54.1746674
            ],
            [
              7.8881343,
              54.1751271
            ],
            [
              7.8880797,
              54.1752502
            ],
            [
              7.8880156,
              54.1754548
            ],
            [
              7.887948,
              54.1755585
            ],
            [
              7.8878959,
              54.175766
            ],
            [
              7.8875248,
              54.1766553
            ],
            [
              7.8874158,
              54.1769676
            ],
            [
              7.8874425,
              54.1769871
            ],
            [
              7.8874902,
              54.1769786
            ],
            [
              7.8874483,
              54.1770869
            ],
            [
              7.8873536,
              54.1771203
            ],
            [
              7.8869647,
              54.1772503
            ],
            [
              7.886409,
              54.1774096
            ],
            [
              7.886339,
              54.1774533
            ],
            [
              7.8862169,
              54.1774854
            ],
            [
              7.8856653,
              54.1773715
            ],
            [
              7.8855269,
              54.177331
            ],
            [
              7.8845595,
              54.1771305
            ],
            [
              7.8844238,
              54.1771098
            ],
            [
              7.88422,
              54.1771151
            ],
            [
              7.8840231,
              54.1771361
            ],
            [
              7.8839181,
              54.1771888
            ],
            [
              7.883271,
              54.177623
            ],
            [
              7.8826216,
              54.1781143
            ],
            [
              7.8818575,
              54.1796177
            ],
            [
              7.8818154,
              54.1796863
            ],
            [
              7.881825,
              54.1797159
            ],
            [
              7.8817795,
              54.1797352
            ],
            [
              7.8814117,
              54.1798892
            ],
            [
              7.8811583,
              54.1801691
            ],
            [
              7.8803364,
              54.1816412
            ],
            [
              7.880052,
              54.1821506
            ],
            [
              7.8796884,
              54.182387
            ],
            [
              7.879688,
              54.1823871
            ],
            [
              7.8791952,
              54.1824758
            ],
            [
              7.8778121,
              54.1836007
            ],
            [
              7.8771374,
              54.1845702
            ],
            [
              7.8753377,
              54.1854227
            ],
            [
              7.8738725,
              54.1857742
            ],
            [
              7.8738423,
              54.1857679
            ],
            [
              7.8737281,
              54.1857929
            ],
            [
              7.8735981,
              54.1858419
            ],
            [
              7.8734444,
              54.1858965
            ],
            [
              7.8734014,
              54.1858988
            ],
            [
              7.8733119,
              54.1859608
            ],
            [
              7.8732223,
              54.1860471
            ],
            [
              7.8732288,
              54.1860734
            ],
            [
              7.8725247,
              54.1865176
            ],
            [
              7.8724481,
              54.1865052
            ],
            [
              7.872192,
              54.1867082
            ],
            [
              7.8721808,
              54.1867291
            ],
            [
              7.8719934,
              54.1868422
            ],
            [
              7.8719477,
              54.1868601
            ],
            [
              7.8719219,
              54.186855
            ],
            [
              7.8718478,
              54.1868781
            ],
            [
              7.8718103,
              54.1869216
            ],
            [
              7.8718154,
              54.1869415
            ],
            [
              7.8717526,
              54.1869887
            ],
            [
              7.8715475,
              54.187504
            ],
            [
              7.8714938,
              54.1875258
            ],
            [
              7.8714284,
              54.1875613
            ],
            [
              7.8699135,
              54.1877842
            ],
            [
              7.8691947,
              54.1878914
            ],
            [
              7.8684505,
              54.1880092
            ],
            [
              7.8679856,
              54.1884057
            ],
            [
              7.8679298,
              54.1884536
            ],
            [
              7.8678865,
              54.1884903
            ],
            [
              7.8670934,
              54.1891242
            ],
            [
              7.8664816,
              54.1896273
            ],
            [
              7.8662206,
              54.1898414
            ],
            [
              7.8657569,
              54.1901955
            ],
            [
              7.8657134,
              54.1902287
            ],
            [
              7.8648436,
              54.1907591
            ],
            [
              7.8648646,
              54.1907726
            ],
            [
              7.8648838,
              54.1907839
            ],
            [
              7.8657666,
              54.1902591
            ],
            [
              7.8658517,
              54.1901957
            ],
            [
              7.8662615,
              54.1898908
            ],
            [
              7.8663397,
              54.1898277
            ],
            [
              7.8679883,
              54.1884977
            ],
            [
              7.8681124,
              54.1885431
            ],
            [
              7.8682376,
              54.1884348
            ],
            [
              7.8681859,
              54.188334
            ],
            [
              7.8685242,
              54.1880495
            ],
            [
              7.8694274,
              54.1879072
            ],
            [
              7.8696567,
              54.1878711
            ],
            [
              7.8696758,
              54.1878864
            ],
            [
              7.8697038,
              54.1879186
            ],
            [
              7.8697351,
              54.1879878
            ],
            [
              7.8697526,
              54.1880388
            ],
            [
              7.8696554,
              54.1880313
            ],
            [
              7.8695046,
              54.1881043
            ],
            [
              7.8696036,
              54.1881782
            ],
            [
              7.8696558,
              54.1882084
            ],
            [
              7.8697211,
              54.1882259
            ],
            [
              7.8697944,
              54.1882135
            ],
            [
              7.8698856,
              54.1881823
            ],
            [
              7.8699068,
              54.1881384
            ],
            [
              7.8699885,
              54.1881078
            ],
            [
              7.8700764,
              54.1880944
            ],
            [
              7.8703435,
              54.1881319
            ],
            [
              7.8703475,
              54.1881968
            ],
            [
              7.8703849,
              54.1882317
            ],
            [
              7.8704367,
              54.1882449
            ],
            [
              7.8705505,
              54.1882423
            ],
            [
              7.870629,
              54.1882645
            ],
            [
              7.8706726,
              54.1883161
            ],
            [
              7.8707393,
              54.1883925
            ],
            [
              7.8708153,
              54.1884128
            ],
            [
              7.8711625,
              54.1883505
            ],
            [
              7.8712495,
              54.1883503
            ],
            [
              7.871409,
              54.1883821
            ],
            [
              7.871589,
              54.1884071
            ],
            [
              7.8717982,
              54.1884217
            ],
            [
              7.8720178,
              54.1884184
            ],
            [
              7.8723074,
              54.1883839
            ],
            [
              7.8723769,
              54.1883925
            ],
            [
              7.8723989,
              54.1884102
            ],
            [
              7.8724756,
              54.1884277
            ],
            [
              7.8726257,
              54.1883995
            ],
            [
              7.8726511,
              54.1883647
            ],
            [
              7.8727482,
              54.1883256
            ],
            [
              7.8727696,
              54.1882806
            ],
            [
              7.8728453,
              54.1882547
            ],
            [
              7.8728599,
              54.1882142
            ],
            [
              7.8728898,
              54.1881967
            ],
            [
              7.8729185,
              54.1882328
            ],
            [
              7.8730007,
              54.1882535
            ],
            [
              7.8731474,
              54.1882487
            ],
            [
              7.8733176,
              54.1881923
            ],
            [
              7.8734477,
              54.1881936
            ],
            [
              7.8735115,
              54.1881711
            ],
            [
              7.8736134,
              54.1881199
            ],
            [
              7.8738751,
              54.1880606
            ],
            [
              7.8740673,
              54.1879833
            ],
            [
              7.8742148,
              54.1879802
            ],
            [
              7.8742631,
              54.1880131
            ],
            [
              7.8744077,
              54.1880367
            ],
            [
              7.8746359,
              54.1881434
            ],
            [
              7.8747163,
              54.1881506
            ],
            [
              7.8748076,
              54.1881324
            ],
            [
              7.8749846,
              54.1880853
            ],
            [
              7.8750356,
              54.1880194
            ],
            [
              7.8753356,
              54.1880027
            ],
            [
              7.875505,
              54.1879814
            ],
            [
              7.8756234,
              54.1879392
            ],
            [
              7.8757418,
              54.1878651
            ],
            [
              7.8759081,
              54.1877395
            ],
            [
              7.8760524,
              54.1877103
            ],
            [
              7.8763049,
              54.1876886
            ],
            [
              7.8768763,
              54.1876802
            ],
            [
              7.8771173,
              54.187683
            ],
            [
              7.8778413,
              54.1876914
            ],
            [
              7.8786335,
              54.1877813
            ],
            [
              7.879781,
              54.1878768
            ],
            [
              7.8807789,
              54.1879431
            ],
            [
              7.8818786,
              54.1880684
            ],
            [
              7.8825469,
              54.188205
            ],
            [
              7.8828551,
              54.1882942
            ],
            [
              7.8831467,
              54.1883966
            ],
            [
              7.8834732,
              54.18855
            ],
            [
              7.8836529,
              54.1886708
            ],
            [
              7.8837437,
              54.1887668
            ],
            [
              7.8838193,
              54.1889002
            ],
            [
              7.883831,
              54.1889515
            ],
            [
              7.8838114,
              54.1890421
            ],
            [
              7.8837908,
              54.1890319
            ],
            [
              7.8836732,
              54.189093
            ],
            [
              7.8835986,
              54.1891356
            ],
            [
              7.8835286,
              54.1891681
            ],
            [
              7.8835304,
              54.1891847
            ],
            [
              7.8832538,
              54.1893838
            ],
            [
              7.8831414,
              54.1894701
            ],
            [
              7.8831215,
              54.189527
            ],
            [
              7.8831591,
              54.1895632
            ],
            [
              7.8832364,
              54.1895774
            ],
            [
              7.8833159,
              54.1895502
            ],
            [
              7.8840206,
              54.1890552
            ],
            [
              7.8842849,
              54.1888613
            ],
            [
              7.8851867,
              54.1882632
            ],
            [
              7.8852242,
              54.1882734
            ],
            [
              7.8852413,
              54.1882618
            ],
            [
              7.887759,
              54.1865513
            ],
            [
              7.8903317,
              54.1848343
            ],
            [
              7.8907792,
              54.1845274
            ],
            [
              7.8910131,
              54.1843703
            ],
            [
              7.8910321,
              54.184354
            ],
            [
              7.8910547,
              54.184335
            ],
            [
              7.8910682,
              54.1843112
            ],
            [
              7.8910652,
              54.1842845
            ],
            [
              7.8910477,
              54.1842582
            ],
            [
              7.8910049,
              54.184237
            ],
            [
              7.8909406,
              54.184228
            ],
            [
              7.890878,
              54.1842392
            ],
            [
              7.8908033,
              54.1842893
            ],
            [
              7.8901968,
              54.1846985
            ],
            [
              7.890016,
              54.1846966
            ],
            [
              7.8884892,
              54.1838302
            ],
            [
              7.8883631,
              54.1837589
            ],
            [
              7.8883505,
              54.1837515
            ],
            [
              7.8883063,
              54.1837264
            ],
            [
              7.8886253,
              54.1835481
            ],
            [
              7.8896956,
              54.1829157
            ],
            [
              7.8897359,
              54.182938
            ],
            [
              7.8899653,
              54.1830651
            ],
            [
              7.8899827,
              54.1830756
            ],
            [
              7.8902836,
              54.1832578
            ],
            [
              7.890324,
              54.1832805
            ],
            [
              7.8903602,
              54.1833009
            ],
            [
              7.8907164,
              54.1835012
            ],
            [
              7.8910721,
              54.1837032
            ],
            [
              7.8911356,
              54.1837746
            ],
            [
              7.891287,
              54.18397
            ],
            [
              7.891357,
              54.1840272
            ],
            [
              7.8914549,
              54.1840769
            ],
            [
              7.8915418,
              54.18402
            ],
            [
              7.8914074,
              54.1839426
            ],
            [
              7.8913369,
              54.1838631
            ],
            [
              7.8912836,
              54.1837893
            ],
            [
              7.8912348,
              54.1837123
            ],
            [
              7.8911615,
              54.1836532
            ],
            [
              7.8910828,
              54.1836102
            ],
            [
              7.8908622,
              54.1834785
            ],
            [
              7.8908085,
              54.1834464
            ],
            [
              7.8907681,
              54.1832967
            ],
            [
              7.8907298,
              54.1831174
            ],
            [
              7.8907147,
              54.1829024
            ],
            [
              7.8907211,
              54.182687
            ],
            [
              7.8907635,
              54.1825159
            ],
            [
              7.8908395,
              54.1823429
            ],
            [
              7.890957,
              54.1821722
            ],
            [
              7.8911018,
              54.1819998
            ],
            [
              7.8912093,
              54.1819019
            ],
            [
              7.891253,
              54.1818443
            ],
            [
              7.8912794,
              54.1817866
            ],
            [
              7.8913038,
              54.1816867
            ],
            [
              7.8913369,
              54.1814888
            ],
            [
              7.8913476,
              54.181359
            ],
            [
              7.8913574,
              54.1812396
            ],
            [
              7.8913622,
              54.1811388
            ],
            [
              7.8913669,
              54.1810355
            ],
            [
              7.8913792,
              54.1809685
            ],
            [
              7.8914113,
              54.1808802
            ],
            [
              7.8914479,
              54.1808084
            ],
            [
              7.8914839,
              54.1807339
            ],
            [
              7.8915353,
              54.1806662
            ],
            [
              7.8916687,
              54.1805024
            ],
            [
              7.8919989,
              54.1802469
            ],
            [
              7.8920148,
              54.1802471
            ],
            [
              7.8926291,
              54.1798807
            ],
            [
              7.8926571,
              54.1798773
            ],
            [
              7.8931425,
              54.1795856
            ],
            [
              7.8931421,
              54.1795732
            ],
            [
              7.8929495,
              54.1794572
            ],
            [
              7.8929237,
              54.1794586
            ],
            [
              7.8928606,
              54.1794954
            ],
            [
              7.8928635,
              54.1795045
            ],
            [
              7.8929012,
              54.1795209
            ],
            [
              7.8925253,
              54.1797352
            ],
            [
              7.8924949,
              54.1797189
            ],
            [
              7.8921629,
              54.1799167
            ],
            [
              7.8921348,
              54.1799333
            ],
            [
              7.8921118,
              54.1799469
            ],
            [
              7.8918103,
              54.1801253
            ],
            [
              7.8917931,
              54.1801149
            ],
            [
              7.8917732,
              54.1801019
            ],
            [
              7.8917665,
              54.1800977
            ],
            [
              7.8917587,
              54.1800927
            ],
            [
              7.8916701,
              54.1800363
            ],
            [
              7.8916392,
              54.1800542
            ],
            [
              7.8916034,
              54.1800748
            ],
            [
              7.8915839,
              54.1801306
            ],
            [
              7.8912647,
              54.1803062
            ],
            [
              7.8912498,
              54.1802983
            ],
            [
              7.8912359,
              54.1802908
            ],
            [
              7.8909622,
              54.180451
            ],
            [
              7.8909397,
              54.1804379
            ],
            [
              7.8909265,
              54.1804303
            ],
            [
              7.890846,
              54.1804786
            ],
            [
              7.8905371,
              54.1806664
            ],
            [
              7.890217,
              54.1805228
            ],
            [
              7.8898003,
              54.1803013
            ],
            [
              7.8895012,
              54.1800882
            ],
            [
              7.8892573,
              54.1798673
            ],
            [
              7.8890936,
              54.1796201
            ],
            [
              7.8889462,
              54.1793457
            ],
            [
              7.889114,
              54.1793067
            ],
            [
              7.8892225,
              54.179267
            ],
            [
              7.8893356,
              54.1792108
            ],
            [
              7.8893381,
              54.1791943
            ],
            [
              7.8893299,
              54.1791791
            ],
            [
              7.8900083,
              54.179039
            ],
            [
              7.889865,
              54.178796
            ],
            [
              7.8883456,
              54.179107
            ],
            [
              7.8883086,
              54.1791145
            ],
            [
              7.888241,
              54.1789863
            ],
            [
              7.8881391,
              54.1787934
            ],
            [
              7.8880757,
              54.1786733
            ],
            [
              7.8881076,
              54.1786151
            ],
            [
              7.8881975,
              54.1784513
            ],
            [
              7.8882868,
              54.1782882
            ],
            [
              7.8883434,
              54.1781851
            ],
            [
              7.8883968,
              54.1781552
            ],
            [
              7.8886879,
              54.1779918
            ],
            [
              7.8888673,
              54.1778912
            ],
            [
              7.8888901,
              54.1779049
            ],
            [
              7.8887994,
              54.1779551
            ],
            [
              7.8888116,
              54.177963
            ],
            [
              7.8889546,
              54.1778827
            ],
            [
              7.8888859,
              54.1778388
            ],
            [
              7.8892465,
              54.1776496
            ],
            [
              7.8893061,
              54.1776863
            ],
            [
              7.890575,
              54.1785049
            ],
            [
              7.8905364,
              54.1785194
            ],
            [
              7.8905196,
              54.1785379
            ],
            [
              7.8905325,
              54.1785581
            ],
            [
              7.8905602,
              54.178568
            ],
            [
              7.8905908,
              54.1785651
            ],
            [
              7.8907331,
              54.178511
            ],
            [
              7.8915555,
              54.1781985
            ],
            [
              7.89179,
              54.1781097
            ],
            [
              7.8919936,
              54.1783019
            ],
            [
              7.8920579,
              54.1783626
            ],
            [
              7.892045,
              54.1783689
            ],
            [
              7.8921043,
              54.1784239
            ],
            [
              7.8921972,
              54.1783903
            ],
            [
              7.892187,
              54.1783803
            ],
            [
              7.8921379,
              54.1783325
            ],
            [
              7.8921251,
              54.1783371
            ],
            [
              7.8918463,
              54.1780678
            ],
            [
              7.8922143,
              54.1779245
            ],
            [
              7.8933432,
              54.1774968
            ],
            [
              7.8935628,
              54.177413
            ],
            [
              7.8945447,
              54.1770384
            ],
            [
              7.8947901,
              54.1769448
            ],
            [
              7.8948114,
              54.1769638
            ],
            [
              7.8971704,
              54.1760665
            ],
            [
              7.8971618,
              54.1760572
            ],
            [
              7.8971584,
              54.1760535
            ],
            [
              7.899367,
              54.175211
            ],
            [
              7.8995477,
              54.1746353
            ],
            [
              7.8996601,
              54.1742771
            ],
            [
              7.8997525,
              54.1739828
            ],
            [
              7.8996907,
              54.1739752
            ],
            [
              7.8998616,
              54.17343
            ],
            [
              7.8999431,
              54.1734357
            ],
            [
              7.900031,
              54.1731335
            ],
            [
              7.9001626,
              54.1727427
            ],
            [
              7.9001392,
              54.1727126
            ],
            [
              7.8999059,
              54.1724177
            ],
            [
              7.8995836,
              54.1719977
            ],
            [
              7.8992145,
              54.1719173
            ]
          ]
        ]
      }
    },
    {
      "type": "Feature",
      "properties": {
        "name": "Düne",
        "source": "OSM way 273992076",
        "status": "modern-hires-override"
      },
      "geometry": {
        "type": "Polygon",
        "coordinates": [
          [
            [
              7.9072167,
              54.1822881
            ],
            [
              7.907275,
              54.1822637
            ],
            [
              7.9074383,
              54.182217
            ],
            [
              7.9078252,
              54.1820876
            ],
            [
              7.9079695,
              54.1820442
            ],
            [
              7.9081035,
              54.1820129
            ],
            [
              7.9082424,
              54.1819664
            ],
            [
              7.9085509,
              54.18184
            ],
            [
              7.9087007,
              54.1817883
            ],
            [
              7.9089612,
              54.1816875
            ],
            [
              7.9091393,
              54.1816311
            ],
            [
              7.9092532,
              54.1816128
            ],
            [
              7.9093866,
              54.1815758
            ],
            [
              7.9095759,
              54.1815361
            ],
            [
              7.9098961,
              54.1814573
            ],
            [
              7.910002,
              54.1814464
            ],
            [
              7.9101506,
              54.1814579
            ],
            [
              7.9102663,
              54.1814807
            ],
            [
              7.9105274,
              54.1815414
            ],
            [
              7.9107572,
              54.1815853
            ],
            [
              7.9109674,
              54.1816309
            ],
            [
              7.9112076,
              54.18168
            ],
            [
              7.9113352,
              54.1817063
            ],
            [
              7.9116158,
              54.18176
            ],
            [
              7.9119011,
              54.1818195
            ],
            [
              7.912188,
              54.1818832
            ],
            [
              7.9124523,
              54.1819327
            ],
            [
              7.912712,
              54.1819749
            ],
            [
              7.9129237,
              54.182017
            ],
            [
              7.9131278,
              54.1820495
            ],
            [
              7.9133861,
              54.1820739
            ],
            [
              7.9136405,
              54.1820901
            ],
            [
              7.9138869,
              54.1821077
            ],
            [
              7.9141254,
              54.1821183
            ],
            [
              7.9142966,
              54.1821267
            ],
            [
              7.9145082,
              54.1821265
            ],
            [
              7.914695,
              54.1821358
            ],
            [
              7.9150835,
              54.1821316
            ],
            [
              7.915387,
              54.182131
            ],
            [
              7.9156477,
              54.1821194
            ],
            [
              7.9159641,
              54.1821214
            ],
            [
              7.9161499,
              54.1821157
            ],
            [
              7.9164269,
              54.1820946
            ],
            [
              7.9165766,
              54.1820789
            ],
            [
              7.9167771,
              54.1820501
            ],
            [
              7.9169697,
              54.1820157
            ],
            [
              7.9172174,
              54.1819646
            ],
            [
              7.9174391,
              54.1819019
            ],
            [
              7.9175927,
              54.1818497
            ],
            [
              7.9177384,
              54.1817684
            ],
            [
              7.9178567,
              54.1816913
            ],
            [
              7.9179614,
              54.1816109
            ],
            [
              7.9180451,
              54.1815373
            ],
            [
              7.918098,
              54.1814715
            ],
            [
              7.918058,
              54.1814016
            ],
            [
              7.9179939,
              54.1813387
            ],
            [
              7.9178471,
              54.1812508
            ],
            [
              7.9177191,
              54.1811663
            ],
            [
              7.9175395,
              54.1810762
            ],
            [
              7.9174522,
              54.1810307
            ],
            [
              7.9173641,
              54.1809632
            ],
            [
              7.9173378,
              54.1809083
            ],
            [
              7.9173722,
              54.1808906
            ],
            [
              7.9176257,
              54.1809847
            ],
            [
              7.9179074,
              54.1811382
            ],
            [
              7.9181055,
              54.181254
            ],
            [
              7.9182389,
              54.1813825
            ],
            [
              7.9183034,
              54.181481
            ],
            [
              7.9183083,
              54.1815644
            ],
            [
              7.9182935,
              54.1816241
            ],
            [
              7.9182821,
              54.1816345
            ],
            [
              7.9183014,
              54.1816682
            ],
            [
              7.9183495,
              54.1817634
            ],
            [
              7.9185735,
              54.1823693
            ],
            [
              7.9189356,
              54.1834012
            ],
            [
              7.9189253,
              54.1834348
            ],
            [
              7.9188822,
              54.1834362
            ],
            [
              7.9188621,
              54.1834161
            ],
            [
              7.9187265,
              54.1830703
            ],
            [
              7.9186362,
              54.1827914
            ],
            [
              7.9185725,
              54.1825926
            ],
            [
              7.9184792,
              54.1823679
            ],
            [
              7.918302,
              54.1818939
            ],
            [
              7.9182567,
              54.1818254
            ],
            [
              7.9181729,
              54.1817796
            ],
            [
              7.9180044,
              54.181926
            ],
            [
              7.9178058,
              54.1820945
            ],
            [
              7.917821,
              54.182214
            ],
            [
              7.9178741,
              54.1822984
            ],
            [
              7.9179603,
              54.1823667
            ],
            [
              7.9180597,
              54.1824246
            ],
            [
              7.9181728,
              54.1825008
            ],
            [
              7.9182043,
              54.1825522
            ],
            [
              7.9182125,
              54.1825823
            ],
            [
              7.9182097,
              54.182631
            ],
            [
              7.918183,
              54.1826815
            ],
            [
              7.9181195,
              54.1827438
            ],
            [
              7.917988,
              54.1828487
            ],
            [
              7.9179004,
              54.1829102
            ],
            [
              7.9177419,
              54.1829937
            ],
            [
              7.9176027,
              54.1830572
            ],
            [
              7.9174422,
              54.1831444
            ],
            [
              7.9171048,
              54.1833968
            ],
            [
              7.9170165,
              54.1834957
            ],
            [
              7.9169345,
              54.1836272
            ],
            [
              7.9168545,
              54.1837796
            ],
            [
              7.9167928,
              54.183945
            ],
            [
              7.916771,
              54.1840969
            ],
            [
              7.9167492,
              54.1842937
            ],
            [
              7.9167379,
              54.1844409
            ],
            [
              7.9167535,
              54.184558
            ],
            [
              7.916773,
              54.1846573
            ],
            [
              7.9167919,
              54.1847527
            ],
            [
              7.916828,
              54.1848301
            ],
            [
              7.9168536,
              54.1849221
            ],
            [
              7.916937,
              54.1851305
            ],
            [
              7.9170039,
              54.1852853
            ],
            [
              7.9170993,
              54.1854388
            ],
            [
              7.9171913,
              54.1855759
            ],
            [
              7.9172785,
              54.1856905
            ],
            [
              7.9173564,
              54.1858202
            ],
            [
              7.917435,
              54.185951
            ],
            [
              7.9175185,
              54.186098
            ],
            [
              7.9175829,
              54.1861868
            ],
            [
              7.9177083,
              54.1863275
            ],
            [
              7.9178145,
              54.1864746
            ],
            [
              7.9180012,
              54.1866549
            ],
            [
              7.9181509,
              54.1867751
            ],
            [
              7.9183076,
              54.1868943
            ],
            [
              7.9184365,
              54.1869715
            ],
            [
              7.9185379,
              54.1870404
            ],
            [
              7.9186165,
              54.1871318
            ],
            [
              7.918734,
              54.1872394
            ],
            [
              7.9188307,
              54.187371
            ],
            [
              7.9189404,
              54.1875424
            ],
            [
              7.9190021,
              54.1876717
            ],
            [
              7.9190405,
              54.1877832
            ],
            [
              7.9191073,
              54.1878826
            ],
            [
              7.9192486,
              54.1880353
            ],
            [
              7.9193519,
              54.1881222
            ],
            [
              7.9195709,
              54.1882564
            ],
            [
              7.919792,
              54.1883767
            ],
            [
              7.920073,
              54.1884839
            ],
            [
              7.920247,
              54.1885074
            ],
            [
              7.9203797,
              54.1885124
            ],
            [
              7.9203986,
              54.1885252
            ],
            [
              7.9203711,
              54.1885635
            ],
            [
              7.920283,
              54.1886489
            ],
            [
              7.9201692,
              54.1887101
            ],
            [
              7.9200658,
              54.188821
            ],
            [
              7.9199607,
              54.1889896
            ],
            [
              7.9199095,
              54.1891
            ],
            [
              7.9198915,
              54.1891927
            ],
            [
              7.9199048,
              54.1893397
            ],
            [
              7.9199442,
              54.1894588
            ],
            [
              7.9200015,
              54.1895965
            ],
            [
              7.9200519,
              54.1896973
            ],
            [
              7.9201013,
              54.1897798
            ],
            [
              7.9202027,
              54.1898758
            ],
            [
              7.9203905,
              54.1900088
            ],
            [
              7.9205449,
              54.1900979
            ],
            [
              7.9206673,
              54.1901943
            ],
            [
              7.9207043,
              54.1902348
            ],
            [
              7.9207175,
              54.1902961
            ],
            [
              7.9206647,
              54.1903363
            ],
            [
              7.920581,
              54.1903751
            ],
            [
              7.9204059,
              54.1904784
            ],
            [
              7.9204872,
              54.1905485
            ],
            [
              7.9205679,
              54.1905511
            ],
            [
              7.9206483,
              54.1905067
            ],
            [
              7.9207611,
              54.1903761
            ],
            [
              7.9209199,
              54.1902508
            ],
            [
              7.921076,
              54.1900856
            ],
            [
              7.9213296,
              54.189877
            ],
            [
              7.9213916,
              54.1898572
            ],
            [
              7.9214341,
              54.1898669
            ],
            [
              7.9214148,
              54.1899061
            ],
            [
              7.9206572,
              54.1906439
            ],
            [
              7.9206233,
              54.1906881
            ],
            [
              7.9206136,
              54.190707
            ],
            [
              7.9205684,
              54.1907572
            ],
            [
              7.9202629,
              54.1909774
            ],
            [
              7.9199133,
              54.191293
            ],
            [
              7.9195243,
              54.1916648
            ],
            [
              7.9194579,
              54.191714
            ],
            [
              7.919405,
              54.1917198
            ],
            [
              7.9193916,
              54.1917116
            ],
            [
              7.9194094,
              54.1916689
            ],
            [
              7.9195168,
              54.1915558
            ],
            [
              7.9197927,
              54.1912849
            ],
            [
              7.9201953,
              54.1909045
            ],
            [
              7.9202478,
              54.1908544
            ],
            [
              7.9201918,
              54.1908307
            ],
            [
              7.9202621,
              54.1907738
            ],
            [
              7.9203195,
              54.1907981
            ],
            [
              7.9204385,
              54.1906975
            ],
            [
              7.9204018,
              54.1906165
            ],
            [
              7.9195614,
              54.1896815
            ],
            [
              7.9194762,
              54.1896559
            ],
            [
              7.9193453,
              54.1896054
            ],
            [
              7.9190793,
              54.1895225
            ],
            [
              7.9187425,
              54.1894464
            ],
            [
              7.9182857,
              54.1893779
            ],
            [
              7.9180535,
              54.1893498
            ],
            [
              7.9177459,
              54.1893105
            ],
            [
              7.9172935,
              54.1892661
            ],
            [
              7.9171341,
              54.189259
            ],
            [
              7.9168752,
              54.1892216
            ],
            [
              7.9167339,
              54.1892159
            ],
            [
              7.916548,
              54.1892014
            ],
            [
              7.9162629,
              54.1891711
            ],
            [
              7.9159472,
              54.1891703
            ],
            [
              7.9157691,
              54.1891546
            ],
            [
              7.9154459,
              54.1891154
            ],
            [
              7.9151397,
              54.1890779
            ],
            [
              7.9149578,
              54.1890628
            ],
            [
              7.914502,
              54.1890326
            ],
            [
              7.9141453,
              54.1890143
            ],
            [
              7.9138763,
              54.1889899
            ],
            [
              7.9135691,
              54.1889488
            ],
            [
              7.9133055,
              54.1889132
            ],
            [
              7.9130875,
              54.1888718
            ],
            [
              7.9129012,
              54.1888328
            ],
            [
              7.9126737,
              54.1887949
            ],
            [
              7.9124805,
              54.1887534
            ],
            [
              7.9123075,
              54.1887162
            ],
            [
              7.9121449,
              54.1886678
            ],
            [
              7.9119813,
              54.1886156
            ],
            [
              7.911855,
              54.1885754
            ],
            [
              7.9117332,
              54.1885484
            ],
            [
              7.9116019,
              54.1885059
            ],
            [
              7.9114015,
              54.1884323
            ],
            [
              7.9112986,
              54.1883861
            ],
            [
              7.9112031,
              54.1883332
            ],
            [
              7.9111029,
              54.1882528
            ],
            [
              7.910978,
              54.1881725
            ],
            [
              7.910791,
              54.1880399
            ],
            [
              7.9106579,
              54.1879674
            ],
            [
              7.9103784,
              54.1878581
            ],
            [
              7.9100892,
              54.1877564
            ],
            [
              7.9098122,
              54.1876699
            ],
            [
              7.9095522,
              54.1875973
            ],
            [
              7.909236,
              54.1874863
            ],
            [
              7.9090494,
              54.1874314
            ],
            [
              7.9088761,
              54.1873785
            ],
            [
              7.9084378,
              54.1872705
            ],
            [
              7.9081158,
              54.1871955
            ],
            [
              7.9076426,
              54.1870895
            ],
            [
              7.9072926,
              54.1870278
            ],
            [
              7.9070262,
              54.186992
            ],
            [
              7.9067311,
              54.186945
            ],
            [
              7.9064672,
              54.1868959
            ],
            [
              7.9062954,
              54.1868746
            ],
            [
              7.9055702,
              54.1867951
            ],
            [
              7.9053164,
              54.1867649
            ],
            [
              7.9050626,
              54.1867431
            ],
            [
              7.9048882,
              54.1867209
            ],
            [
              7.9046778,
              54.1866848
            ],
            [
              7.9044922,
              54.1866618
            ],
            [
              7.9043357,
              54.1866479
            ],
            [
              7.9041719,
              54.1866397
            ],
            [
              7.9039422,
              54.1866336
            ],
            [
              7.9036308,
              54.1866331
            ],
            [
              7.9031569,
              54.1866459
            ],
            [
              7.9028469,
              54.1866627
            ],
            [
              7.902639,
              54.1866798
            ],
            [
              7.9025309,
              54.1866951
            ],
            [
              7.9022817,
              54.1867177
            ],
            [
              7.9021079,
              54.1868562
            ],
            [
              7.9018413,
              54.1870995
            ],
            [
              7.9015113,
              54.187442
            ],
            [
              7.9002991,
              54.1885382
            ],
            [
              7.8997307,
              54.1890897
            ],
            [
              7.8995844,
              54.1892007
            ],
            [
              7.8993709,
              54.1893465
            ],
            [
              7.8993155,
              54.1893372
            ],
            [
              7.8993353,
              54.189291
            ],
            [
              7.8996675,
              54.1890156
            ],
            [
              7.8998388,
              54.1888263
            ],
            [
              7.9006574,
              54.1880511
            ],
            [
              7.9014131,
              54.1873654
            ],
            [
              7.9019472,
              54.1868585
            ],
            [
              7.9021426,
              54.1867022
            ],
            [
              7.9025204,
              54.1863173
            ],
            [
              7.9030583,
              54.185814
            ],
            [
              7.9029793,
              54.1857852
            ],
            [
              7.9022929,
              54.1855404
            ],
            [
              7.9022831,
              54.1855166
            ],
            [
              7.9021932,
              54.1854836
            ],
            [
              7.9021775,
              54.1854778
            ],
            [
              7.9021628,
              54.1854724
            ],
            [
              7.9020427,
              54.1854282
            ],
            [
              7.9005665,
              54.1848915
            ],
            [
              7.9005429,
              54.1848329
            ],
            [
              7.9005595,
              54.1848167
            ],
            [
              7.9006184,
              54.1847591
            ],
            [
              7.9007308,
              54.1846494
            ],
            [
              7.9008872,
              54.1845527
            ],
            [
              7.901861,
              54.1835693
            ],
            [
              7.902252,
              54.183144
            ],
            [
              7.9022852,
              54.1830871
            ],
            [
              7.9023316,
              54.1830367
            ],
            [
              7.9024111,
              54.1829759
            ],
            [
              7.9026866,
              54.1826792
            ],
            [
              7.902724,
              54.1826697
            ],
            [
              7.9027713,
              54.1826773
            ],
            [
              7.9027884,
              54.1826935
            ],
            [
              7.9027908,
              54.1827154
            ],
            [
              7.9019589,
              54.1836031
            ],
            [
              7.9009082,
              54.184668
            ],
            [
              7.9010577,
              54.1849894
            ],
            [
              7.9014198,
              54.1851242
            ],
            [
              7.9015143,
              54.1851404
            ],
            [
              7.9015534,
              54.1851718
            ],
            [
              7.9021041,
              54.1853704
            ],
            [
              7.9031332,
              54.1857416
            ],
            [
              7.9031769,
              54.1857568
            ],
            [
              7.9037409,
              54.1852158
            ],
            [
              7.9041278,
              54.1848459
            ],
            [
              7.9037855,
              54.1847185
            ],
            [
              7.9037601,
              54.1847203
            ],
            [
              7.903551,
              54.1849123
            ],
            [
              7.9035103,
              54.1849522
            ],
            [
              7.903473,
              54.1849845
            ],
            [
              7.9034233,
              54.1850276
            ],
            [
              7.9033203,
              54.1849907
            ],
            [
              7.9033631,
              54.1849453
            ],
            [
              7.9033955,
              54.1849109
            ],
            [
              7.9034373,
              54.1848719
            ],
            [
              7.9036533,
              54.1846699
            ],
            [
              7.9036718,
              54.1846534
            ],
            [
              7.9037041,
              54.1846237
            ],
            [
              7.9037296,
              54.1846001
            ],
            [
              7.903843,
              54.1846421
            ],
            [
              7.90396,
              54.1846867
            ],
            [
              7.9042045,
              54.1847799
            ],
            [
              7.9043171,
              54.1846738
            ],
            [
              7.9042592,
              54.1846437
            ],
            [
              7.9059193,
              54.1830706
            ],
            [
              7.9061476,
              54.1828483
            ],
            [
              7.9062078,
              54.1825436
            ],
            [
              7.9061802,
              54.1824679
            ],
            [
              7.9061517,
              54.1824068
            ],
            [
              7.9061173,
              54.1823681
            ],
            [
              7.9057845,
              54.1823317
            ],
            [
              7.9054975,
              54.1823146
            ],
            [
              7.9051264,
              54.1823135
            ],
            [
              7.9047023,
              54.1823533
            ],
            [
              7.9044682,
              54.1823953
            ],
            [
              7.9044335,
              54.1823766
            ],
            [
              7.9044217,
              54.1823262
            ],
            [
              7.9045026,
              54.1822921
            ],
            [
              7.9047201,
              54.18225
            ],
            [
              7.9051332,
              54.1822281
            ],
            [
              7.9053603,
              54.1822342
            ],
            [
              7.9056829,
              54.1822219
            ],
            [
              7.9061209,
              54.1822648
            ],
            [
              7.9066899,
              54.1822343
            ],
            [
              7.9068567,
              54.1821983
            ],
            [
              7.9069312,
              54.1821339
            ],
            [
              7.9070955,
              54.1820012
            ],
            [
              7.9076044,
              54.1815234
            ],
            [
              7.9077934,
              54.1813698
            ],
            [
              7.908209,
              54.1809
            ],
            [
              7.9085348,
              54.1805929
            ],
            [
              7.9086877,
              54.1805007
            ],
            [
              7.9089149,
              54.1803806
            ],
            [
              7.9090936,
              54.1803443
            ],
            [
              7.9092549,
              54.1803131
            ],
            [
              7.9094897,
              54.1802825
            ],
            [
              7.9102234,
              54.1802439
            ],
            [
              7.9108598,
              54.1802095
            ],
            [
              7.9110731,
              54.1801789
            ],
            [
              7.9113652,
              54.1800496
            ],
            [
              7.911616,
              54.1799595
            ],
            [
              7.9117213,
              54.1799038
            ],
            [
              7.9118096,
              54.1798745
            ],
            [
              7.9120917,
              54.1797414
            ],
            [
              7.9123365,
              54.1796409
            ],
            [
              7.9124438,
              54.1796043
            ],
            [
              7.9124799,
              54.1796038
            ],
            [
              7.9124874,
              54.1796152
            ],
            [
              7.9124041,
              54.1796811
            ],
            [
              7.9123309,
              54.1797013
            ],
            [
              7.9115854,
              54.1800266
            ],
            [
              7.9112603,
              54.1801608
            ],
            [
              7.9111486,
              54.1802193
            ],
            [
              7.9109985,
              54.1802565
            ],
            [
              7.9108663,
              54.180264
            ],
            [
              7.9103614,
              54.1802871
            ],
            [
              7.9099344,
              54.1803044
            ],
            [
              7.9094563,
              54.1803361
            ],
            [
              7.9090915,
              54.1803956
            ],
            [
              7.9089493,
              54.1804391
            ],
            [
              7.9088834,
              54.1804779
            ],
            [
              7.9086313,
              54.1805987
            ],
            [
              7.9085143,
              54.1807097
            ],
            [
              7.90832,
              54.1808846
            ],
            [
              7.908128,
              54.181114
            ],
            [
              7.9079728,
              54.1812815
            ],
            [
              7.907713,
              54.1815184
            ],
            [
              7.9071244,
              54.1820741
            ],
            [
              7.9070212,
              54.1821523
            ],
            [
              7.9069571,
              54.1822076
            ],
            [
              7.9069344,
              54.1822683
            ],
            [
              7.9072167,
              54.1822881
            ]
          ]
        ]
      }
    }
  ]
}
