{
  "type": "FeatureCollection",
  "name": "serbia_montenegro_1914_border_candidate",
  "properties": {
    "status": "candidate_pending_scan_crosscheck",
    "reference_date": "1914-07-28",
    "treaty_reference_date_gregorian": "1913-11-12",
    "treaty_reference_date_old_style": "1913-10-30",
    "treaty_basis": "Serbia–Montenegro boundary agreement; Article I states that the line was established on an attached Austrian General Staff map at 1:200,000.",
    "cartographic_crosscheck_targets": [
      "Operationskarte B. Serbien, Montenegro u. Anland. Blatt 5 Plevlje",
      "Operationskarte B. Serbien, Montenegro u. Anland. Blatt 6 Noviparaz",
      "Operationskarte B. Serbien, Montenegro u. Anland. Blatt 9 Prizren",
      "Die neue serbische Westgrenze von der Donau bis Elbassan (1913)"
    ]
  },
  "features": [
    {
      "type": "Feature",
      "properties": {
        "id": "SERBIA_MONTENEGRO_1914_CANDIDATE",
        "name": "Kingdom of Serbia–Kingdom of Montenegro border, 1914 (candidate)",
        "name_ko": "세르비아 왕국–몬테네그로 왕국 국경, 1914 (검증 후보선)",
        "source": "ACDH-CH HistoGIS shared topology",
        "montenegro_source": "single_files/crna-gora__1913-08-11_1919-12-31.geojson",
        "serbia_source": "single_files/srbija__1913-08-11_1919-12-31.geojson",
        "exact_shared_edges": 1434,
        "vertex_count": 1435,
        "length_km_approx": 244.818,
        "start_lonlat": [
          19.226442,
          43.527993
        ],
        "end_lonlat": [
          20.0782,
          42.5546
        ],
        "source_montenegro_ring_range": [
          282,
          1716
        ],
        "source_serbia_edge_range": [
          12090,
          10657
        ],
        "coordinate_rounding": "1e-6 degrees",
        "verification_status": "Topologically exact between independent HistoGIS Serbia and Montenegro state polygons; treaty/map scan cross-check still required before promotion to final."
      },
      "geometry": {
        "type": "LineString",
        "coordinates": [
          [
            19.226442,
            43.527993
          ],
          [
            19.225784,
            43.527319
          ],
          [
            19.22449,
            43.526987
          ],
          [
            19.223922,
            43.526455
          ],
          [
            19.223843,
            43.524361
          ],
          [
            19.224584,
            43.522587
          ],
          [
            19.22681,
            43.518479
          ],
          [
            19.226873,
            43.517083
          ],
          [
            19.22621,
            43.51587
          ],
          [
            19.227788,
            43.51318
          ],
          [
            19.228135,
            43.511956
          ],
          [
            19.228025,
            43.510811
          ],
          [
            19.227445,
            43.509253
          ],
          [
            19.226873,
            43.508503
          ],
          [
            19.226274,
            43.505097
          ],
          [
            19.225705,
            43.504378
          ],
          [
            19.223789,
            43.503572
          ],
          [
            19.224855,
            43.499225
          ],
          [
            19.224986,
            43.497899
          ],
          [
            19.226851,
            43.494926
          ],
          [
            19.225121,
            43.492312
          ],
          [
            19.22389,
            43.492072
          ],
          [
            19.223637,
            43.491328
          ],
          [
            19.223969,
            43.490549
          ],
          [
            19.224986,
            43.490252
          ],
          [
            19.226936,
            43.486886
          ],
          [
            19.227155,
            43.485016
          ],
          [
            19.225214,
            43.484733
          ],
          [
            19.223716,
            43.483382
          ],
          [
            19.223211,
            43.482866
          ],
          [
            19.223101,
            43.481939
          ],
          [
            19.226569,
            43.47973
          ],
          [
            19.230323,
            43.477677
          ],
          [
            19.232065,
            43.476431
          ],
          [
            19.233233,
            43.476568
          ],
          [
            19.23721,
            43.473144
          ],
          [
            19.239404,
            43.472785
          ],
          [
            19.243049,
            43.470979
          ],
          [
            19.246809,
            43.468638
          ],
          [
            19.247878,
            43.468391
          ],
          [
            19.25016,
            43.466531
          ],
          [
            19.254189,
            43.461121
          ],
          [
            19.258436,
            43.460579
          ],
          [
            19.261739,
            43.459412
          ],
          [
            19.267631,
            43.457464
          ],
          [
            19.269688,
            43.45578
          ],
          [
            19.271282,
            43.455734
          ],
          [
            19.271708,
            43.455092
          ],
          [
            19.273538,
            43.45366
          ],
          [
            19.274801,
            43.453351
          ],
          [
            19.277436,
            43.453591
          ],
          [
            19.282944,
            43.448424
          ],
          [
            19.284444,
            43.448804
          ],
          [
            19.288925,
            43.445216
          ],
          [
            19.290598,
            43.444873
          ],
          [
            19.292057,
            43.443879
          ],
          [
            19.295143,
            43.444345
          ],
          [
            19.299647,
            43.443837
          ],
          [
            19.308141,
            43.439788
          ],
          [
            19.313671,
            43.439579
          ],
          [
            19.315454,
            43.441091
          ],
          [
            19.318121,
            43.440335
          ],
          [
            19.319494,
            43.440667
          ],
          [
            19.322461,
            43.440644
          ],
          [
            19.32396,
            43.43967
          ],
          [
            19.325295,
            43.439714
          ],
          [
            19.330809,
            43.436737
          ],
          [
            19.334202,
            43.436129
          ],
          [
            19.3354,
            43.434022
          ],
          [
            19.338618,
            43.428361
          ],
          [
            19.343501,
            43.423155
          ],
          [
            19.350007,
            43.415468
          ],
          [
            19.350788,
            43.415083
          ],
          [
            19.352333,
            43.414735
          ],
          [
            19.356851,
            43.413306
          ],
          [
            19.360793,
            43.410637
          ],
          [
            19.363953,
            43.411674
          ],
          [
            19.3661,
            43.412582
          ],
          [
            19.376898,
            43.412628
          ],
          [
            19.378059,
            43.412633
          ],
          [
            19.38011,
            43.411997
          ],
          [
            19.383207,
            43.412027
          ],
          [
            19.388049,
            43.409262
          ],
          [
            19.390416,
            43.407199
          ],
          [
            19.389131,
            43.406046
          ],
          [
            19.393965,
            43.400854
          ],
          [
            19.400279,
            43.399413
          ],
          [
            19.401289,
            43.39762
          ],
          [
            19.402773,
            43.397636
          ],
          [
            19.406387,
            43.39587
          ],
          [
            19.408833,
            43.393795
          ],
          [
            19.412589,
            43.391856
          ],
          [
            19.419959,
            43.39321
          ],
          [
            19.420874,
            43.391948
          ],
          [
            19.424839,
            43.391093
          ],
          [
            19.426792,
            43.3911
          ],
          [
            19.428512,
            43.392522
          ],
          [
            19.432568,
            43.391123
          ],
          [
            19.43817,
            43.390159
          ],
          [
            19.439906,
            43.391168
          ],
          [
            19.443157,
            43.390263
          ],
          [
            19.444814,
            43.389012
          ],
          [
            19.445334,
            43.388376
          ],
          [
            19.449249,
            43.387338
          ],
          [
            19.450448,
            43.382704
          ],
          [
            19.450718,
            43.37944
          ],
          [
            19.450595,
            43.366708
          ],
          [
            19.456716,
            43.365016
          ],
          [
            19.45858,
            43.361424
          ],
          [
            19.461357,
            43.358484
          ],
          [
            19.461545,
            43.357627
          ],
          [
            19.459649,
            43.354758
          ],
          [
            19.45975,
            43.354049
          ],
          [
            19.462688,
            43.351858
          ],
          [
            19.461287,
            43.349379
          ],
          [
            19.4608,
            43.344581
          ],
          [
            19.462688,
            43.343441
          ],
          [
            19.468502,
            43.339936
          ],
          [
            19.472128,
            43.33904
          ],
          [
            19.475114,
            43.337017
          ],
          [
            19.479899,
            43.333769
          ],
          [
            19.4817,
            43.332758
          ],
          [
            19.483297,
            43.330576
          ],
          [
            19.485377,
            43.32699
          ],
          [
            19.486054,
            43.326296
          ],
          [
            19.489459,
            43.325775
          ],
          [
            19.497911,
            43.323787
          ],
          [
            19.505841,
            43.322074
          ],
          [
            19.514549,
            43.319929
          ],
          [
            19.516427,
            43.319728
          ],
          [
            19.517574,
            43.319205
          ],
          [
            19.521549,
            43.319746
          ],
          [
            19.523911,
            43.318481
          ],
          [
            19.526094,
            43.317558
          ],
          [
            19.528112,
            43.315949
          ],
          [
            19.529391,
            43.313963
          ],
          [
            19.530654,
            43.311982
          ],
          [
            19.531542,
            43.310315
          ],
          [
            19.532472,
            43.308363
          ],
          [
            19.535556,
            43.30785
          ],
          [
            19.537989,
            43.302421
          ],
          [
            19.53685,
            43.301312
          ],
          [
            19.535956,
            43.299672
          ],
          [
            19.535767,
            43.297961
          ],
          [
            19.534775,
            43.296703
          ],
          [
            19.534909,
            43.296229
          ],
          [
            19.533501,
            43.295233
          ],
          [
            19.532561,
            43.293597
          ],
          [
            19.531641,
            43.291661
          ],
          [
            19.531504,
            43.289884
          ],
          [
            19.528739,
            43.28579
          ],
          [
            19.527316,
            43.28341
          ],
          [
            19.527603,
            43.281883
          ],
          [
            19.527958,
            43.279156
          ],
          [
            19.527768,
            43.278592
          ],
          [
            19.527357,
            43.277808
          ],
          [
            19.528977,
            43.275526
          ],
          [
            19.529483,
            43.272362
          ],
          [
            19.529729,
            43.271376
          ],
          [
            19.531499,
            43.271122
          ],
          [
            19.533693,
            43.269656
          ],
          [
            19.536864,
            43.265331
          ],
          [
            19.53878,
            43.263936
          ],
          [
            19.539053,
            43.262206
          ],
          [
            19.540512,
            43.260972
          ],
          [
            19.543071,
            43.259596
          ],
          [
            19.541714,
            43.258831
          ],
          [
            19.542845,
            43.255352
          ],
          [
            19.543688,
            43.254283
          ],
          [
            19.544787,
            43.251708
          ],
          [
            19.543774,
            43.249204
          ],
          [
            19.544725,
            43.247928
          ],
          [
            19.545083,
            43.246391
          ],
          [
            19.546392,
            43.245656
          ],
          [
            19.550423,
            43.244564
          ],
          [
            19.55198,
            43.244174
          ],
          [
            19.553246,
            43.243858
          ],
          [
            19.556815,
            43.242908
          ],
          [
            19.55991,
            43.242335
          ],
          [
            19.560107,
            43.242202
          ],
          [
            19.562139,
            43.240839
          ],
          [
            19.564336,
            43.24108
          ],
          [
            19.566477,
            43.241919
          ],
          [
            19.570781,
            43.241118
          ],
          [
            19.572012,
            43.23992
          ],
          [
            19.574351,
            43.23956
          ],
          [
            19.576969,
            43.239482
          ],
          [
            19.577849,
            43.239966
          ],
          [
            19.578591,
            43.24022
          ],
          [
            19.580748,
            43.240116
          ],
          [
            19.582355,
            43.239075
          ],
          [
            19.584062,
            43.239076
          ],
          [
            19.587333,
            43.239075
          ],
          [
            19.589007,
            43.238075
          ],
          [
            19.591152,
            43.238341
          ],
          [
            19.592955,
            43.237553
          ],
          [
            19.596818,
            43.235653
          ],
          [
            19.599295,
            43.234123
          ],
          [
            19.602882,
            43.232956
          ],
          [
            19.606022,
            43.232519
          ],
          [
            19.609692,
            43.231415
          ],
          [
            19.614045,
            43.230899
          ],
          [
            19.618944,
            43.229622
          ],
          [
            19.619026,
            43.228769
          ],
          [
            19.618747,
            43.228331
          ],
          [
            19.618682,
            43.227237
          ],
          [
            19.619691,
            43.226705
          ],
          [
            19.619434,
            43.225705
          ],
          [
            19.619798,
            43.225142
          ],
          [
            19.621215,
            43.224985
          ],
          [
            19.622974,
            43.223985
          ],
          [
            19.624449,
            43.223515
          ],
          [
            19.62615,
            43.222343
          ],
          [
            19.628344,
            43.220011
          ],
          [
            19.629454,
            43.218551
          ],
          [
            19.630077,
            43.216894
          ],
          [
            19.63072,
            43.216315
          ],
          [
            19.631464,
            43.213705
          ],
          [
            19.634678,
            43.209813
          ],
          [
            19.636514,
            43.209027
          ],
          [
            19.637501,
            43.207729
          ],
          [
            19.638531,
            43.207244
          ],
          [
            19.640698,
            43.206681
          ],
          [
            19.638008,
            43.203543
          ],
          [
            19.637716,
            43.200445
          ],
          [
            19.638501,
            43.197389
          ],
          [
            19.638738,
            43.194862
          ],
          [
            19.639637,
            43.193721
          ],
          [
            19.64109,
            43.19132
          ],
          [
            19.641887,
            43.188667
          ],
          [
            19.644282,
            43.188505
          ],
          [
            19.645385,
            43.187803
          ],
          [
            19.648294,
            43.187785
          ],
          [
            19.652886,
            43.186174
          ],
          [
            19.653639,
            43.18649
          ],
          [
            19.658851,
            43.186177
          ],
          [
            19.661383,
            43.184941
          ],
          [
            19.664586,
            43.186331
          ],
          [
            19.664881,
            43.186459
          ],
          [
            19.667433,
            43.185413
          ],
          [
            19.67011,
            43.184127
          ],
          [
            19.672669,
            43.183502
          ],
          [
            19.677491,
            43.180951
          ],
          [
            19.678957,
            43.179215
          ],
          [
            19.680006,
            43.178767
          ],
          [
            19.68128,
            43.176755
          ],
          [
            19.681084,
            43.174959
          ],
          [
            19.681062,
            43.174031
          ],
          [
            19.682004,
            43.172341
          ],
          [
            19.682783,
            43.171408
          ],
          [
            19.684515,
            43.170534
          ],
          [
            19.685931,
            43.168155
          ],
          [
            19.687738,
            43.168819
          ],
          [
            19.689064,
            43.169344
          ],
          [
            19.694386,
            43.168669
          ],
          [
            19.697026,
            43.16921
          ],
          [
            19.704269,
            43.170647
          ],
          [
            19.706683,
            43.170626
          ],
          [
            19.713043,
            43.17033
          ],
          [
            19.716782,
            43.170933
          ],
          [
            19.717061,
            43.170933
          ],
          [
            19.718917,
            43.170862
          ],
          [
            19.720215,
            43.171332
          ],
          [
            19.72788,
            43.171737
          ],
          [
            19.73015,
            43.17168
          ],
          [
            19.732532,
            43.170898
          ],
          [
            19.734742,
            43.171258
          ],
          [
            19.735643,
            43.167189
          ],
          [
            19.735274,
            43.166331
          ],
          [
            19.738561,
            43.163871
          ],
          [
            19.738561,
            43.163307
          ],
          [
            19.737081,
            43.162149
          ],
          [
            19.739489,
            43.161686
          ],
          [
            19.741824,
            43.159154
          ],
          [
            19.743728,
            43.159561
          ],
          [
            19.745063,
            43.159676
          ],
          [
            19.746737,
            43.158893
          ],
          [
            19.756027,
            43.16025
          ],
          [
            19.756666,
            43.162625
          ],
          [
            19.760582,
            43.164341
          ],
          [
            19.765083,
            43.163636
          ],
          [
            19.769919,
            43.166201
          ],
          [
            19.769942,
            43.165249
          ],
          [
            19.770938,
            43.162929
          ],
          [
            19.772708,
            43.161144
          ],
          [
            19.774352,
            43.160043
          ],
          [
            19.777532,
            43.158922
          ],
          [
            19.778883,
            43.157264
          ],
          [
            19.77923,
            43.156774
          ],
          [
            19.780092,
            43.151687
          ],
          [
            19.779836,
            43.146265
          ],
          [
            19.781722,
            43.143881
          ],
          [
            19.781169,
            43.141727
          ],
          [
            19.780785,
            43.140645
          ],
          [
            19.779952,
            43.139865
          ],
          [
            19.777207,
            43.139691
          ],
          [
            19.77697,
            43.137819
          ],
          [
            19.779545,
            43.138083
          ],
          [
            19.779068,
            43.136583
          ],
          [
            19.779406,
            43.135963
          ],
          [
            19.781842,
            43.134437
          ],
          [
            19.784084,
            43.133005
          ],
          [
            19.784731,
            43.1325
          ],
          [
            19.785568,
            43.131964
          ],
          [
            19.786813,
            43.131408
          ],
          [
            19.786518,
            43.128894
          ],
          [
            19.787382,
            43.127602
          ],
          [
            19.788162,
            43.126277
          ],
          [
            19.79029,
            43.125004
          ],
          [
            19.791477,
            43.123793
          ],
          [
            19.792961,
            43.123104
          ],
          [
            19.794411,
            43.123196
          ],
          [
            19.796503,
            43.123325
          ],
          [
            19.798924,
            43.123439
          ],
          [
            19.803043,
            43.122278
          ],
          [
            19.805477,
            43.122231
          ],
          [
            19.807859,
            43.120931
          ],
          [
            19.807299,
            43.118573
          ],
          [
            19.807554,
            43.117287
          ],
          [
            19.809704,
            43.117172
          ],
          [
            19.810323,
            43.116373
          ],
          [
            19.811856,
            43.115465
          ],
          [
            19.816843,
            43.11543
          ],
          [
            19.820293,
            43.115558
          ],
          [
            19.82298,
            43.117094
          ],
          [
            19.826223,
            43.118139
          ],
          [
            19.828458,
            43.117555
          ],
          [
            19.829844,
            43.117739
          ],
          [
            19.832406,
            43.117155
          ],
          [
            19.832788,
            43.116158
          ],
          [
            19.834091,
            43.116058
          ],
          [
            19.835732,
            43.115604
          ],
          [
            19.837942,
            43.115361
          ],
          [
            19.838887,
            43.114065
          ],
          [
            19.84056,
            43.112475
          ],
          [
            19.840882,
            43.111848
          ],
          [
            19.840335,
            43.11076
          ],
          [
            19.840069,
            43.109924
          ],
          [
            19.838291,
            43.110143
          ],
          [
            19.834949,
            43.107895
          ],
          [
            19.833856,
            43.107147
          ],
          [
            19.833942,
            43.106756
          ],
          [
            19.835325,
            43.101752
          ],
          [
            19.836994,
            43.100199
          ],
          [
            19.834471,
            43.096158
          ],
          [
            19.838421,
            43.094506
          ],
          [
            19.839833,
            43.094314
          ],
          [
            19.841311,
            43.095081
          ],
          [
            19.842187,
            43.095858
          ],
          [
            19.842985,
            43.09635
          ],
          [
            19.843328,
            43.097126
          ],
          [
            19.843918,
            43.09729
          ],
          [
            19.844927,
            43.098223
          ],
          [
            19.845914,
            43.099853
          ],
          [
            19.848296,
            43.100612
          ],
          [
            19.851418,
            43.100071
          ],
          [
            19.851868,
            43.100393
          ],
          [
            19.851042,
            43.101129
          ],
          [
            19.851364,
            43.101591
          ],
          [
            19.851053,
            43.101889
          ],
          [
            19.851697,
            43.102288
          ],
          [
            19.852416,
            43.101818
          ],
          [
            19.8538,
            43.102641
          ],
          [
            19.855259,
            43.103174
          ],
          [
            19.856375,
            43.104192
          ],
          [
            19.859239,
            43.10568
          ],
          [
            19.86037,
            43.105672
          ],
          [
            19.861235,
            43.105993
          ],
          [
            19.861417,
            43.108531
          ],
          [
            19.861685,
            43.109048
          ],
          [
            19.861235,
            43.10944
          ],
          [
            19.862072,
            43.110082
          ],
          [
            19.863037,
            43.109675
          ],
          [
            19.864764,
            43.110462
          ],
          [
            19.864936,
            43.111284
          ],
          [
            19.866224,
            43.111715
          ],
          [
            19.867758,
            43.111887
          ],
          [
            19.869389,
            43.113008
          ],
          [
            19.870462,
            43.112968
          ],
          [
            19.87132,
            43.112647
          ],
          [
            19.872178,
            43.112553
          ],
          [
            19.873036,
            43.111472
          ],
          [
            19.874517,
            43.111018
          ],
          [
            19.876352,
            43.110211
          ],
          [
            19.876388,
            43.109733
          ],
          [
            19.878068,
            43.109937
          ],
          [
            19.878873,
            43.108794
          ],
          [
            19.879892,
            43.108418
          ],
          [
            19.880644,
            43.10642
          ],
          [
            19.883633,
            43.104996
          ],
          [
            19.881931,
            43.102668
          ],
          [
            19.882082,
            43.10231
          ],
          [
            19.884398,
            43.102206
          ],
          [
            19.886383,
            43.101329
          ],
          [
            19.886267,
            43.100141
          ],
          [
            19.886855,
            43.099073
          ],
          [
            19.887906,
            43.098414
          ],
          [
            19.888171,
            43.097259
          ],
          [
            19.891233,
            43.097627
          ],
          [
            19.895114,
            43.098663
          ],
          [
            19.89841,
            43.098791
          ],
          [
            19.899311,
            43.098352
          ],
          [
            19.901028,
            43.098508
          ],
          [
            19.902454,
            43.098981
          ],
          [
            19.905904,
            43.093052
          ],
          [
            19.906852,
            43.091091
          ],
          [
            19.911484,
            43.088093
          ],
          [
            19.916274,
            43.085325
          ],
          [
            19.917683,
            43.086818
          ],
          [
            19.918406,
            43.090841
          ],
          [
            19.920551,
            43.093705
          ],
          [
            19.923129,
            43.095908
          ],
          [
            19.924438,
            43.095532
          ],
          [
            19.927635,
            43.096143
          ],
          [
            19.928574,
            43.095659
          ],
          [
            19.931219,
            43.095902
          ],
          [
            19.933472,
            43.097408
          ],
          [
            19.934094,
            43.098266
          ],
          [
            19.935382,
            43.098438
          ],
          [
            19.937485,
            43.100334
          ],
          [
            19.941905,
            43.10082
          ],
          [
            19.94497,
            43.100694
          ],
          [
            19.946711,
            43.101603
          ],
          [
            19.94856,
            43.102841
          ],
          [
            19.950338,
            43.102088
          ],
          [
            19.950774,
            43.10296
          ],
          [
            19.952034,
            43.104322
          ],
          [
            19.953084,
            43.104752
          ],
          [
            19.953878,
            43.105692
          ],
          [
            19.956281,
            43.10754
          ],
          [
            19.957721,
            43.107937
          ],
          [
            19.959822,
            43.108057
          ],
          [
            19.960562,
            43.109535
          ],
          [
            19.962633,
            43.109937
          ],
          [
            19.963234,
            43.110407
          ],
          [
            19.965792,
            43.110707
          ],
          [
            19.967435,
            43.111149
          ],
          [
            19.968945,
            43.110786
          ],
          [
            19.97024,
            43.111269
          ],
          [
            19.97069,
            43.110337
          ],
          [
            19.971012,
            43.109115
          ],
          [
            19.972162,
            43.108036
          ],
          [
            19.973785,
            43.106376
          ],
          [
            19.973699,
            43.103192
          ],
          [
            19.972866,
            43.10162
          ],
          [
            19.972357,
            43.09929
          ],
          [
            19.971458,
            43.095159
          ],
          [
            19.970548,
            43.09142
          ],
          [
            19.969989,
            43.088026
          ],
          [
            19.967614,
            43.086703
          ],
          [
            19.969084,
            43.083936
          ],
          [
            19.971013,
            43.080773
          ],
          [
            19.972989,
            43.077569
          ],
          [
            19.975056,
            43.074492
          ],
          [
            19.976333,
            43.072729
          ],
          [
            19.978649,
            43.070531
          ],
          [
            19.981524,
            43.06803
          ],
          [
            19.984111,
            43.065719
          ],
          [
            19.985193,
            43.063064
          ],
          [
            19.986798,
            43.060279
          ],
          [
            19.98818,
            43.057699
          ],
          [
            19.988453,
            43.05719
          ],
          [
            19.992196,
            43.051797
          ],
          [
            19.997816,
            43.049162
          ],
          [
            20.002468,
            43.047321
          ],
          [
            20.005175,
            43.04596
          ],
          [
            20.01163,
            43.042658
          ],
          [
            20.017007,
            43.041075
          ],
          [
            20.02763,
            43.037685
          ],
          [
            20.033127,
            43.034901
          ],
          [
            20.036954,
            43.032555
          ],
          [
            20.040589,
            43.030105
          ],
          [
            20.041257,
            43.029385
          ],
          [
            20.041542,
            43.029125
          ],
          [
            20.047181,
            43.02681
          ],
          [
            20.0479,
            43.024798
          ],
          [
            20.04966,
            43.02301
          ],
          [
            20.049174,
            43.022237
          ],
          [
            20.055732,
            43.018037
          ],
          [
            20.056296,
            43.017398
          ],
          [
            20.056121,
            43.016401
          ],
          [
            20.054338,
            43.011871
          ],
          [
            20.054456,
            43.009673
          ],
          [
            20.059811,
            43.007705
          ],
          [
            20.053823,
            43.004728
          ],
          [
            20.057164,
            43.001909
          ],
          [
            20.05826,
            42.999337
          ],
          [
            20.059418,
            42.994679
          ],
          [
            20.063418,
            42.992561
          ],
          [
            20.068261,
            42.990867
          ],
          [
            20.072261,
            42.991445
          ],
          [
            20.075893,
            42.991483
          ],
          [
            20.079788,
            42.990713
          ],
          [
            20.083509,
            42.989126
          ],
          [
            20.084952,
            42.987973
          ],
          [
            20.087179,
            42.986194
          ],
          [
            20.088978,
            42.978862
          ],
          [
            20.090346,
            42.975655
          ],
          [
            20.093733,
            42.975007
          ],
          [
            20.095652,
            42.973221
          ],
          [
            20.096817,
            42.971434
          ],
          [
            20.099147,
            42.971341
          ],
          [
            20.10121,
            42.971711
          ],
          [
            20.103316,
            42.972543
          ],
          [
            20.105463,
            42.972574
          ],
          [
            20.108495,
            42.972204
          ],
          [
            20.111695,
            42.97091
          ],
          [
            20.117155,
            42.96758
          ],
          [
            20.117895,
            42.965923
          ],
          [
            20.119741,
            42.965734
          ],
          [
            20.12061,
            42.964989
          ],
          [
            20.121779,
            42.963496
          ],
          [
            20.123131,
            42.964125
          ],
          [
            20.12437,
            42.965394
          ],
          [
            20.125128,
            42.966997
          ],
          [
            20.126939,
            42.968014
          ],
          [
            20.128286,
            42.968168
          ],
          [
            20.131609,
            42.969465
          ],
          [
            20.133592,
            42.971495
          ],
          [
            20.134536,
            42.973597
          ],
          [
            20.136617,
            42.974743
          ],
          [
            20.137111,
            42.976234
          ],
          [
            20.136925,
            42.976715
          ],
          [
            20.137567,
            42.979541
          ],
          [
            20.137719,
            42.98006
          ],
          [
            20.14013,
            42.981721
          ],
          [
            20.141888,
            42.983357
          ],
          [
            20.144035,
            42.985513
          ],
          [
            20.146185,
            42.988673
          ],
          [
            20.147302,
            42.989674
          ],
          [
            20.15055,
            42.988963
          ],
          [
            20.151401,
            42.987788
          ],
          [
            20.15138,
            42.986909
          ],
          [
            20.151337,
            42.985826
          ],
          [
            20.152023,
            42.985691
          ],
          [
            20.152875,
            42.985635
          ],
          [
            20.15153,
            42.98344
          ],
          [
            20.151809,
            42.982843
          ],
          [
            20.152857,
            42.982402
          ],
          [
            20.152474,
            42.981525
          ],
          [
            20.151766,
            42.981368
          ],
          [
            20.151616,
            42.98074
          ],
          [
            20.152853,
            42.979023
          ],
          [
            20.15219,
            42.975815
          ],
          [
            20.153461,
            42.974921
          ],
          [
            20.15383,
            42.974871
          ],
          [
            20.155639,
            42.975856
          ],
          [
            20.157946,
            42.976091
          ],
          [
            20.158912,
            42.975952
          ],
          [
            20.159502,
            42.975661
          ],
          [
            20.159571,
            42.974832
          ],
          [
            20.160301,
            42.974876
          ],
          [
            20.160772,
            42.974731
          ],
          [
            20.161664,
            42.974688
          ],
          [
            20.161669,
            42.973726
          ],
          [
            20.162143,
            42.97331
          ],
          [
            20.169765,
            42.972866
          ],
          [
            20.171979,
            42.972262
          ],
          [
            20.17533,
            42.9701
          ],
          [
            20.182001,
            42.965739
          ],
          [
            20.193079,
            42.960238
          ],
          [
            20.196261,
            42.958484
          ],
          [
            20.198643,
            42.958751
          ],
          [
            20.201647,
            42.958138
          ],
          [
            20.202886,
            42.957744
          ],
          [
            20.204458,
            42.958625
          ],
          [
            20.206883,
            42.959065
          ],
          [
            20.208085,
            42.959567
          ],
          [
            20.209715,
            42.95941
          ],
          [
            20.211064,
            42.95871
          ],
          [
            20.213482,
            42.957699
          ],
          [
            20.215466,
            42.956442
          ],
          [
            20.218758,
            42.954813
          ],
          [
            20.220079,
            42.952642
          ],
          [
            20.220444,
            42.952642
          ],
          [
            20.222247,
            42.951574
          ],
          [
            20.222488,
            42.950649
          ],
          [
            20.225337,
            42.94837
          ],
          [
            20.227617,
            42.947254
          ],
          [
            20.228587,
            42.947286
          ],
          [
            20.229682,
            42.946634
          ],
          [
            20.23044,
            42.944643
          ],
          [
            20.233533,
            42.945268
          ],
          [
            20.236057,
            42.943474
          ],
          [
            20.237213,
            42.942205
          ],
          [
            20.238683,
            42.941498
          ],
          [
            20.241007,
            42.940625
          ],
          [
            20.252592,
            42.940462
          ],
          [
            20.255506,
            42.938599
          ],
          [
            20.26084,
            42.936408
          ],
          [
            20.262072,
            42.93546
          ],
          [
            20.264347,
            42.935138
          ],
          [
            20.267433,
            42.933839
          ],
          [
            20.270063,
            42.932655
          ],
          [
            20.271363,
            42.933127
          ],
          [
            20.273112,
            42.932671
          ],
          [
            20.274357,
            42.933457
          ],
          [
            20.276116,
            42.934038
          ],
          [
            20.276502,
            42.933629
          ],
          [
            20.278004,
            42.934682
          ],
          [
            20.278348,
            42.935515
          ],
          [
            20.279442,
            42.935106
          ],
          [
            20.279115,
            42.93262
          ],
          [
            20.28073,
            42.93231
          ],
          [
            20.282789,
            42.932294
          ],
          [
            20.284485,
            42.931666
          ],
          [
            20.284399,
            42.93
          ],
          [
            20.285085,
            42.928319
          ],
          [
            20.284978,
            42.927424
          ],
          [
            20.2856,
            42.927047
          ],
          [
            20.286862,
            42.92768
          ],
          [
            20.28854,
            42.927644
          ],
          [
            20.292851,
            42.925417
          ],
          [
            20.295643,
            42.924266
          ],
          [
            20.299412,
            42.921906
          ],
          [
            20.300471,
            42.921755
          ],
          [
            20.302203,
            42.922388
          ],
          [
            20.303088,
            42.921889
          ],
          [
            20.304955,
            42.92258
          ],
          [
            20.307348,
            42.922384
          ],
          [
            20.308582,
            42.922219
          ],
          [
            20.310545,
            42.922557
          ],
          [
            20.311382,
            42.92339
          ],
          [
            20.312305,
            42.923468
          ],
          [
            20.31253,
            42.922478
          ],
          [
            20.312938,
            42.922187
          ],
          [
            20.313345,
            42.921614
          ],
          [
            20.311704,
            42.921033
          ],
          [
            20.311218,
            42.917532
          ],
          [
            20.315158,
            42.917077
          ],
          [
            20.317392,
            42.91736
          ],
          [
            20.318463,
            42.91635
          ],
          [
            20.319268,
            42.91635
          ],
          [
            20.320104,
            42.915698
          ],
          [
            20.320051,
            42.91498
          ],
          [
            20.321542,
            42.914947
          ],
          [
            20.322754,
            42.915995
          ],
          [
            20.32387,
            42.915607
          ],
          [
            20.323817,
            42.915089
          ],
          [
            20.324804,
            42.914869
          ],
          [
            20.325565,
            42.913407
          ],
          [
            20.326188,
            42.913305
          ],
          [
            20.326928,
            42.912315
          ],
          [
            20.327904,
            42.913203
          ],
          [
            20.328301,
            42.912849
          ],
          [
            20.329299,
            42.913038
          ],
          [
            20.330275,
            42.913549
          ],
          [
            20.330703,
            42.91312
          ],
          [
            20.33284,
            42.91182
          ],
          [
            20.333912,
            42.911427
          ],
          [
            20.335941,
            42.909094
          ],
          [
            20.337241,
            42.907682
          ],
          [
            20.338633,
            42.908239
          ],
          [
            20.339619,
            42.908799
          ],
          [
            20.340128,
            42.90964
          ],
          [
            20.341241,
            42.910079
          ],
          [
            20.344606,
            42.909807
          ],
          [
            20.345787,
            42.911208
          ],
          [
            20.346414,
            42.911277
          ],
          [
            20.346897,
            42.910263
          ],
          [
            20.347337,
            42.908243
          ],
          [
            20.346715,
            42.907749
          ],
          [
            20.347154,
            42.906326
          ],
          [
            20.348549,
            42.90631
          ],
          [
            20.348635,
            42.90587
          ],
          [
            20.347562,
            42.905305
          ],
          [
            20.348002,
            42.903976
          ],
          [
            20.348803,
            42.903242
          ],
          [
            20.348716,
            42.90085
          ],
          [
            20.350086,
            42.899659
          ],
          [
            20.350317,
            42.896922
          ],
          [
            20.351064,
            42.895998
          ],
          [
            20.350488,
            42.89509
          ],
          [
            20.348836,
            42.894006
          ],
          [
            20.346454,
            42.889588
          ],
          [
            20.345843,
            42.888087
          ],
          [
            20.345918,
            42.886011
          ],
          [
            20.346843,
            42.881145
          ],
          [
            20.347066,
            42.878775
          ],
          [
            20.346787,
            42.877297
          ],
          [
            20.346776,
            42.876157
          ],
          [
            20.345758,
            42.875492
          ],
          [
            20.344952,
            42.873421
          ],
          [
            20.343763,
            42.872249
          ],
          [
            20.343,
            42.870676
          ],
          [
            20.343095,
            42.868466
          ],
          [
            20.343922,
            42.867335
          ],
          [
            20.344824,
            42.86643
          ],
          [
            20.345575,
            42.865062
          ],
          [
            20.345268,
            42.863038
          ],
          [
            20.345939,
            42.860863
          ],
          [
            20.347677,
            42.859478
          ],
          [
            20.349393,
            42.856041
          ],
          [
            20.349837,
            42.854224
          ],
          [
            20.348139,
            42.852561
          ],
          [
            20.348168,
            42.852282
          ],
          [
            20.348441,
            42.849206
          ],
          [
            20.348901,
            42.846314
          ],
          [
            20.349512,
            42.84492
          ],
          [
            20.350757,
            42.843936
          ],
          [
            20.351194,
            42.843161
          ],
          [
            20.351255,
            42.842779
          ],
          [
            20.352928,
            42.84054
          ],
          [
            20.352339,
            42.83763
          ],
          [
            20.352577,
            42.83678
          ],
          [
            20.352905,
            42.835898
          ],
          [
            20.35337,
            42.834671
          ],
          [
            20.353527,
            42.834069
          ],
          [
            20.356164,
            42.832401
          ],
          [
            20.35352,
            42.832933
          ],
          [
            20.353002,
            42.833381
          ],
          [
            20.349369,
            42.832636
          ],
          [
            20.348156,
            42.83275
          ],
          [
            20.346926,
            42.832983
          ],
          [
            20.343618,
            42.833205
          ],
          [
            20.341562,
            42.834393
          ],
          [
            20.34112,
            42.835357
          ],
          [
            20.339944,
            42.836265
          ],
          [
            20.33876,
            42.836077
          ],
          [
            20.337472,
            42.835928
          ],
          [
            20.335587,
            42.836064
          ],
          [
            20.334365,
            42.835412
          ],
          [
            20.333729,
            42.835128
          ],
          [
            20.332825,
            42.834804
          ],
          [
            20.331566,
            42.833893
          ],
          [
            20.330088,
            42.833594
          ],
          [
            20.328684,
            42.833718
          ],
          [
            20.327861,
            42.833475
          ],
          [
            20.320082,
            42.826383
          ],
          [
            20.319626,
            42.828258
          ],
          [
            20.317337,
            42.828692
          ],
          [
            20.316586,
            42.829212
          ],
          [
            20.316326,
            42.83029
          ],
          [
            20.316223,
            42.831261
          ],
          [
            20.316148,
            42.831965
          ],
          [
            20.316149,
            42.832169
          ],
          [
            20.316211,
            42.832832
          ],
          [
            20.316209,
            42.83364
          ],
          [
            20.316214,
            42.834413
          ],
          [
            20.315518,
            42.835998
          ],
          [
            20.312709,
            42.835869
          ],
          [
            20.311663,
            42.83598
          ],
          [
            20.310675,
            42.835877
          ],
          [
            20.310346,
            42.835616
          ],
          [
            20.309544,
            42.8354
          ],
          [
            20.309217,
            42.835526
          ],
          [
            20.308952,
            42.835813
          ],
          [
            20.308584,
            42.835656
          ],
          [
            20.308212,
            42.835608
          ],
          [
            20.307267,
            42.835576
          ],
          [
            20.306403,
            42.835472
          ],
          [
            20.305825,
            42.83547
          ],
          [
            20.305222,
            42.835582
          ],
          [
            20.304329,
            42.835827
          ],
          [
            20.302704,
            42.836165
          ],
          [
            20.301773,
            42.836242
          ],
          [
            20.300229,
            42.83619
          ],
          [
            20.297879,
            42.836101
          ],
          [
            20.297784,
            42.835141
          ],
          [
            20.297289,
            42.834685
          ],
          [
            20.296973,
            42.834194
          ],
          [
            20.296769,
            42.833818
          ],
          [
            20.295532,
            42.833304
          ],
          [
            20.293678,
            42.827941
          ],
          [
            20.293909,
            42.825499
          ],
          [
            20.292354,
            42.825345
          ],
          [
            20.288781,
            42.825667
          ],
          [
            20.288057,
            42.825991
          ],
          [
            20.287277,
            42.826135
          ],
          [
            20.285838,
            42.826173
          ],
          [
            20.285348,
            42.826254
          ],
          [
            20.28525,
            42.826778
          ],
          [
            20.285054,
            42.827172
          ],
          [
            20.284622,
            42.827468
          ],
          [
            20.283989,
            42.828169
          ],
          [
            20.282505,
            42.829751
          ],
          [
            20.282059,
            42.829904
          ],
          [
            20.281394,
            42.830301
          ],
          [
            20.281082,
            42.830235
          ],
          [
            20.280624,
            42.830487
          ],
          [
            20.279825,
            42.82974
          ],
          [
            20.279959,
            42.829618
          ],
          [
            20.279562,
            42.829398
          ],
          [
            20.278641,
            42.828971
          ],
          [
            20.275156,
            42.825526
          ],
          [
            20.275708,
            42.824346
          ],
          [
            20.275091,
            42.823543
          ],
          [
            20.2755,
            42.823104
          ],
          [
            20.275768,
            42.822613
          ],
          [
            20.276011,
            42.822286
          ],
          [
            20.276008,
            42.821808
          ],
          [
            20.275455,
            42.821568
          ],
          [
            20.274919,
            42.82105
          ],
          [
            20.274751,
            42.820806
          ],
          [
            20.27446,
            42.820379
          ],
          [
            20.274172,
            42.820011
          ],
          [
            20.273902,
            42.819792
          ],
          [
            20.272613,
            42.819357
          ],
          [
            20.27169,
            42.818977
          ],
          [
            20.271023,
            42.818797
          ],
          [
            20.269217,
            42.818147
          ],
          [
            20.268294,
            42.818084
          ],
          [
            20.267456,
            42.817971
          ],
          [
            20.267091,
            42.817705
          ],
          [
            20.266386,
            42.817377
          ],
          [
            20.265918,
            42.816859
          ],
          [
            20.265756,
            42.816281
          ],
          [
            20.265258,
            42.816113
          ],
          [
            20.264496,
            42.815932
          ],
          [
            20.264027,
            42.815706
          ],
          [
            20.263599,
            42.815695
          ],
          [
            20.26302,
            42.815532
          ],
          [
            20.26246,
            42.815443
          ],
          [
            20.261727,
            42.815015
          ],
          [
            20.260489,
            42.814698
          ],
          [
            20.260069,
            42.814901
          ],
          [
            20.259623,
            42.814665
          ],
          [
            20.258251,
            42.815272
          ],
          [
            20.257623,
            42.815247
          ],
          [
            20.2566,
            42.81485
          ],
          [
            20.25617,
            42.814746
          ],
          [
            20.255562,
            42.814609
          ],
          [
            20.254929,
            42.814449
          ],
          [
            20.254554,
            42.813862
          ],
          [
            20.254306,
            42.813394
          ],
          [
            20.253875,
            42.812662
          ],
          [
            20.253482,
            42.811685
          ],
          [
            20.253265,
            42.811509
          ],
          [
            20.252441,
            42.810789
          ],
          [
            20.253782,
            42.809955
          ],
          [
            20.255125,
            42.807458
          ],
          [
            20.25569,
            42.806954
          ],
          [
            20.256487,
            42.806451
          ],
          [
            20.256645,
            42.806211
          ],
          [
            20.258521,
            42.804796
          ],
          [
            20.259354,
            42.804503
          ],
          [
            20.262932,
            42.804307
          ],
          [
            20.262498,
            42.798456
          ],
          [
            20.263515,
            42.789336
          ],
          [
            20.266113,
            42.779559
          ],
          [
            20.266283,
            42.779306
          ],
          [
            20.266159,
            42.778902
          ],
          [
            20.265795,
            42.778033
          ],
          [
            20.264802,
            42.776925
          ],
          [
            20.264125,
            42.776368
          ],
          [
            20.263576,
            42.776011
          ],
          [
            20.262787,
            42.775609
          ],
          [
            20.262229,
            42.775436
          ],
          [
            20.261419,
            42.775238
          ],
          [
            20.260255,
            42.774672
          ],
          [
            20.259667,
            42.772832
          ],
          [
            20.258585,
            42.772095
          ],
          [
            20.258331,
            42.771126
          ],
          [
            20.25718,
            42.77093
          ],
          [
            20.256494,
            42.770697
          ],
          [
            20.255437,
            42.770007
          ],
          [
            20.255938,
            42.769768
          ],
          [
            20.255244,
            42.769434
          ],
          [
            20.254684,
            42.768087
          ],
          [
            20.2545,
            42.767589
          ],
          [
            20.254262,
            42.766791
          ],
          [
            20.250468,
            42.759236
          ],
          [
            20.245936,
            42.7584
          ],
          [
            20.240998,
            42.757057
          ],
          [
            20.239033,
            42.757044
          ],
          [
            20.236772,
            42.756839
          ],
          [
            20.236283,
            42.756535
          ],
          [
            20.236021,
            42.755734
          ],
          [
            20.235527,
            42.754512
          ],
          [
            20.235231,
            42.753809
          ],
          [
            20.234367,
            42.752762
          ],
          [
            20.233183,
            42.752518
          ],
          [
            20.230377,
            42.752574
          ],
          [
            20.229704,
            42.752731
          ],
          [
            20.228557,
            42.752795
          ],
          [
            20.227296,
            42.752902
          ],
          [
            20.227105,
            42.752923
          ],
          [
            20.227153,
            42.752931
          ],
          [
            20.227139,
            42.752959
          ],
          [
            20.227011,
            42.752939
          ],
          [
            20.226815,
            42.752933
          ],
          [
            20.226145,
            42.753023
          ],
          [
            20.225892,
            42.753084
          ],
          [
            20.22561,
            42.75307
          ],
          [
            20.225127,
            42.753133
          ],
          [
            20.224818,
            42.753018
          ],
          [
            20.224624,
            42.753056
          ],
          [
            20.223968,
            42.753078
          ],
          [
            20.22326,
            42.752905
          ],
          [
            20.222357,
            42.752578
          ],
          [
            20.221861,
            42.752579
          ],
          [
            20.221595,
            42.752575
          ],
          [
            20.221447,
            42.75245
          ],
          [
            20.221313,
            42.752401
          ],
          [
            20.221174,
            42.752316
          ],
          [
            20.220974,
            42.752266
          ],
          [
            20.220313,
            42.751975
          ],
          [
            20.219746,
            42.751863
          ],
          [
            20.21955,
            42.751707
          ],
          [
            20.219464,
            42.751578
          ],
          [
            20.219186,
            42.751407
          ],
          [
            20.218692,
            42.751342
          ],
          [
            20.218697,
            42.751249
          ],
          [
            20.218381,
            42.751057
          ],
          [
            20.218323,
            42.750898
          ],
          [
            20.217981,
            42.750684
          ],
          [
            20.217643,
            42.750601
          ],
          [
            20.217537,
            42.750562
          ],
          [
            20.217378,
            42.750288
          ],
          [
            20.217178,
            42.750402
          ],
          [
            20.217103,
            42.750388
          ],
          [
            20.217013,
            42.750255
          ],
          [
            20.216702,
            42.750067
          ],
          [
            20.216404,
            42.749854
          ],
          [
            20.216225,
            42.749769
          ],
          [
            20.216073,
            42.74957
          ],
          [
            20.215814,
            42.749477
          ],
          [
            20.215367,
            42.749149
          ],
          [
            20.215114,
            42.74913
          ],
          [
            20.214798,
            42.749026
          ],
          [
            20.214589,
            42.749102
          ],
          [
            20.214216,
            42.749102
          ],
          [
            20.213564,
            42.748838
          ],
          [
            20.213208,
            42.748736
          ],
          [
            20.212906,
            42.74833
          ],
          [
            20.212706,
            42.747786
          ],
          [
            20.212823,
            42.747467
          ],
          [
            20.212755,
            42.747325
          ],
          [
            20.212893,
            42.747123
          ],
          [
            20.213046,
            42.747056
          ],
          [
            20.213118,
            42.746921
          ],
          [
            20.212892,
            42.746606
          ],
          [
            20.21276,
            42.74616
          ],
          [
            20.212706,
            42.746294
          ],
          [
            20.212627,
            42.746213
          ],
          [
            20.211481,
            42.746804
          ],
          [
            20.210262,
            42.746961
          ],
          [
            20.210069,
            42.747308
          ],
          [
            20.209739,
            42.747408
          ],
          [
            20.209604,
            42.747707
          ],
          [
            20.208881,
            42.748182
          ],
          [
            20.208386,
            42.74821
          ],
          [
            20.207928,
            42.748513
          ],
          [
            20.207336,
            42.748737
          ],
          [
            20.207113,
            42.748919
          ],
          [
            20.206587,
            42.748983
          ],
          [
            20.205958,
            42.749412
          ],
          [
            20.205292,
            42.749445
          ],
          [
            20.204747,
            42.749508
          ],
          [
            20.204038,
            42.74964
          ],
          [
            20.203895,
            42.749606
          ],
          [
            20.203359,
            42.749901
          ],
          [
            20.202898,
            42.749909
          ],
          [
            20.202544,
            42.750109
          ],
          [
            20.201638,
            42.750416
          ],
          [
            20.200894,
            42.750148
          ],
          [
            20.198881,
            42.750069
          ],
          [
            20.197157,
            42.750024
          ],
          [
            20.195719,
            42.750373
          ],
          [
            20.195746,
            42.750245
          ],
          [
            20.193852,
            42.748839
          ],
          [
            20.192148,
            42.74652
          ],
          [
            20.191339,
            42.745192
          ],
          [
            20.190516,
            42.746034
          ],
          [
            20.189585,
            42.746475
          ],
          [
            20.182818,
            42.753733
          ],
          [
            20.180247,
            42.753445
          ],
          [
            20.179727,
            42.754292
          ],
          [
            20.176076,
            42.755252
          ],
          [
            20.173958,
            42.755538
          ],
          [
            20.172654,
            42.756597
          ],
          [
            20.172739,
            42.757998
          ],
          [
            20.170121,
            42.759561
          ],
          [
            20.168044,
            42.762081
          ],
          [
            20.165678,
            42.762474
          ],
          [
            20.158503,
            42.765888
          ],
          [
            20.154953,
            42.768605
          ],
          [
            20.148835,
            42.763415
          ],
          [
            20.14668,
            42.75448
          ],
          [
            20.145504,
            42.754805
          ],
          [
            20.144334,
            42.755166
          ],
          [
            20.143532,
            42.755264
          ],
          [
            20.142401,
            42.755807
          ],
          [
            20.141612,
            42.755884
          ],
          [
            20.140903,
            42.757167
          ],
          [
            20.139664,
            42.756869
          ],
          [
            20.138731,
            42.757551
          ],
          [
            20.137129,
            42.758191
          ],
          [
            20.134263,
            42.759654
          ],
          [
            20.132445,
            42.760097
          ],
          [
            20.132122,
            42.760262
          ],
          [
            20.131598,
            42.760394
          ],
          [
            20.131277,
            42.760437
          ],
          [
            20.129628,
            42.760991
          ],
          [
            20.129154,
            42.761221
          ],
          [
            20.128627,
            42.761312
          ],
          [
            20.127999,
            42.761181
          ],
          [
            20.127577,
            42.761386
          ],
          [
            20.127113,
            42.761777
          ],
          [
            20.126622,
            42.762363
          ],
          [
            20.126366,
            42.762491
          ],
          [
            20.125695,
            42.762662
          ],
          [
            20.123757,
            42.7627
          ],
          [
            20.122951,
            42.762878
          ],
          [
            20.121553,
            42.76282
          ],
          [
            20.120608,
            42.762735
          ],
          [
            20.120446,
            42.762389
          ],
          [
            20.119754,
            42.762322
          ],
          [
            20.119383,
            42.76236
          ],
          [
            20.119042,
            42.762992
          ],
          [
            20.118593,
            42.763228
          ],
          [
            20.116731,
            42.763753
          ],
          [
            20.115821,
            42.763665
          ],
          [
            20.114919,
            42.763802
          ],
          [
            20.113509,
            42.764943
          ],
          [
            20.112216,
            42.765257
          ],
          [
            20.10557,
            42.768789
          ],
          [
            20.104901,
            42.769828
          ],
          [
            20.104368,
            42.769876
          ],
          [
            20.103665,
            42.770145
          ],
          [
            20.104754,
            42.773037
          ],
          [
            20.098136,
            42.776794
          ],
          [
            20.096707,
            42.776903
          ],
          [
            20.094703,
            42.776757
          ],
          [
            20.094114,
            42.776856
          ],
          [
            20.092001,
            42.776516
          ],
          [
            20.091376,
            42.776302
          ],
          [
            20.089337,
            42.77613
          ],
          [
            20.08738,
            42.774741
          ],
          [
            20.08686,
            42.774758
          ],
          [
            20.086312,
            42.774784
          ],
          [
            20.085746,
            42.774753
          ],
          [
            20.085183,
            42.774539
          ],
          [
            20.084903,
            42.774353
          ],
          [
            20.083568,
            42.774471
          ],
          [
            20.083058,
            42.774604
          ],
          [
            20.080905,
            42.775026
          ],
          [
            20.08064,
            42.774948
          ],
          [
            20.079867,
            42.775137
          ],
          [
            20.07849,
            42.775027
          ],
          [
            20.075124,
            42.77502
          ],
          [
            20.072681,
            42.77506
          ],
          [
            20.071708,
            42.774861
          ],
          [
            20.070579,
            42.775064
          ],
          [
            20.069931,
            42.774954
          ],
          [
            20.069483,
            42.774961
          ],
          [
            20.067934,
            42.77566
          ],
          [
            20.067086,
            42.775793
          ],
          [
            20.066618,
            42.776532
          ],
          [
            20.064928,
            42.77765
          ],
          [
            20.064203,
            42.777915
          ],
          [
            20.062979,
            42.778296
          ],
          [
            20.060976,
            42.7791
          ],
          [
            20.060072,
            42.779082
          ],
          [
            20.059063,
            42.778754
          ],
          [
            20.058859,
            42.778695
          ],
          [
            20.058343,
            42.778565
          ],
          [
            20.057987,
            42.778463
          ],
          [
            20.056956,
            42.778208
          ],
          [
            20.056157,
            42.778013
          ],
          [
            20.055261,
            42.777836
          ],
          [
            20.05472,
            42.777841
          ],
          [
            20.054002,
            42.777638
          ],
          [
            20.053166,
            42.777087
          ],
          [
            20.052447,
            42.776834
          ],
          [
            20.052021,
            42.776696
          ],
          [
            20.051069,
            42.776146
          ],
          [
            20.049872,
            42.775757
          ],
          [
            20.050181,
            42.775572
          ],
          [
            20.049676,
            42.77518
          ],
          [
            20.049084,
            42.774908
          ],
          [
            20.048697,
            42.774249
          ],
          [
            20.048487,
            42.77431
          ],
          [
            20.047848,
            42.773774
          ],
          [
            20.047269,
            42.773539
          ],
          [
            20.047195,
            42.773557
          ],
          [
            20.04573,
            42.773932
          ],
          [
            20.04502,
            42.774511
          ],
          [
            20.043434,
            42.774601
          ],
          [
            20.042776,
            42.77437
          ],
          [
            20.042154,
            42.773852
          ],
          [
            20.041376,
            42.773421
          ],
          [
            20.040706,
            42.773266
          ],
          [
            20.038637,
            42.772209
          ],
          [
            20.037962,
            42.77129
          ],
          [
            20.037863,
            42.770748
          ],
          [
            20.033365,
            42.76892
          ],
          [
            20.033207,
            42.766697
          ],
          [
            20.032759,
            42.765294
          ],
          [
            20.03242,
            42.764874
          ],
          [
            20.029989,
            42.765945
          ],
          [
            20.029103,
            42.765671
          ],
          [
            20.028481,
            42.765592
          ],
          [
            20.027684,
            42.76541
          ],
          [
            20.026492,
            42.765216
          ],
          [
            20.025791,
            42.764996
          ],
          [
            20.024633,
            42.765186
          ],
          [
            20.024321,
            42.764742
          ],
          [
            20.024211,
            42.764189
          ],
          [
            20.023856,
            42.763353
          ],
          [
            20.024225,
            42.762373
          ],
          [
            20.024265,
            42.762196
          ],
          [
            20.023942,
            42.762005
          ],
          [
            20.023967,
            42.761904
          ],
          [
            20.022778,
            42.760271
          ],
          [
            20.022569,
            42.759619
          ],
          [
            20.022661,
            42.759135
          ],
          [
            20.022412,
            42.758642
          ],
          [
            20.022557,
            42.758242
          ],
          [
            20.022266,
            42.757902
          ],
          [
            20.022218,
            42.757835
          ],
          [
            20.022041,
            42.757584
          ],
          [
            20.022666,
            42.755699
          ],
          [
            20.02393,
            42.753304
          ],
          [
            20.023461,
            42.752622
          ],
          [
            20.020883,
            42.75001
          ],
          [
            20.019903,
            42.748605
          ],
          [
            20.020256,
            42.747123
          ],
          [
            20.02016,
            42.74618
          ],
          [
            20.020238,
            42.745337
          ],
          [
            20.019635,
            42.744799
          ],
          [
            20.01899,
            42.744579
          ],
          [
            20.01774,
            42.744442
          ],
          [
            20.017142,
            42.744413
          ],
          [
            20.016847,
            42.744433
          ],
          [
            20.016513,
            42.744687
          ],
          [
            20.015517,
            42.743521
          ],
          [
            20.014059,
            42.74067
          ],
          [
            20.014543,
            42.740137
          ],
          [
            20.015172,
            42.737301
          ],
          [
            20.016223,
            42.735178
          ],
          [
            20.016179,
            42.734798
          ],
          [
            20.016039,
            42.73389
          ],
          [
            20.015737,
            42.733276
          ],
          [
            20.015854,
            42.733037
          ],
          [
            20.015851,
            42.732849
          ],
          [
            20.01588,
            42.732491
          ],
          [
            20.015716,
            42.731879
          ],
          [
            20.015582,
            42.731592
          ],
          [
            20.015432,
            42.731087
          ],
          [
            20.015196,
            42.730659
          ],
          [
            20.015137,
            42.730351
          ],
          [
            20.014804,
            42.729741
          ],
          [
            20.014756,
            42.729435
          ],
          [
            20.014576,
            42.72944
          ],
          [
            20.014586,
            42.729169
          ],
          [
            20.014667,
            42.728819
          ],
          [
            20.014862,
            42.728444
          ],
          [
            20.015122,
            42.727985
          ],
          [
            20.015702,
            42.727558
          ],
          [
            20.015947,
            42.72741
          ],
          [
            20.016273,
            42.72693
          ],
          [
            20.01688,
            42.726317
          ],
          [
            20.017568,
            42.725642
          ],
          [
            20.017984,
            42.725286
          ],
          [
            20.018267,
            42.724795
          ],
          [
            20.018394,
            42.724621
          ],
          [
            20.018813,
            42.724282
          ],
          [
            20.019134,
            42.72447
          ],
          [
            20.019795,
            42.724154
          ],
          [
            20.020429,
            42.723984
          ],
          [
            20.022025,
            42.722869
          ],
          [
            20.023307,
            42.722439
          ],
          [
            20.024209,
            42.722355
          ],
          [
            20.025644,
            42.722534
          ],
          [
            20.026514,
            42.72223
          ],
          [
            20.027526,
            42.721335
          ],
          [
            20.029782,
            42.720657
          ],
          [
            20.031396,
            42.720546
          ],
          [
            20.032055,
            42.720687
          ],
          [
            20.032101,
            42.72024
          ],
          [
            20.032014,
            42.719902
          ],
          [
            20.031795,
            42.719607
          ],
          [
            20.031559,
            42.719316
          ],
          [
            20.031314,
            42.71913
          ],
          [
            20.03078,
            42.718784
          ],
          [
            20.030121,
            42.718413
          ],
          [
            20.028075,
            42.717864
          ],
          [
            20.02752,
            42.716361
          ],
          [
            20.027119,
            42.715799
          ],
          [
            20.026242,
            42.715415
          ],
          [
            20.025729,
            42.715347
          ],
          [
            20.025243,
            42.715127
          ],
          [
            20.024679,
            42.714948
          ],
          [
            20.023873,
            42.714649
          ],
          [
            20.023543,
            42.714345
          ],
          [
            20.023414,
            42.714019
          ],
          [
            20.022132,
            42.71324
          ],
          [
            20.02057,
            42.712955
          ],
          [
            20.018444,
            42.713606
          ],
          [
            20.017574,
            42.713581
          ],
          [
            20.016874,
            42.713297
          ],
          [
            20.01634,
            42.7126
          ],
          [
            20.015772,
            42.709983
          ],
          [
            20.015734,
            42.709809
          ],
          [
            20.01612,
            42.709704
          ],
          [
            20.016372,
            42.709736
          ],
          [
            20.016905,
            42.709722
          ],
          [
            20.017575,
            42.709765
          ],
          [
            20.018222,
            42.70954
          ],
          [
            20.018885,
            42.709543
          ],
          [
            20.019351,
            42.709609
          ],
          [
            20.019898,
            42.709605
          ],
          [
            20.020415,
            42.709565
          ],
          [
            20.020899,
            42.709562
          ],
          [
            20.02146,
            42.709477
          ],
          [
            20.021989,
            42.709368
          ],
          [
            20.022292,
            42.709428
          ],
          [
            20.022646,
            42.709605
          ],
          [
            20.023128,
            42.709744
          ],
          [
            20.023661,
            42.709602
          ],
          [
            20.024088,
            42.709617
          ],
          [
            20.024599,
            42.709732
          ],
          [
            20.025286,
            42.709751
          ],
          [
            20.025613,
            42.709694
          ],
          [
            20.026324,
            42.709743
          ],
          [
            20.026838,
            42.709741
          ],
          [
            20.027522,
            42.70965
          ],
          [
            20.027985,
            42.709727
          ],
          [
            20.028665,
            42.709928
          ],
          [
            20.029229,
            42.710119
          ],
          [
            20.029666,
            42.710184
          ],
          [
            20.03,
            42.710357
          ],
          [
            20.030436,
            42.710573
          ],
          [
            20.031002,
            42.710704
          ],
          [
            20.031279,
            42.71085
          ],
          [
            20.032166,
            42.71125
          ],
          [
            20.032902,
            42.711285
          ],
          [
            20.033912,
            42.711285
          ],
          [
            20.031444,
            42.706482
          ],
          [
            20.031805,
            42.701741
          ],
          [
            20.033283,
            42.697695
          ],
          [
            20.033084,
            42.697256
          ],
          [
            20.035543,
            42.696696
          ],
          [
            20.035718,
            42.696612
          ],
          [
            20.037481,
            42.696536
          ],
          [
            20.038743,
            42.696415
          ],
          [
            20.039296,
            42.696388
          ],
          [
            20.039928,
            42.696395
          ],
          [
            20.04057,
            42.69631
          ],
          [
            20.041257,
            42.696216
          ],
          [
            20.041894,
            42.696177
          ],
          [
            20.042914,
            42.696116
          ],
          [
            20.043768,
            42.695938
          ],
          [
            20.044496,
            42.695658
          ],
          [
            20.045141,
            42.695233
          ],
          [
            20.04617,
            42.694437
          ],
          [
            20.046249,
            42.693966
          ],
          [
            20.046448,
            42.693359
          ],
          [
            20.046673,
            42.693001
          ],
          [
            20.047488,
            42.692578
          ],
          [
            20.048266,
            42.692288
          ],
          [
            20.048801,
            42.69194
          ],
          [
            20.049086,
            42.691346
          ],
          [
            20.049081,
            42.69099
          ],
          [
            20.049349,
            42.690821
          ],
          [
            20.049378,
            42.690506
          ],
          [
            20.049794,
            42.690334
          ],
          [
            20.049973,
            42.6902
          ],
          [
            20.05,
            42.690048
          ],
          [
            20.050921,
            42.68926
          ],
          [
            20.052215,
            42.688518
          ],
          [
            20.052505,
            42.68837
          ],
          [
            20.052744,
            42.688042
          ],
          [
            20.052881,
            42.687519
          ],
          [
            20.052901,
            42.686779
          ],
          [
            20.053077,
            42.68635
          ],
          [
            20.053104,
            42.685796
          ],
          [
            20.053315,
            42.685157
          ],
          [
            20.053727,
            42.684872
          ],
          [
            20.05399,
            42.684752
          ],
          [
            20.054588,
            42.684853
          ],
          [
            20.055218,
            42.684913
          ],
          [
            20.05588,
            42.684897
          ],
          [
            20.056507,
            42.684887
          ],
          [
            20.057101,
            42.684757
          ],
          [
            20.058018,
            42.684467
          ],
          [
            20.058515,
            42.684272
          ],
          [
            20.059418,
            42.684184
          ],
          [
            20.060331,
            42.684366
          ],
          [
            20.061093,
            42.68448
          ],
          [
            20.061863,
            42.684385
          ],
          [
            20.062374,
            42.684491
          ],
          [
            20.063084,
            42.684704
          ],
          [
            20.063795,
            42.684821
          ],
          [
            20.063815,
            42.684738
          ],
          [
            20.063869,
            42.684517
          ],
          [
            20.068291,
            42.680348
          ],
          [
            20.083283,
            42.68004
          ],
          [
            20.088604,
            42.668744
          ],
          [
            20.094511,
            42.666342
          ],
          [
            20.11158,
            42.655382
          ],
          [
            20.11144,
            42.655142
          ],
          [
            20.109947,
            42.650872
          ],
          [
            20.109641,
            42.649363
          ],
          [
            20.108508,
            42.648027
          ],
          [
            20.105111,
            42.646841
          ],
          [
            20.103807,
            42.646102
          ],
          [
            20.0983,
            42.64369
          ],
          [
            20.096966,
            42.642695
          ],
          [
            20.09424,
            42.64026
          ],
          [
            20.09425,
            42.639916
          ],
          [
            20.093971,
            42.639503
          ],
          [
            20.093638,
            42.63935
          ],
          [
            20.093287,
            42.638595
          ],
          [
            20.093323,
            42.638051
          ],
          [
            20.09305,
            42.63796
          ],
          [
            20.092875,
            42.637662
          ],
          [
            20.093192,
            42.637382
          ],
          [
            20.092453,
            42.636886
          ],
          [
            20.092311,
            42.636416
          ],
          [
            20.091916,
            42.634588
          ],
          [
            20.091856,
            42.634218
          ],
          [
            20.090501,
            42.63317
          ],
          [
            20.090059,
            42.632378
          ],
          [
            20.089781,
            42.631671
          ],
          [
            20.089886,
            42.630987
          ],
          [
            20.088424,
            42.62998
          ],
          [
            20.088145,
            42.62934
          ],
          [
            20.087595,
            42.628949
          ],
          [
            20.086765,
            42.628638
          ],
          [
            20.086223,
            42.628214
          ],
          [
            20.085687,
            42.627757
          ],
          [
            20.084916,
            42.627521
          ],
          [
            20.084343,
            42.627459
          ],
          [
            20.084077,
            42.627494
          ],
          [
            20.083717,
            42.627423
          ],
          [
            20.083315,
            42.6273
          ],
          [
            20.082678,
            42.627016
          ],
          [
            20.082493,
            42.626895
          ],
          [
            20.081986,
            42.626657
          ],
          [
            20.081687,
            42.626431
          ],
          [
            20.081286,
            42.626042
          ],
          [
            20.080971,
            42.62579
          ],
          [
            20.080877,
            42.625668
          ],
          [
            20.080399,
            42.625225
          ],
          [
            20.08022,
            42.625035
          ],
          [
            20.079878,
            42.624705
          ],
          [
            20.079555,
            42.624389
          ],
          [
            20.079247,
            42.624277
          ],
          [
            20.078889,
            42.624137
          ],
          [
            20.078136,
            42.623877
          ],
          [
            20.077573,
            42.622945
          ],
          [
            20.077271,
            42.622502
          ],
          [
            20.076988,
            42.621905
          ],
          [
            20.076691,
            42.6216
          ],
          [
            20.076187,
            42.621064
          ],
          [
            20.075653,
            42.620944
          ],
          [
            20.075682,
            42.619809
          ],
          [
            20.075593,
            42.61925
          ],
          [
            20.075677,
            42.618202
          ],
          [
            20.0757,
            42.617702
          ],
          [
            20.075671,
            42.617125
          ],
          [
            20.075676,
            42.616707
          ],
          [
            20.075575,
            42.616325
          ],
          [
            20.075493,
            42.615983
          ],
          [
            20.075738,
            42.61523
          ],
          [
            20.075976,
            42.614869
          ],
          [
            20.075792,
            42.614128
          ],
          [
            20.075684,
            42.613489
          ],
          [
            20.075148,
            42.612588
          ],
          [
            20.075075,
            42.612245
          ],
          [
            20.075084,
            42.611327
          ],
          [
            20.074611,
            42.610742
          ],
          [
            20.073631,
            42.609551
          ],
          [
            20.073523,
            42.609246
          ],
          [
            20.07336,
            42.609089
          ],
          [
            20.072903,
            42.608408
          ],
          [
            20.072516,
            42.607598
          ],
          [
            20.072456,
            42.607042
          ],
          [
            20.072503,
            42.606723
          ],
          [
            20.072887,
            42.606148
          ],
          [
            20.073227,
            42.605854
          ],
          [
            20.073671,
            42.605279
          ],
          [
            20.074241,
            42.605013
          ],
          [
            20.074242,
            42.604764
          ],
          [
            20.074226,
            42.604251
          ],
          [
            20.074387,
            42.603724
          ],
          [
            20.074568,
            42.602203
          ],
          [
            20.074647,
            42.601665
          ],
          [
            20.075993,
            42.599629
          ],
          [
            20.076223,
            42.599234
          ],
          [
            20.077673,
            42.598054
          ],
          [
            20.078218,
            42.597864
          ],
          [
            20.078816,
            42.597533
          ],
          [
            20.078794,
            42.597251
          ],
          [
            20.07944,
            42.596502
          ],
          [
            20.079614,
            42.595355
          ],
          [
            20.080589,
            42.594148
          ],
          [
            20.081109,
            42.592897
          ],
          [
            20.082357,
            42.590751
          ],
          [
            20.083656,
            42.590182
          ],
          [
            20.085885,
            42.587389
          ],
          [
            20.086036,
            42.586651
          ],
          [
            20.085931,
            42.586453
          ],
          [
            20.085905,
            42.586172
          ],
          [
            20.085754,
            42.585738
          ],
          [
            20.085111,
            42.585168
          ],
          [
            20.085443,
            42.58502
          ],
          [
            20.085538,
            42.583755
          ],
          [
            20.085346,
            42.582861
          ],
          [
            20.085451,
            42.582358
          ],
          [
            20.086395,
            42.581693
          ],
          [
            20.087009,
            42.58091
          ],
          [
            20.087247,
            42.579118
          ],
          [
            20.087179,
            42.578793
          ],
          [
            20.087927,
            42.57779
          ],
          [
            20.088205,
            42.575547
          ],
          [
            20.08822,
            42.574594
          ],
          [
            20.087872,
            42.573895
          ],
          [
            20.087137,
            42.573171
          ],
          [
            20.086779,
            42.572967
          ],
          [
            20.085742,
            42.572175
          ],
          [
            20.085507,
            42.572024
          ],
          [
            20.08391,
            42.570756
          ],
          [
            20.083601,
            42.570195
          ],
          [
            20.083596,
            42.569877
          ],
          [
            20.083842,
            42.569287
          ],
          [
            20.083911,
            42.569185
          ],
          [
            20.083923,
            42.56891
          ],
          [
            20.083743,
            42.568582
          ],
          [
            20.0841,
            42.568198
          ],
          [
            20.084043,
            42.568073
          ],
          [
            20.082434,
            42.565902
          ],
          [
            20.081779,
            42.564442
          ],
          [
            20.081152,
            42.563836
          ],
          [
            20.080448,
            42.562579
          ],
          [
            20.080342,
            42.562259
          ],
          [
            20.079884,
            42.561108
          ],
          [
            20.079577,
            42.560992
          ],
          [
            20.078986,
            42.559895
          ],
          [
            20.078641,
            42.558642
          ],
          [
            20.078836,
            42.557042
          ],
          [
            20.078309,
            42.556208
          ],
          [
            20.0782,
            42.5546
          ]
        ]
      }
    }
  ]
}
