{
  "type": "FeatureCollection",
  "name": "pandolab-austro-hungarian-empire-1914-base",
  "crs": {
    "type": "name",
    "properties": {
      "name": "EPSG:4326"
    }
  },
  "features": [
    {
      "type": "Feature",
      "id": "historical-country:austro-hungarian-empire:1914-base",
      "properties": {
        "name": "Austria-Hungary",
        "name_ko": "오스트리아-헝가리 제국",
        "referenceDate": "1914-07-28",
        "status": "complete-under-modern-coastline-policy",
        "historicalBoundarySource": "ACDH-CH HistoGIS (CC BY 4.0)",
        "modernCoastSource": "Pando main assets/data/countries-ne-5.1.1.geojson (Natural Earth v5.1.1, public domain)",
        "modernCoastSourceBlobSha": "563cb4b45da28eb9367abf23bf111b1636b85c97",
        "coastlinePolicy": "Use current Pando canonical Adriatic coastline and Bodensee boundary wherever topologically compatible; use a short historical Gorizia coast splice at Grado to avoid the modern coastline crossing the verified 1914 Italy land frontier.",
        "italyBoundarySource": "ACDH-CH HistoGIS Italy state border, with local surviving Trentino-Alto Adige regional-boundary correction at Piz da las Trais Linguas",
        "switzerlandBoundarySource": "ACDH-CH HistoGIS Switzerland (1815-06-09–1919-12-31), anchored at the verified pre-1919 Piz da las Trais Linguas tripoint",
        "tripointCorrection": {
          "coordinate": [
            10.452726,
            46.530948
          ],
          "name": "Piz da las Trais Linguas / Dreisprachenspitze",
          "policy": "Historical tripoint fixed explicitly; Italy and Switzerland sides diverge from this point without the erroneous HistoGIS shared detour."
        },
        "sourceBasis": "ACDH-CH HistoGIS historical borders; Pando/Natural Earth v5.1.1 modern coastline; local Stelvio correction from surviving Trentino-Alto Adige regional boundary",
        "refinementRequired": false,
        "completionNote": "Single integrated Austria-Hungary 1914 geometry under the agreed policy: historical terrestrial borders, current website Adriatic coastline and Bodensee."
      },
      "geometry": {
        "type": "MultiPolygon",
        "coordinates": [
          [
            [
              [
                13.235521,
                45.683046
              ],
              [
                13.23290109316576,
                45.70094230557068
              ],
              [
                13.24965237454239,
                45.74349582169913
              ],
              [
                13.24842266287208,
                45.75190164445845
              ],
              [
                13.24929640100683,
                45.76238378167984
              ],
              [
                13.28017143364408,
                45.78968867785672
              ],
              [
                13.27725577956932,
                45.80966855191224
              ],
              [
                13.28777926896224,
                45.82824756501516
              ],
              [
                13.29310889562009,
                45.84643972948978
              ],
              [
                13.30407608571352,
                45.86236773754013
              ],
              [
                13.32131785033231,
                45.87048762007754
              ],
              [
                13.32120763828055,
                45.8748913417399
              ],
              [
                13.32528599706371,
                45.87564003112384
              ],
              [
                13.32990426738028,
                45.87025060959244
              ],
              [
                13.3302953619958,
                45.87619158750888
              ],
              [
                13.32538125890828,
                45.89484643538292
              ],
              [
                13.33198047663804,
                45.89945088652317
              ],
              [
                13.35971961161518,
                45.90422202404944
              ],
              [
                13.36459890105931,
                45.92480285143701
              ],
              [
                13.36802779762638,
                45.92512793641671
              ],
              [
                13.36504733009917,
                45.93592063508341
              ],
              [
                13.37216309050056,
                45.93454039331967
              ],
              [
                13.41663022891659,
                45.93923701922304
              ],
              [
                13.43375979431229,
                45.96765302483084
              ],
              [
                13.43633468774066,
                45.97266400486394
              ],
              [
                13.45419290169579,
                45.98086165971267
              ],
              [
                13.45620060497833,
                45.98756601012192
              ],
              [
                13.46390591431755,
                45.98428200438924
              ],
              [
                13.46526295206655,
                45.99436260947748
              ],
              [
                13.48391973204187,
                46.04326734418666
              ],
              [
                13.5007630526577,
                46.05698310891174
              ],
              [
                13.51368672831342,
                46.06284033392355
              ],
              [
                13.53313143587807,
                46.08253759215412
              ],
              [
                13.54450055066782,
                46.08955000438567
              ],
              [
                13.56606181708514,
                46.09496814323408
              ],
              [
                13.62556988716856,
                46.1312551503325
              ],
              [
                13.64708142485438,
                46.14085297055742
              ],
              [
                13.65587909436307,
                46.15680802687866
              ],
              [
                13.6624492664989,
                46.16849824477425
              ],
              [
                13.66644564990036,
                46.17464263557438
              ],
              [
                13.65725504206742,
                46.18079806229564
              ],
              [
                13.65368392736944,
                46.18558314070857
              ],
              [
                13.65080285569028,
                46.18718863083011
              ],
              [
                13.6332246106017,
                46.18995466551143
              ],
              [
                13.61496219831723,
                46.18438660643947
              ],
              [
                13.61211534512362,
                46.18871040521181
              ],
              [
                13.60229451158064,
                46.18926596592661
              ],
              [
                13.59179509180788,
                46.1888800880209
              ],
              [
                13.57769776378709,
                46.18707084495615
              ],
              [
                13.57159653783865,
                46.18726354978032
              ],
              [
                13.56802615173572,
                46.19120446966701
              ],
              [
                13.55429864265799,
                46.21063391699925
              ],
              [
                13.52986127459873,
                46.21211971948065
              ],
              [
                13.52989524783983,
                46.21656352378646
              ],
              [
                13.51702723989412,
                46.21968997142033
              ],
              [
                13.49785470658844,
                46.21717743140434
              ],
              [
                13.49728358014953,
                46.22155679754445
              ],
              [
                13.47405494740789,
                46.22559690180476
              ],
              [
                13.4654990420548,
                46.22353114723357
              ],
              [
                13.45692185672889,
                46.22622292213408
              ],
              [
                13.4486086298552,
                46.22518575047383
              ],
              [
                13.44606742041587,
                46.22575601412532
              ],
              [
                13.44398619609396,
                46.22544497659339
              ],
              [
                13.44839586165202,
                46.21610819243011
              ],
              [
                13.44617356226674,
                46.21271398214689
              ],
              [
                13.43583734867979,
                46.21143268177608
              ],
              [
                13.42344498716728,
                46.20589290842618
              ],
              [
                13.42230060845061,
                46.20874697714219
              ],
              [
                13.41122186944326,
                46.21188775880345
              ],
              [
                13.40896530413371,
                46.21481742487725
              ],
              [
                13.41007593837607,
                46.21700939803701
              ],
              [
                13.41485774615661,
                46.21875373137124
              ],
              [
                13.41645170670533,
                46.2229475885234
              ],
              [
                13.4152257115123,
                46.22460764274656
              ],
              [
                13.4113840042355,
                46.22610314171235
              ],
              [
                13.41166129680155,
                46.22754085232348
              ],
              [
                13.41910742672345,
                46.22993432123285
              ],
              [
                13.42239484793369,
                46.23129647408398
              ],
              [
                13.42264139283252,
                46.23450387372431
              ],
              [
                13.41201655280776,
                46.23895851596016
              ],
              [
                13.40558183446172,
                46.2436324630391
              ],
              [
                13.4015130785387,
                46.25239436619169
              ],
              [
                13.39862526704152,
                46.25342271359749
              ],
              [
                13.39378204248074,
                46.26596137987817
              ],
              [
                13.39472927153469,
                46.26858595926596
              ],
              [
                13.3928147113576,
                46.27007862099384
              ],
              [
                13.39213698609124,
                46.27834718870837
              ],
              [
                13.39242810127285,
                46.28259924938232
              ],
              [
                13.38835385562385,
                46.28567053254351
              ],
              [
                13.38652752738373,
                46.29076928287055
              ],
              [
                13.3837938267097,
                46.29038298294441
              ],
              [
                13.38187436929855,
                46.28906729446913
              ],
              [
                13.37997808052652,
                46.28882352584437
              ],
              [
                13.37753282583824,
                46.29120972445268
              ],
              [
                13.37552852736783,
                46.2982436472078
              ],
              [
                13.4032975358187,
                46.30042137699658
              ],
              [
                13.4066310546702,
                46.30558859422862
              ],
              [
                13.4177548373744,
                46.30562287017754
              ],
              [
                13.41603606258583,
                46.3164163525682
              ],
              [
                13.42670882623647,
                46.32258018071548
              ],
              [
                13.43852348175895,
                46.32269335873928
              ],
              [
                13.44921465318508,
                46.33529372564246
              ],
              [
                13.43671196418159,
                46.35518978768238
              ],
              [
                13.43824925858938,
                46.35961443632181
              ],
              [
                13.45040493812926,
                46.36314088657427
              ],
              [
                13.46965060244593,
                46.36130982919281
              ],
              [
                13.48586111618267,
                46.37072339825132
              ],
              [
                13.49797098023655,
                46.37105822226212
              ],
              [
                13.51307209247459,
                46.37763824953549
              ],
              [
                13.51753305103677,
                46.37759644268579
              ],
              [
                13.516444,
                46.382974
              ],
              [
                13.50393660814047,
                46.39968364365401
              ],
              [
                13.5009662074717,
                46.40907976227262
              ],
              [
                13.48686532190108,
                46.41297358283815
              ],
              [
                13.47813458292689,
                46.41788754165407
              ],
              [
                13.47141000822064,
                46.41622813718055
              ],
              [
                13.43385414311603,
                46.43546681136579
              ],
              [
                13.43977942433679,
                46.45323268088494
              ],
              [
                13.45481588923822,
                46.4574443550583
              ],
              [
                13.46222160251665,
                46.4645150205514
              ],
              [
                13.45382999019385,
                46.47676042375505
              ],
              [
                13.44732787368422,
                46.47336120716158
              ],
              [
                13.43554699551266,
                46.47344427598853
              ],
              [
                13.42171095845742,
                46.47729970302598
              ],
              [
                13.41576650522508,
                46.47280554579726
              ],
              [
                13.40689135349296,
                46.47381880637816
              ],
              [
                13.40019939416553,
                46.47296897619922
              ],
              [
                13.38961565707321,
                46.47777361070056
              ],
              [
                13.3793461391424,
                46.47354827414279
              ],
              [
                13.36099370993595,
                46.47726701225348
              ],
              [
                13.35221662196674,
                46.47646626917281
              ],
              [
                13.34566704475267,
                46.47872141366757
              ],
              [
                13.34808754067961,
                46.48316606249768
              ],
              [
                13.30162351102322,
                46.50823394286214
              ],
              [
                13.23637674012328,
                46.52532808738294
              ],
              [
                13.21270588123651,
                46.52680073535959
              ],
              [
                13.16129206580554,
                46.56438599282998
              ],
              [
                13.13532575769617,
                46.57909617472595
              ],
              [
                13.1259470417785,
                46.59215915287636
              ],
              [
                13.11313151705294,
                46.5953597130355
              ],
              [
                13.10463358076199,
                46.59480883043108
              ],
              [
                13.08491195503017,
                46.60161183811347
              ],
              [
                13.06118186878376,
                46.59698478409153
              ],
              [
                13.03167959939632,
                46.59654409167199
              ],
              [
                13.02270064784363,
                46.60205248931725
              ],
              [
                13.00810985157048,
                46.59910556623363
              ],
              [
                12.99864988475603,
                46.60296132110616
              ],
              [
                12.98838822583865,
                46.59910556623363
              ],
              [
                12.97828690534187,
                46.60075806620727
              ],
              [
                12.95399758128059,
                46.60664554052025
              ],
              [
                12.94863452167776,
                46.60270011230087
              ],
              [
                12.93306741061823,
                46.61013423351434
              ],
              [
                12.91805400777727,
                46.6087322624005
              ],
              [
                12.89842109636986,
                46.60941695050134
              ],
              [
                12.88494225630612,
                46.60733025499839
              ],
              [
                12.86629019945734,
                46.60916698600727
              ],
              [
                12.8538436226904,
                46.60507510169069
              ],
              [
                12.83395654224455,
                46.60950244892837
              ],
              [
                12.83389035855294,
                46.62029472239589
              ],
              [
                12.83705440551626,
                46.62698764984369
              ],
              [
                12.83022006407549,
                46.63098562727704
              ],
              [
                12.8194623044002,
                46.6283782841837
              ],
              [
                12.81618476213153,
                46.63203588871654
              ],
              [
                12.80888057941954,
                46.63092582711609
              ],
              [
                12.79910346770497,
                46.63609425511171
              ],
              [
                12.795068642494,
                46.64164113000596
              ],
              [
                12.77433643435913,
                46.64689753282359
              ],
              [
                12.76221750681678,
                46.6473144122528
              ],
              [
                12.75178287270411,
                46.64568105989716
              ],
              [
                12.7446837272832,
                46.63735938756441
              ],
              [
                12.73745859762483,
                46.63456816101574
              ],
              [
                12.73061212621962,
                46.63489746475754
              ],
              [
                12.71519975617919,
                46.64833335731844
              ],
              [
                12.69973476730815,
                46.65123171608816
              ],
              [
                12.691145,
                46.656343
              ],
              [
                12.65977075690971,
                46.65779261515686
              ],
              [
                12.64447448939814,
                46.65206553703955
              ],
              [
                12.63282781699594,
                46.65560409745115
              ],
              [
                12.62905833909825,
                46.66158166561738
              ],
              [
                12.61886172692568,
                46.66148221015077
              ],
              [
                12.61303988051317,
                46.65826828129597
              ],
              [
                12.60327951724521,
                46.65679323658699
              ],
              [
                12.57659005949571,
                46.65679154722891
              ],
              [
                12.57051508932614,
                46.65079733020791
              ],
              [
                12.55905040950748,
                46.65321720620988
              ],
              [
                12.55773233959432,
                46.65696528274179
              ],
              [
                12.54704859652589,
                46.65869314313788
              ],
              [
                12.52849654565324,
                46.66990700861016
              ],
              [
                12.52799029813911,
                46.67442285481354
              ],
              [
                12.50571540751733,
                46.67824366073025
              ],
              [
                12.48223452819104,
                46.67687577372591
              ],
              [
                12.47740711441661,
                46.6795995772445
              ],
              [
                12.43420794614628,
                46.66790949473958
              ],
              [
                12.40592427101684,
                46.64337182506067
              ],
              [
                12.39392402776763,
                46.64112268613894
              ],
              [
                12.38079883340543,
                46.64271711689986
              ],
              [
                12.37701031228907,
                46.63658770086383
              ],
              [
                12.39064533089381,
                46.6275928804606
              ],
              [
                12.3795332146201,
                46.62125090554812
              ],
              [
                12.36048609329579,
                46.61917690521951
              ],
              [
                12.34535349537504,
                46.62534681708673
              ],
              [
                12.3404832158498,
                46.63138559858519
              ],
              [
                12.33561293632457,
                46.62869145623099
              ],
              [
                12.31504953388469,
                46.63027079732404
              ],
              [
                12.31491424834232,
                46.62404606827538
              ],
              [
                12.30713982009933,
                46.61986008810794
              ],
              [
                12.28320769901442,
                46.61681820870291
              ],
              [
                12.26967750405361,
                46.62090320453749
              ],
              [
                12.25941726822862,
                46.62996961562438
              ],
              [
                12.24145419883668,
                46.61679846703866
              ],
              [
                12.21115023734633,
                46.6088993353741
              ],
              [
                12.19207497587249,
                46.59439910786303
              ],
              [
                12.19691520528646,
                46.57829683559536
              ],
              [
                12.22120430457554,
                46.57350806283052
              ],
              [
                12.24306938326049,
                46.56605286619549
              ],
              [
                12.24481059829064,
                46.54908874072612
              ],
              [
                12.25664163056473,
                46.53608447328966
              ],
              [
                12.2391760913272,
                46.51997568627746
              ],
              [
                12.23689797751361,
                46.50856603444132
              ],
              [
                12.22720420371575,
                46.50629102372759
              ],
              [
                12.19648170067045,
                46.50738237441514
              ],
              [
                12.18722719432549,
                46.49508336681988
              ],
              [
                12.16072983509761,
                46.48030381223503
              ],
              [
                12.14644820064929,
                46.4671539505168
              ],
              [
                12.12982662827484,
                46.46177013465268
              ],
              [
                12.11858592474512,
                46.4637748713277
              ],
              [
                12.10464081444681,
                46.47135916534874
              ],
              [
                12.08660574675588,
                46.49149063169634
              ],
              [
                12.05838244784306,
                46.49772029022537
              ],
              [
                12.05129498264522,
                46.49057572664284
              ],
              [
                12.05464887242634,
                46.48064148114588
              ],
              [
                12.04394808903636,
                46.48202752040426
              ],
              [
                12.0327025255177,
                46.47616100010266
              ],
              [
                12.03128238560226,
                46.45324755581008
              ],
              [
                12.02767537206408,
                46.44989047062657
              ],
              [
                12.02811833863894,
                46.44544310411053
              ],
              [
                12.0059220695746,
                46.4383697705295
              ],
              [
                11.9971720169319,
                46.43676810121186
              ],
              [
                11.99002321320054,
                46.44225996200613
              ],
              [
                11.97110221235988,
                46.46654306788899
              ],
              [
                11.9503555589211,
                46.47735024774516
              ],
              [
                11.9461695222889,
                46.47570636247552
              ],
              [
                11.93070330801819,
                46.45887649373009
              ],
              [
                11.91829426854203,
                46.4633611588937
              ],
              [
                11.91161812944943,
                46.46314321311591
              ],
              [
                11.89456391631712,
                46.46364448710042
              ],
              [
                11.88678036078735,
                46.46475599121068
              ],
              [
                11.88903830317295,
                46.45291515915377
              ],
              [
                11.89616176003362,
                46.44784123900822
              ],
              [
                11.87936098479551,
                46.43810735920652
              ],
              [
                11.8757536571202,
                46.43493366815215
              ],
              [
                11.87059596361995,
                46.43316760990101
              ],
              [
                11.86344551443288,
                46.43329820022196
              ],
              [
                11.85686429674917,
                46.43493366815215
              ],
              [
                11.85153555537893,
                46.43429793461061
              ],
              [
                11.84737215585921,
                46.43166268321091
              ],
              [
                11.8437477004083,
                46.42571953475386
              ],
              [
                11.83562229019674,
                46.39586795388099
              ],
              [
                11.83231472610021,
                46.38326763935296
              ],
              [
                11.83415122282143,
                46.35973225395364
              ],
              [
                11.82770691896323,
                46.36722764389366
              ],
              [
                11.81620628461507,
                46.37503539839258
              ],
              [
                11.80393812888921,
                46.36474380842641
              ],
              [
                11.7845036252273,
                46.3639745201632
              ],
              [
                11.77823479830126,
                46.36140815225224
              ],
              [
                11.77472047744023,
                46.35800252777739
              ],
              [
                11.77758400378966,
                46.35148608153818
              ],
              [
                11.7837168155213,
                46.34909196661334
              ],
              [
                11.80161716398823,
                46.34445360740584
              ],
              [
                11.80315230985642,
                46.3330827972849
              ],
              [
                11.81315042691302,
                46.331517676852
              ],
              [
                11.81643683109154,
                46.32932428521056
              ],
              [
                11.83273628009929,
                46.32523435491946
              ],
              [
                11.8315762966617,
                46.31715239009991
              ],
              [
                11.83417212664616,
                46.31470280427894
              ],
              [
                11.83144752502855,
                46.31317892473152
              ],
              [
                11.8411143735767,
                46.30653067128347
              ],
              [
                11.83682338690585,
                46.30222424277322
              ],
              [
                11.83221895320254,
                46.2978097844398
              ],
              [
                11.82693839163522,
                46.28479432797173
              ],
              [
                11.83717617007311,
                46.27046487941227
              ],
              [
                11.84505459026478,
                46.27140930029923
              ],
              [
                11.86225352210834,
                46.27109617220847
              ],
              [
                11.87265335122359,
                46.27612464770566
              ],
              [
                11.87952933145096,
                46.27819263333659
              ],
              [
                11.88464976294884,
                46.27901805009938
              ],
              [
                11.88781728539912,
                46.27442056374795
              ],
              [
                11.88695492632,
                46.26477942251337
              ],
              [
                11.88396550498681,
                46.26104445388388
              ],
              [
                11.8936712957251,
                46.25112273554452
              ],
              [
                11.9050782459147,
                46.2561937992232
              ],
              [
                11.9124120463389,
                46.25273236329999
              ],
              [
                11.92874191193555,
                46.24830777779572
              ],
              [
                11.92302615848249,
                46.24165060476169
              ],
              [
                11.91754288659174,
                46.23849327812131
              ],
              [
                11.91156978396779,
                46.22544623832207
              ],
              [
                11.92361140803964,
                46.21772572718771
              ],
              [
                11.93961072768178,
                46.20120890767419
              ],
              [
                11.96164027506769,
                46.19970659904588
              ],
              [
                11.96069685730953,
                46.18873331377581
              ],
              [
                11.95359574520227,
                46.18159000582788
              ],
              [
                11.94876725552511,
                46.18009548479812
              ],
              [
                11.95234387989615,
                46.16903401343616
              ],
              [
                11.92903923154202,
                46.17598509059108
              ],
              [
                11.92661827290943,
                46.16480822195246
              ],
              [
                11.91839412554554,
                46.15546072267666
              ],
              [
                11.92135565859654,
                46.14926285620874
              ],
              [
                11.91145867199484,
                46.14158414436147
              ],
              [
                11.90372262235726,
                46.13833452285576
              ],
              [
                11.90746250051866,
                46.13458616455699
              ],
              [
                11.89004622416719,
                46.11874062358844
              ],
              [
                11.87311016633192,
                46.1154895682573
              ],
              [
                11.85750549001433,
                46.11340400199007
              ],
              [
                11.83280871139281,
                46.10900760517269
              ],
              [
                11.82217938853477,
                46.10691191160326
              ],
              [
                11.81484222750449,
                46.10366914545728
              ],
              [
                11.7984732510324,
                46.10332590066013
              ],
              [
                11.77425932337238,
                46.10613879990031
              ],
              [
                11.76001281278763,
                46.09585459429908
              ],
              [
                11.75010040992025,
                46.10454527963148
              ],
              [
                11.74355394030021,
                46.10473398421557
              ],
              [
                11.73957227285814,
                46.10510666188627
              ],
              [
                11.73373531140061,
                46.10352421176304
              ],
              [
                11.72797576789006,
                46.10392633903656
              ],
              [
                11.72225370224611,
                46.10318712866653
              ],
              [
                11.7156337560994,
                46.10229306572594
              ],
              [
                11.70967527808308,
                46.09744069491697
              ],
              [
                11.70324329936279,
                46.09071567270165
              ],
              [
                11.69662562183278,
                46.09330903143857
              ],
              [
                11.69084861016348,
                46.09503873395167
              ],
              [
                11.68426774999742,
                46.09219375671968
              ],
              [
                11.68217366081033,
                46.0891339265322
              ],
              [
                11.6831069672139,
                46.08213040928037
              ],
              [
                11.6851625821317,
                46.0799773720447
              ],
              [
                11.68225142388267,
                46.07871022566037
              ],
              [
                11.68456849177117,
                46.07568014320383
              ],
              [
                11.68577942256024,
                46.07057539405388
              ],
              [
                11.68794176303964,
                46.06866916266201
              ],
              [
                11.68708675851373,
                46.06756512340323
              ],
              [
                11.68643832403007,
                46.06657124069113
              ],
              [
                11.68742063414586,
                46.0645490730616
              ],
              [
                11.68912955108018,
                46.06320636219515
              ],
              [
                11.69055033733707,
                46.06251524279516
              ],
              [
                11.69198729658186,
                46.06249555901917
              ],
              [
                11.69306248642848,
                46.06197481115854
              ],
              [
                11.69419462642921,
                46.06221095972547
              ],
              [
                11.69804439812691,
                46.05910066821362
              ],
              [
                11.70012875277433,
                46.05547732292648
              ],
              [
                11.70394391410771,
                46.05382216977799
              ],
              [
                11.7060542298476,
                46.04596417519681
              ],
              [
                11.7016696109995,
                46.04440560283083
              ],
              [
                11.67877031701156,
                46.04564255902209
              ],
              [
                11.66605799468494,
                46.03665217613123
              ],
              [
                11.68179738640063,
                46.02783721433349
              ],
              [
                11.66758711849876,
                46.01698414413687
              ],
              [
                11.6767297637744,
                46.00403954775436
              ],
              [
                11.68920990420102,
                45.98853431037519
              ],
              [
                11.68358057049968,
                45.98137663293622
              ],
              [
                11.6834033557194,
                45.97538775865554
              ],
              [
                11.70155064943541,
                45.96643026092009
              ],
              [
                11.67687925262781,
                45.96579111339294
              ],
              [
                11.6569721398196,
                45.96527538602443
              ],
              [
                11.62946407596778,
                45.96027301409039
              ],
              [
                11.62862435494406,
                45.96989430958067
              ],
              [
                11.61456471307095,
                45.96649404797412
              ],
              [
                11.57309205346897,
                45.98097737593455
              ],
              [
                11.56385630052675,
                46.01721839952476
              ],
              [
                11.50750631694467,
                46.01806427804368
              ],
              [
                11.49331909678099,
                46.01177310184116
              ],
              [
                11.46439631195471,
                45.98617911075949
              ],
              [
                11.39922198947298,
                45.97948494589821
              ],
              [
                11.38255139393314,
                45.98690873207342
              ],
              [
                11.37468356674234,
                45.97564024819756
              ],
              [
                11.38737987006268,
                45.94347844461445
              ],
              [
                11.35918457852452,
                45.94243341379097
              ],
              [
                11.36625526089366,
                45.90292465262979
              ],
              [
                11.35324848981758,
                45.89127125709573
              ],
              [
                11.3074472702317,
                45.90801672820205
              ],
              [
                11.28660590045204,
                45.91646270584877
              ],
              [
                11.26346725908135,
                45.92021177901513
              ],
              [
                11.24145800289775,
                45.88174388501881
              ],
              [
                11.24572623424431,
                45.85946643057137
              ],
              [
                11.22453074155634,
                45.84979251221173
              ],
              [
                11.21821603101091,
                45.83339163529133
              ],
              [
                11.19122820362723,
                45.81495884687887
              ],
              [
                11.19174524159213,
                45.79780265404455
              ],
              [
                11.2029018279148,
                45.78289748178122
              ],
              [
                11.17647650194639,
                45.78756924621863
              ],
              [
                11.1828114281613,
                45.7652159209163
              ],
              [
                11.17866602097999,
                45.7540137721634
              ],
              [
                11.17712740483967,
                45.73516400255541
              ],
              [
                11.15542451263045,
                45.72295212533954
              ],
              [
                11.14287571263399,
                45.70904923487743
              ],
              [
                11.14168766730005,
                45.6976389394745
              ],
              [
                11.13083590151318,
                45.68914566969044
              ],
              [
                11.0919114553528,
                45.68804054430969
              ],
              [
                11.05144834695441,
                45.70661013244929
              ],
              [
                11.00749488949778,
                45.70346478941516
              ],
              [
                10.98814150911993,
                45.68118137765296
              ],
              [
                10.97107081018791,
                45.66948106045457
              ],
              [
                10.95780042682905,
                45.66922428774249
              ],
              [
                10.95281442906925,
                45.66093004860678
              ],
              [
                10.9198555193797,
                45.66572881917198
              ],
              [
                10.89312525019263,
                45.69579145787259
              ],
              [
                10.85092497058862,
                45.70093472979564
              ],
              [
                10.84957540849582,
                45.71985843103578
              ],
              [
                10.86329336994374,
                45.7395900721449
              ],
              [
                10.86671633231931,
                45.75804935431106
              ],
              [
                10.8693598998691,
                45.75981652655869
              ],
              [
                10.8757043665841,
                45.77306835183349
              ],
              [
                10.87943579878349,
                45.79395674457085
              ],
              [
                10.87107363742455,
                45.80685244378597
              ],
              [
                10.86476036190366,
                45.8095773580568
              ],
              [
                10.85562915597793,
                45.81787765994746
              ],
              [
                10.86635969753797,
                45.82238907092687
              ],
              [
                10.84381724763821,
                45.83134711090086
              ],
              [
                10.82665800627633,
                45.83816497621208
              ],
              [
                10.80147949727928,
                45.83515957234398
              ],
              [
                10.79074909193251,
                45.83387683202257
              ],
              [
                10.78531151597266,
                45.83491750351218
              ],
              [
                10.77862309667606,
                45.8408812348386
              ],
              [
                10.77396444928487,
                45.84284362233646
              ],
              [
                10.75692035933283,
                45.82984896632001
              ],
              [
                10.74741286007033,
                45.83514065176747
              ],
              [
                10.72771560065273,
                45.84303023984096
              ],
              [
                10.70822459070971,
                45.83649077261721
              ],
              [
                10.69891788668858,
                45.84148746444806
              ],
              [
                10.69713567723606,
                45.83889917946776
              ],
              [
                10.67918571092958,
                45.83120874655321
              ],
              [
                10.66477194536524,
                45.83196162923382
              ],
              [
                10.65356156580621,
                45.83056442855265
              ],
              [
                10.65333791220951,
                45.8226509311489
              ],
              [
                10.65040959828492,
                45.8143683012304
              ],
              [
                10.64248639619369,
                45.8017218236418
              ],
              [
                10.65284695916544,
                45.79859682363037
              ],
              [
                10.66589753610016,
                45.7825978085408
              ],
              [
                10.66904182165106,
                45.7751111603101
              ],
              [
                10.65837606296649,
                45.76870521349676
              ],
              [
                10.64974287074348,
                45.76259806520775
              ],
              [
                10.65091006678911,
                45.75095024617688
              ],
              [
                10.62675206969651,
                45.74315577810961
              ],
              [
                10.61035091049667,
                45.7355914457945
              ],
              [
                10.59156797002352,
                45.73204467383245
              ],
              [
                10.57151517072235,
                45.72600873250244
              ],
              [
                10.56467299327537,
                45.73187989200598
              ],
              [
                10.56238975138835,
                45.73463940228718
              ],
              [
                10.57096075953743,
                45.74382244756701
              ],
              [
                10.56659339448435,
                45.75714596616567
              ],
              [
                10.55980637894199,
                45.76489961852037
              ],
              [
                10.54735489048572,
                45.77360169717794
              ],
              [
                10.53541464690082,
                45.81084771420102
              ],
              [
                10.53413141502877,
                45.8222098077969
              ],
              [
                10.5260276421512,
                45.82686928833471
              ],
              [
                10.51954434625839,
                45.82660450513102
              ],
              [
                10.50742085119038,
                45.8236202043697
              ],
              [
                10.50242368677399,
                45.83225325065683
              ],
              [
                10.50818512130537,
                45.84068799773272
              ],
              [
                10.50574154503251,
                45.85147303597449
              ],
              [
                10.50141102632299,
                45.8582935174142
              ],
              [
                10.50269386142135,
                45.86338465699179
              ],
              [
                10.50213015794746,
                45.86674295559886
              ],
              [
                10.50186534320498,
                45.86832053590538
              ],
              [
                10.50433542981448,
                45.87432006974363
              ],
              [
                10.50198597049894,
                45.87765582510983
              ],
              [
                10.49843270549231,
                45.87740644841743
              ],
              [
                10.49311945185282,
                45.88221573407859
              ],
              [
                10.49040007986719,
                45.88745264423931
              ],
              [
                10.49697131127922,
                45.89307319303335
              ],
              [
                10.49265507101043,
                45.89658341238015
              ],
              [
                10.49435744177323,
                45.89984767426829
              ],
              [
                10.49907890551837,
                45.89880671957295
              ],
              [
                10.50705843756355,
                45.90310204002834
              ],
              [
                10.50760662832,
                45.90952134974276
              ],
              [
                10.51089328987173,
                45.91581218047673
              ],
              [
                10.50890109052706,
                45.92345170211203
              ],
              [
                10.50385664184869,
                45.92602757422429
              ],
              [
                10.49224305074131,
                45.93308544114245
              ],
              [
                10.49206013069406,
                45.94178234417569
              ],
              [
                10.48579613323333,
                45.94418405568241
              ],
              [
                10.48330929820243,
                45.95102348274555
              ],
              [
                10.48502830798031,
                45.95404331791309
              ],
              [
                10.48975942777485,
                45.96235376593733
              ],
              [
                10.4877807836868,
                45.97092854055575
              ],
              [
                10.48328923558263,
                45.97987950023047
              ],
              [
                10.48329572669677,
                45.99428652446785
              ],
              [
                10.48646786003402,
                46.00779726032025
              ],
              [
                10.48433945146455,
                46.02279994291435
              ],
              [
                10.48368989852897,
                46.0260846716177
              ],
              [
                10.48840009631678,
                46.03671746851201
              ],
              [
                10.51214097924816,
                46.0387170997295
              ],
              [
                10.53932630396872,
                46.02418630078886
              ],
              [
                10.56530134673434,
                46.04201779981165
              ],
              [
                10.57093537233679,
                46.05891471052334
              ],
              [
                10.58460155154431,
                46.07164106344641
              ],
              [
                10.59063580521714,
                46.07725940639929
              ],
              [
                10.59760327167199,
                46.10433908586617
              ],
              [
                10.58320633733403,
                46.1236274515704
              ],
              [
                10.58802441467128,
                46.13826773487957
              ],
              [
                10.59421816444753,
                46.14834847286954
              ],
              [
                10.55652931413843,
                46.15089944402658
              ],
              [
                10.53206821586328,
                46.15246950073119
              ],
              [
                10.50680937949543,
                46.15902544982163
              ],
              [
                10.50695158999001,
                46.16470077016773
              ],
              [
                10.5273189434212,
                46.17119054879772
              ],
              [
                10.54106949742777,
                46.18866493383167
              ],
              [
                10.57064188978574,
                46.22040728324887
              ],
              [
                10.56273044106783,
                46.27815606154123
              ],
              [
                10.56231407466293,
                46.28119359972985
              ],
              [
                10.56242453321843,
                46.3031210130657
              ],
              [
                10.5296561618428,
                46.31582898132847
              ],
              [
                10.50312388196796,
                46.32303628020123
              ],
              [
                10.49172361598004,
                46.332105347423
              ],
              [
                10.52245794279373,
                46.34617445503959
              ],
              [
                10.53081167051864,
                46.36092379400646
              ],
              [
                10.56725040944461,
                46.36575566541607
              ],
              [
                10.59683172793413,
                46.37134236465285
              ],
              [
                10.63267441097195,
                46.38864901096613
              ],
              [
                10.63375301765745,
                46.41359062958617
              ],
              [
                10.62660454290853,
                46.42921110133747
              ],
              [
                10.60908941804472,
                46.43661631472849
              ],
              [
                10.59988907952536,
                46.4448125417165
              ],
              [
                10.59567494296415,
                46.46008046471454
              ],
              [
                10.59516466063416,
                46.46192893994096
              ],
              [
                10.56624752262725,
                46.47659840705275
              ],
              [
                10.53971197373467,
                46.49270416373264
              ],
              [
                10.531102709103958,
                46.49345359981217
              ],
              [
                10.511195984058281,
                46.495454433804845
              ],
              [
                10.503921866678022,
                46.496248705087496
              ],
              [
                10.499669255893128,
                46.49674513437685
              ],
              [
                10.493277209340416,
                46.49809904022981
              ],
              [
                10.484519399589027,
                46.49358495750322
              ],
              [
                10.476095771269906,
                46.49558897997145
              ],
              [
                10.476112977485284,
                46.49597117272252
              ],
              [
                10.476084367064411,
                46.49684000708326
              ],
              [
                10.475850239873559,
                46.49726201554827
              ],
              [
                10.475026076244692,
                46.498546496570334
              ],
              [
                10.474868655466313,
                46.498746526319565
              ],
              [
                10.47472788673924,
                46.49891843230817
              ],
              [
                10.47457747207674,
                46.49906566668195
              ],
              [
                10.47354084513155,
                46.50005418957957
              ],
              [
                10.472967916841002,
                46.50058444614327
              ],
              [
                10.472819111207592,
                46.5006709629527
              ],
              [
                10.472334052236118,
                46.500804104006136
              ],
              [
                10.471699825197557,
                46.50102785694016
              ],
              [
                10.470720600525436,
                46.501625833560645
              ],
              [
                10.469991424067308,
                46.50208928395114
              ],
              [
                10.469253657878468,
                46.502568054786074
              ],
              [
                10.45920895004076,
                46.509526931416495
              ],
              [
                10.458628464923288,
                46.509997372015896
              ],
              [
                10.458140439153638,
                46.51039467246768
              ],
              [
                10.457930228576279,
                46.510576843742776
              ],
              [
                10.457731608157292,
                46.51099335923928
              ],
              [
                10.457460205323489,
                46.51170513276601
              ],
              [
                10.457215316032215,
                46.512356188365146
              ],
              [
                10.45710987924473,
                46.512681517235016
              ],
              [
                10.453284629986854,
                46.52645639591658
              ],
              [
                10.453191362683231,
                46.5268447149868
              ],
              [
                10.453066815121701,
                46.527392420974714
              ],
              [
                10.453006598795485,
                46.527997749229634
              ],
              [
                10.452726,
                46.530948
              ],
              [
                10.45791344703301,
                46.54160261439488
              ],
              [
                10.47212994845464,
                46.54335817388137
              ],
              [
                10.47211432463849,
                46.55126648069129
              ],
              [
                10.48319075790684,
                46.55596843955308
              ],
              [
                10.4746706688046,
                46.56665366521522
              ],
              [
                10.48052395681928,
                46.57476022097065
              ],
              [
                10.48775987385641,
                46.58946899981564
              ],
              [
                10.48731448436059,
                46.59806003886226
              ],
              [
                10.48409280430053,
                46.61740467969874
              ],
              [
                10.46167907597219,
                46.63346796171128
              ],
              [
                10.44604837095413,
                46.641273529013
              ],
              [
                10.44301604639704,
                46.63867995583247
              ],
              [
                10.4257954393351,
                46.63854081002396
              ],
              [
                10.4193310970542,
                46.63810209977425
              ],
              [
                10.40949711257275,
                46.63491719568548
              ],
              [
                10.40046161321027,
                46.63771929091813
              ],
              [
                10.40201514743623,
                46.64030093647155
              ],
              [
                10.39987250746767,
                46.64627982613958
              ],
              [
                10.39507770396718,
                46.65264093360688
              ],
              [
                10.39287641943042,
                46.65556105454488
              ],
              [
                10.38993652644957,
                46.65832362422766
              ],
              [
                10.39249611419921,
                46.66238539589679
              ],
              [
                10.3937403564737,
                46.67067863122791
              ],
              [
                10.38201162818353,
                46.68534510527692
              ],
              [
                10.39365760917331,
                46.69182282374067
              ],
              [
                10.40892841730348,
                46.7020932965543
              ],
              [
                10.4159722291882,
                46.70871045218382
              ],
              [
                10.41914277128929,
                46.71882956841137
              ],
              [
                10.40000287169813,
                46.73444906078441
              ],
              [
                10.42664650009418,
                46.74905690104793
              ],
              [
                10.4447523548003,
                46.75878507441191
              ],
              [
                10.43593941540602,
                46.78222671339641
              ],
              [
                10.42237754250969,
                46.7882566015291
              ],
              [
                10.42943984774478,
                46.79730578400155
              ],
              [
                10.44900021335286,
                46.80224991058797
              ],
              [
                10.45766817661527,
                46.81696286597462
              ],
              [
                10.45918561947023,
                46.82953181841723
              ],
              [
                10.4682187362619,
                46.84546954111333
              ],
              [
                10.47027078525536,
                46.85776213843718
              ],
              [
                10.46999918234028,
                46.87345155139306
              ],
              [
                10.46709269812957,
                46.88930996083398
              ],
              [
                10.47532330171755,
                46.90286885503403
              ],
              [
                10.48615212118471,
                46.91757666095214
              ],
              [
                10.48835991400757,
                46.92982290605197
              ],
              [
                10.46124646293455,
                46.92716469698359
              ],
              [
                10.42365689553529,
                46.93343357361515
              ],
              [
                10.41169032826648,
                46.94082683892456
              ],
              [
                10.42378267677338,
                46.95778718823451
              ],
              [
                10.42911844693463,
                46.97612394917602
              ],
              [
                10.40503752153044,
                46.98956054687593
              ],
              [
                10.38997779094748,
                47.00029541879861
              ],
              [
                10.36906619122604,
                46.99421304570664
              ],
              [
                10.34771522711832,
                46.99035083897892
              ],
              [
                10.34062969606036,
                46.97719801553424
              ],
              [
                10.32945974532276,
                46.95752437834597
              ],
              [
                10.30808782618934,
                46.94886002284383
              ],
              [
                10.30858026615985,
                46.93678954626676
              ],
              [
                10.31783143989923,
                46.92694924698147
              ],
              [
                10.28979707482083,
                46.9198373502164
              ],
              [
                10.29014076576517,
                46.90333495425972
              ],
              [
                10.27740867712623,
                46.88598381445437
              ],
              [
                10.26205166255167,
                46.86928019791759
              ],
              [
                10.24519339166384,
                46.87703121890898
              ],
              [
                10.22801571985256,
                46.8745996743607
              ],
              [
                10.2165651356095,
                46.86729709400765
              ],
              [
                10.19517518853728,
                46.86140739519247
              ],
              [
                10.16623162911579,
                46.85066098484741
              ],
              [
                10.14533030008863,
                46.85164872020059
              ],
              [
                10.14524312161672,
                46.8520522355193
              ],
              [
                10.1336462,
                46.8480175
              ],
              [
                10.10754,
                46.8422269
              ],
              [
                10.0927305,
                46.8463017
              ],
              [
                10.0795699,
                46.8619584
              ],
              [
                10.0572033,
                46.8610474
              ],
              [
                10.0461353,
                46.8776007
              ],
              [
                10.0250837,
                46.8960512
              ],
              [
                10.0114826,
                46.9006851
              ],
              [
                9.9966029,
                46.9035361
              ],
              [
                9.9806214,
                46.9063263
              ],
              [
                9.9792644,
                46.9155709
              ],
              [
                9.9667483,
                46.9139136
              ],
              [
                9.9535044,
                46.9132419
              ],
              [
                9.938008,
                46.9124003
              ],
              [
                9.9200938,
                46.9208607
              ],
              [
                9.9132106,
                46.9259676
              ],
              [
                9.9038835,
                46.9253837
              ],
              [
                9.8976974,
                46.929676
              ],
              [
                9.8936056,
                46.9316632
              ],
              [
                9.8858252,
                46.932426
              ],
              [
                9.8812758,
                46.9346114
              ],
              [
                9.8783431,
                46.9341365
              ],
              [
                9.8767051,
                46.9350818
              ],
              [
                9.8776449,
                46.9380059
              ],
              [
                9.8808445,
                46.9396542
              ],
              [
                9.8765259,
                46.9405267
              ],
              [
                9.8768036,
                46.9476776
              ],
              [
                9.8749273,
                46.9497851
              ],
              [
                9.8765646,
                46.9520264
              ],
              [
                9.8769036,
                46.9584234
              ],
              [
                9.8706531,
                46.9627473
              ],
              [
                9.8818694,
                46.981682
              ],
              [
                9.8884124,
                46.9917273
              ],
              [
                9.8869677,
                47.0006417
              ],
              [
                9.8717434,
                47.0067691
              ],
              [
                9.870852,
                47.0142855
              ],
              [
                9.8800383,
                47.0174318
              ],
              [
                9.8752624,
                47.0216017
              ],
              [
                9.8695719,
                47.0214138
              ],
              [
                9.8617266,
                47.0224669
              ],
              [
                9.8548795,
                47.016766
              ],
              [
                9.8475133,
                47.0155575
              ],
              [
                9.838242,
                47.0120742
              ],
              [
                9.8243082,
                47.0176027
              ],
              [
                9.8116001,
                47.0220441
              ],
              [
                9.7982026,
                47.0299406
              ],
              [
                9.7918464,
                47.0318101
              ],
              [
                9.7821221,
                47.037949
              ],
              [
                9.7723264,
                47.038763
              ],
              [
                9.7625828,
                47.0375997
              ],
              [
                9.7525519,
                47.0367945
              ],
              [
                9.7482586,
                47.0373696
              ],
              [
                9.7458091,
                47.0403722
              ],
              [
                9.7413634,
                47.0412668
              ],
              [
                9.7324078,
                47.042494
              ],
              [
                9.723518,
                47.0442633
              ],
              [
                9.7184638,
                47.0433585
              ],
              [
                9.7127539,
                47.0454592
              ],
              [
                9.70636,
                47.0485503
              ],
              [
                9.7076556,
                47.0513739
              ],
              [
                9.7077663,
                47.0532723
              ],
              [
                9.7013742,
                47.0525733
              ],
              [
                9.6918496,
                47.054017
              ],
              [
                9.6875648,
                47.0564928
              ],
              [
                9.6795792,
                47.0581456
              ],
              [
                9.6739458,
                47.0586133
              ],
              [
                9.6633252,
                47.0594137
              ],
              [
                9.6483401,
                47.0585122
              ],
              [
                9.6446017,
                47.05865
              ],
              [
                9.6416785,
                47.0544956
              ],
              [
                9.6325586,
                47.0511092
              ],
              [
                9.6206695,
                47.0522545
              ],
              [
                9.6111615,
                47.0575097
              ],
              [
                9.6085543,
                47.059359
              ],
              [
                9.607235,
                47.060762
              ],
              [
                9.6088327,
                47.06196
              ],
              [
                9.6100485,
                47.0631772
              ],
              [
                9.6109243,
                47.064016
              ],
              [
                9.6117417,
                47.0646765
              ],
              [
                9.6112835,
                47.0654601
              ],
              [
                9.6111517,
                47.0667842
              ],
              [
                9.6120075,
                47.0672743
              ],
              [
                9.6126765,
                47.0679148
              ],
              [
                9.6127504,
                47.0685296
              ],
              [
                9.6134124,
                47.0695191
              ],
              [
                9.6133518,
                47.0710989
              ],
              [
                9.6125658,
                47.0725726
              ],
              [
                9.6120383,
                47.0737564
              ],
              [
                9.6128059,
                47.0757085
              ],
              [
                9.6116591,
                47.079266
              ],
              [
                9.6191427,
                47.0786621
              ],
              [
                9.6225175,
                47.0821506
              ],
              [
                9.6293309,
                47.0829275
              ],
              [
                9.6331484,
                47.0831758
              ],
              [
                9.6336434,
                47.0834025
              ],
              [
                9.6333932,
                47.0862955
              ],
              [
                9.6352233,
                47.0907858
              ],
              [
                9.6352202,
                47.1003663
              ],
              [
                9.6306152,
                47.1044114
              ],
              [
                9.6285199,
                47.1054021
              ],
              [
                9.629102,
                47.1073435
              ],
              [
                9.6233813,
                47.1074813
              ],
              [
                9.6203161,
                47.11064
              ],
              [
                9.6233565,
                47.1116837
              ],
              [
                9.6255395,
                47.1169644
              ],
              [
                9.6266441,
                47.118709
              ],
              [
                9.6290697,
                47.1225398
              ],
              [
                9.6329798,
                47.1253602
              ],
              [
                9.634708,
                47.1277116
              ],
              [
                9.631406,
                47.1291425
              ],
              [
                9.6292693,
                47.1306297
              ],
              [
                9.6247891,
                47.1321727
              ],
              [
                9.6227263,
                47.1410089
              ],
              [
                9.6257448,
                47.1457507
              ],
              [
                9.6210042,
                47.1515983
              ],
              [
                9.6140967,
                47.147211
              ],
              [
                9.6075283,
                47.1479553
              ],
              [
                9.6017037,
                47.1549093
              ],
              [
                9.5966201,
                47.1617912
              ],
              [
                9.585842,
                47.1674138
              ],
              [
                9.5791351,
                47.1701558
              ],
              [
                9.5624365,
                47.169524
              ],
              [
                9.5728213,
                47.1771391
              ],
              [
                9.5729553,
                47.1908954
              ],
              [
                9.5851964,
                47.2051054
              ],
              [
                9.5775929,
                47.2093819
              ],
              [
                9.5684272,
                47.2192972
              ],
              [
                9.5634983,
                47.2206801
              ],
              [
                9.5606632,
                47.2231973
              ],
              [
                9.5583897,
                47.2234113
              ],
              [
                9.5553394,
                47.222201
              ],
              [
                9.5549821,
                47.2236043
              ],
              [
                9.5512624,
                47.2236184
              ],
              [
                9.5577796,
                47.2328015
              ],
              [
                9.5676823,
                47.241279
              ],
              [
                9.5563524,
                47.2513582
              ],
              [
                9.5388275,
                47.2615102
              ],
              [
                9.5379913,
                47.2654641
              ],
              [
                9.528983,
                47.270543
              ],
              [
                9.5452383,
                47.2798308
              ],
              [
                9.5501679,
                47.2850088
              ],
              [
                9.5539696,
                47.2967982
              ],
              [
                9.5726079,
                47.3075159
              ],
              [
                9.5817754,
                47.312251
              ],
              [
                9.5881819,
                47.3179441
              ],
              [
                9.5929957,
                47.3286992
              ],
              [
                9.598875,
                47.3441577
              ],
              [
                9.6056352,
                47.3521548
              ],
              [
                9.62549,
                47.3652203
              ],
              [
                9.6429481,
                47.3681217
              ],
              [
                9.6532926,
                47.3679294
              ],
              [
                9.6640594,
                47.3723851
              ],
              [
                9.6739984,
                47.3815955
              ],
              [
                9.673117,
                47.3918352
              ],
              [
                9.6621792,
                47.3961165
              ],
              [
                9.6522956,
                47.4050621
              ],
              [
                9.6497276,
                47.4235005
              ],
              [
                9.6429594,
                47.4355489
              ],
              [
                9.6517823,
                47.4437476
              ],
              [
                9.6592868,
                47.4489554
              ],
              [
                9.6585479,
                47.4529663
              ],
              [
                9.6472899,
                47.4561319
              ],
              [
                9.6254623,
                47.4565408
              ],
              [
                9.6105789,
                47.4700513
              ],
              [
                9.6034961,
                47.4614217
              ],
              [
                9.5962807,
                47.4621521
              ],
              [
                9.5907647,
                47.4679907
              ],
              [
                9.5811,
                47.481819
              ],
              [
                9.5827235,
                47.482545
              ],
              [
                9.554951,
                47.5109
              ],
              [
                9.553059,
                47.516891
              ],
              [
                9.547482,
                47.534547
              ],
              [
                9.549887,
                47.533534
              ],
              [
                9.554144,
                47.532743
              ],
              [
                9.612622,
                47.521881
              ],
              [
                9.676701,
                47.52263
              ],
              [
                9.703986,
                47.531415
              ],
              [
                9.718455,
                47.546711
              ],
              [
                9.730858,
                47.564901
              ],
              [
                9.752665,
                47.582058
              ],
              [
                9.767135,
                47.587277
              ],
              [
                9.782121,
                47.588414
              ],
              [
                9.79628,
                47.584952
              ],
              [
                9.807959,
                47.576322
              ],
              [
                9.811266,
                47.564488
              ],
              [
                9.809303,
                47.552318
              ],
              [
                9.813127,
                47.54175
              ],
              [
                9.833487,
                47.534619
              ],
              [
                9.841549,
                47.535032
              ],
              [
                9.853848,
                47.540407
              ],
              [
                9.858912,
                47.541337
              ],
              [
                9.888988,
                47.533792
              ],
              [
                9.918753,
                47.53219
              ],
              [
                9.933843,
                47.534206
              ],
              [
                9.9429149,
                47.5391298
              ],
              [
                9.9426171,
                47.5393799
              ],
              [
                9.9520404,
                47.5364615
              ],
              [
                9.9609968,
                47.5427805
              ],
              [
                9.9701025,
                47.5451451
              ],
              [
                9.9656349,
                47.5309405
              ],
              [
                9.9656203,
                47.5254847
              ],
              [
                9.9709298,
                47.5214316
              ],
              [
                9.9815915,
                47.5128501
              ],
              [
                9.9895629,
                47.5103414
              ],
              [
                9.9909871,
                47.5070241
              ],
              [
                9.9989585,
                47.5045151
              ],
              [
                9.9884567,
                47.4998155
              ],
              [
                9.9964923,
                47.4892129
              ],
              [
                10.0059487,
                47.4858153
              ],
              [
                10.0199428,
                47.4864243
              ],
              [
                10.0302596,
                47.4887771
              ],
              [
                10.036989,
                47.4919261
              ],
              [
                10.0455207,
                47.4908665
              ],
              [
                10.0518323,
                47.4835192
              ],
              [
                10.0548667,
                47.473649
              ],
              [
                10.06616,
                47.4655633
              ],
              [
                10.0737757,
                47.4592235
              ],
              [
                10.081425,
                47.4600282
              ],
              [
                10.089163,
                47.4598838
              ],
              [
                10.0944564,
                47.4558243
              ],
              [
                10.0938962,
                47.4467517
              ],
              [
                10.098098,
                47.4393116
              ],
              [
                10.1045234,
                47.4287192
              ],
              [
                10.095746,
                47.4215215
              ],
              [
                10.0949443,
                47.4155736
              ],
              [
                10.0929564,
                47.4154767
              ],
              [
                10.0784932,
                47.4147722
              ],
              [
                10.071639,
                47.4134278
              ],
              [
                10.0707392,
                47.4075001
              ],
              [
                10.0805786,
                47.4039736
              ],
              [
                10.087147,
                47.3994654
              ],
              [
                10.0858736,
                47.3940007
              ],
              [
                10.0891705,
                47.3804193
              ],
              [
                10.1000962,
                47.3558591
              ],
              [
                10.112654,
                47.3685507
              ],
              [
                10.1186598,
                47.3763724
              ],
              [
                10.1246742,
                47.3739555
              ],
              [
                10.1382427,
                47.3687042
              ],
              [
                10.1596331,
                47.3679861
              ],
              [
                10.168891,
                47.3711797
              ],
              [
                10.1691616,
                47.3761314
              ],
              [
                10.167726,
                47.384167
              ],
              [
                10.1748109,
                47.3866185
              ],
              [
                10.1828231,
                47.3915614
              ],
              [
                10.1921069,
                47.390865
              ],
              [
                10.2019708,
                47.3838007
              ],
              [
                10.2168529,
                47.3809479
              ],
              [
                10.2252959,
                47.3884942
              ],
              [
                10.232821,
                47.3854248
              ],
              [
                10.2364627,
                47.382402
              ],
              [
                10.2317558,
                47.3791673
              ],
              [
                10.2370649,
                47.3743572
              ],
              [
                10.230075,
                47.3630762
              ],
              [
                10.2235898,
                47.3595484
              ],
              [
                10.2144143,
                47.3475381
              ],
              [
                10.2068099,
                47.3386465
              ],
              [
                10.2060154,
                47.3319448
              ],
              [
                10.2037824,
                47.3256593
              ],
              [
                10.2112334,
                47.3207316
              ],
              [
                10.2160633,
                47.3137887
              ],
              [
                10.2098582,
                47.3049557
              ],
              [
                10.1934245,
                47.2944192
              ],
              [
                10.1810194,
                47.2936957
              ],
              [
                10.176638,
                47.2904082
              ],
              [
                10.1740141,
                47.2807711
              ],
              [
                10.1740286,
                47.2775455
              ],
              [
                10.1740503,
                47.2726751
              ],
              [
                10.1791461,
                47.2705079
              ],
              [
                10.195115,
                47.2748389
              ],
              [
                10.1964163,
                47.2750571
              ],
              [
                10.2025418,
                47.2760837
              ],
              [
                10.218374,
                47.2762019
              ],
              [
                10.2327696,
                47.2721577
              ],
              [
                10.2386713,
                47.271983
              ],
              [
                10.2434188,
                47.2784137
              ],
              [
                10.2543668,
                47.283442
              ],
              [
                10.2654396,
                47.2848537
              ],
              [
                10.2774846,
                47.2910673
              ],
              [
                10.2886442,
                47.2915276
              ],
              [
                10.2945935,
                47.2993084
              ],
              [
                10.2999138,
                47.2983201
              ],
              [
                10.3169551,
                47.3068638
              ],
              [
                10.3272689,
                47.3044706
              ],
              [
                10.345203,
                47.3153384
              ],
              [
                10.3572459,
                47.3366341
              ],
              [
                10.3643507,
                47.3404454
              ],
              [
                10.3747703,
                47.350233
              ],
              [
                10.380083,
                47.3538563
              ],
              [
                10.3854613,
                47.360297
              ],
              [
                10.3817212,
                47.3650856
              ],
              [
                10.382467,
                47.3712822
              ],
              [
                10.3926675,
                47.3773603
              ],
              [
                10.4027506,
                47.3763603
              ],
              [
                10.4186696,
                47.3825415
              ],
              [
                10.4238704,
                47.3857729
              ],
              [
                10.4307779,
                47.3950981
              ],
              [
                10.4341921,
                47.4042837
              ],
              [
                10.4365373,
                47.4096163
              ],
              [
                10.446493,
                47.4162042
              ],
              [
                10.4539809,
                47.4188831
              ],
              [
                10.4578073,
                47.4273006
              ],
              [
                10.4653398,
                47.4302899
              ],
              [
                10.4752764,
                47.4338511
              ],
              [
                10.4727297,
                47.4395108
              ],
              [
                10.4673027,
                47.4526941
              ],
              [
                10.4667819,
                47.4614817
              ],
              [
                10.4701199,
                47.4684025
              ],
              [
                10.468319,
                47.4758981
              ],
              [
                10.4648106,
                47.4820168
              ],
              [
                10.4554972,
                47.4841596
              ],
              [
                10.4425629,
                47.4843387
              ],
              [
                10.4369272,
                47.4925565
              ],
              [
                10.4335081,
                47.4995644
              ],
              [
                10.4303363,
                47.5041241
              ],
              [
                10.434968,
                47.5087097
              ],
              [
                10.4422724,
                47.5154817
              ],
              [
                10.4391559,
                47.5231745
              ],
              [
                10.4439037,
                47.5325026
              ],
              [
                10.4447155,
                47.5344285
              ],
              [
                10.4479874,
                47.5421904
              ],
              [
                10.4548849,
                47.5539134
              ],
              [
                10.4481993,
                47.5598124
              ],
              [
                10.4439938,
                47.5677415
              ],
              [
                10.4332273,
                47.5701706
              ],
              [
                10.4293079,
                47.5747769
              ],
              [
                10.4342583,
                47.582594
              ],
              [
                10.4474626,
                47.5845477
              ],
              [
                10.4594292,
                47.5845459
              ],
              [
                10.4669408,
                47.5872243
              ],
              [
                10.4833222,
                47.5832462
              ],
              [
                10.4742067,
                47.5798789
              ],
              [
                10.4755776,
                47.5691247
              ],
              [
                10.467338,
                47.5681981
              ],
              [
                10.4645183,
                47.564894
              ],
              [
                10.4586458,
                47.5585426
              ],
              [
                10.4572208,
                47.5542526
              ],
              [
                10.4734416,
                47.5506717
              ],
              [
                10.4873305,
                47.5417336
              ],
              [
                10.5113458,
                47.5376703
              ],
              [
                10.5305551,
                47.5350881
              ],
              [
                10.5458554,
                47.5371133
              ],
              [
                10.5599155,
                47.5371834
              ],
              [
                10.5721531,
                47.5338473
              ],
              [
                10.5748944,
                47.5372266
              ],
              [
                10.5783831,
                47.545161
              ],
              [
                10.5742355,
                47.5497904
              ],
              [
                10.5786364,
                47.5550425
              ],
              [
                10.5916576,
                47.5629663
              ],
              [
                10.5971929,
                47.5700287
              ],
              [
                10.6101265,
                47.5656629
              ],
              [
                10.6177157,
                47.5670182
              ],
              [
                10.6244175,
                47.5649092
              ],
              [
                10.6272843,
                47.5604958
              ],
              [
                10.6389597,
                47.5592727
              ],
              [
                10.6522717,
                47.5596182
              ],
              [
                10.6750931,
                47.5593277
              ],
              [
                10.6770389,
                47.557104
              ],
              [
                10.6916364,
                47.5587958
              ],
              [
                10.6921843,
                47.5503655
              ],
              [
                10.7004766,
                47.5437904
              ],
              [
                10.712545,
                47.5438691
              ],
              [
                10.7189807,
                47.5384757
              ],
              [
                10.7267843,
                47.5389958
              ],
              [
                10.7430273,
                47.5381721
              ],
              [
                10.755636,
                47.5361354
              ],
              [
                10.7576474,
                47.5332016
              ],
              [
                10.7629762,
                47.5281597
              ],
              [
                10.764327,
                47.5201132
              ],
              [
                10.7758571,
                47.5152279
              ],
              [
                10.7834118,
                47.5163523
              ],
              [
                10.7956151,
                47.5202989
              ],
              [
                10.810588,
                47.520234
              ],
              [
                10.8124499,
                47.5263164
              ],
              [
                10.8226245,
                47.5277692
              ],
              [
                10.8310258,
                47.5294352
              ],
              [
                10.8374829,
                47.5266257
              ],
              [
                10.8477459,
                47.5297447
              ],
              [
                10.8545377,
                47.5346399
              ],
              [
                10.8714582,
                47.5362261
              ],
              [
                10.8879763,
                47.5372788
              ],
              [
                10.8910406,
                47.5324651
              ],
              [
                10.8986835,
                47.5246423
              ],
              [
                10.9054896,
                47.5187187
              ],
              [
                10.9204213,
                47.5179608
              ],
              [
                10.9165355,
                47.51286
              ],
              [
                10.9087644,
                47.5121657
              ],
              [
                10.8938598,
                47.5081343
              ],
              [
                10.8747805,
                47.5013265
              ],
              [
                10.8703962,
                47.4945009
              ],
              [
                10.8698516,
                47.4835271
              ],
              [
                10.8813213,
                47.4806059
              ],
              [
                10.9047101,
                47.4850149
              ],
              [
                10.9194603,
                47.4850654
              ],
              [
                10.9350214,
                47.483714
              ],
              [
                10.9387446,
                47.4809887
              ],
              [
                10.9286438,
                47.4722642
              ],
              [
                10.9347266,
                47.4662949
              ],
              [
                10.9532576,
                47.4541953
              ],
              [
                10.9684871,
                47.4427718
              ],
              [
                10.9834258,
                47.4308155
              ],
              [
                10.9853833,
                47.4221503
              ],
              [
                10.9779385,
                47.4185552
              ],
              [
                10.9713697,
                47.4140196
              ],
              [
                10.9693412,
                47.4070985
              ],
              [
                10.9717822,
                47.4035062
              ],
              [
                10.9718498,
                47.4034068
              ],
              [
                10.9718667,
                47.4033819
              ],
              [
                10.9747688,
                47.3986105
              ],
              [
                10.987627,
                47.3972621
              ],
              [
                11.006224,
                47.3951141
              ],
              [
                11.0208729,
                47.3975627
              ],
              [
                11.0316727,
                47.3952953
              ],
              [
                11.0400609,
                47.3964975
              ],
              [
                11.0476526,
                47.3943564
              ],
              [
                11.064829,
                47.3964326
              ],
              [
                11.0943987,
                47.395836
              ],
              [
                11.1132825,
                47.3956015
              ],
              [
                11.1240138,
                47.4063321
              ],
              [
                11.128695,
                47.4121805
              ],
              [
                11.1408398,
                47.4170196
              ],
              [
                11.1589795,
                47.4221946
              ],
              [
                11.1776792,
                47.4256952
              ],
              [
                11.1862525,
                47.4262467
              ],
              [
                11.1935628,
                47.426451
              ],
              [
                11.2016909,
                47.4305311
              ],
              [
                11.2092225,
                47.433162
              ],
              [
                11.2302644,
                47.4333803
              ],
              [
                11.2478391,
                47.4330049
              ],
              [
                11.2523447,
                47.4288659
              ],
              [
                11.2431082,
                47.4265593
              ],
              [
                11.22996,
                47.41456
              ],
              [
                11.2239387,
                47.4013823
              ],
              [
                11.2368138,
                47.3972031
              ],
              [
                11.253386,
                47.3989738
              ],
              [
                11.2683989,
                47.3980321
              ],
              [
                11.2838236,
                47.4020454
              ],
              [
                11.2918067,
                47.4161207
              ],
              [
                11.29112,
                47.4270686
              ],
              [
                11.3014901,
                47.4307882
              ],
              [
                11.3146887,
                47.4314257
              ],
              [
                11.3217555,
                47.4386909
              ],
              [
                11.3286389,
                47.4375954
              ],
              [
                11.3326918,
                47.4465611
              ],
              [
                11.3379946,
                47.4497894
              ],
              [
                11.3457158,
                47.4503448
              ],
              [
                11.3501276,
                47.4490885
              ],
              [
                11.3594548,
                47.4486237
              ],
              [
                11.3665369,
                47.4457609
              ],
              [
                11.3706162,
                47.4459513
              ],
              [
                11.3757428,
                47.4496231
              ],
              [
                11.385243,
                47.4487285
              ],
              [
                11.388882,
                47.4471166
              ],
              [
                11.4012479,
                47.4479122
              ],
              [
                11.4066666,
                47.446601
              ],
              [
                11.4116825,
                47.4471052
              ],
              [
                11.4170297,
                47.4467505
              ],
              [
                11.4187427,
                47.4458558
              ],
              [
                11.4142391,
                47.4529203
              ],
              [
                11.4114062,
                47.4564482
              ],
              [
                11.412099,
                47.4580981
              ],
              [
                11.4099199,
                47.4618269
              ],
              [
                11.4078172,
                47.4641188
              ],
              [
                11.4077494,
                47.4661382
              ],
              [
                11.4027197,
                47.4670291
              ],
              [
                11.3906884,
                47.4659336
              ],
              [
                11.3851694,
                47.4700964
              ],
              [
                11.3837246,
                47.4724077
              ],
              [
                11.3863272,
                47.4779961
              ],
              [
                11.3910277,
                47.482621
              ],
              [
                11.3941408,
                47.4827768
              ],
              [
                11.4039592,
                47.4896528
              ],
              [
                11.4100194,
                47.4948969
              ],
              [
                11.4133064,
                47.4991277
              ],
              [
                11.4166376,
                47.502329
              ],
              [
                11.4202816,
                47.5037759
              ],
              [
                11.4220784,
                47.5067126
              ],
              [
                11.4252146,
                47.5083317
              ],
              [
                11.4329036,
                47.5137479
              ],
              [
                11.4371449,
                47.5160158
              ],
              [
                11.4417435,
                47.5180941
              ],
              [
                11.4456612,
                47.5118827
              ],
              [
                11.448447,
                47.5103306
              ],
              [
                11.4490951,
                47.5082704
              ],
              [
                11.4493804,
                47.5073502
              ],
              [
                11.4557562,
                47.509355
              ],
              [
                11.4674402,
                47.5088646
              ],
              [
                11.4829178,
                47.5090374
              ],
              [
                11.4897038,
                47.507737
              ],
              [
                11.5024166,
                47.5074682
              ],
              [
                11.5056356,
                47.5053544
              ],
              [
                11.5130306,
                47.5067724
              ],
              [
                11.5180919,
                47.5106116
              ],
              [
                11.5282428,
                47.5095056
              ],
              [
                11.5373218,
                47.5099704
              ],
              [
                11.5512742,
                47.5136379
              ],
              [
                11.5721499,
                47.5147687
              ],
              [
                11.5775827,
                47.5204854
              ],
              [
                11.5866702,
                47.5251861
              ],
              [
                11.5878684,
                47.5312732
              ],
              [
                11.5862047,
                47.5422247
              ],
              [
                11.5853003,
                47.5465749
              ],
              [
                11.5897693,
                47.5506015
              ],
              [
                11.5872766,
                47.555189
              ],
              [
                11.591949,
                47.5618351
              ],
              [
                11.6001696,
                47.567042
              ],
              [
                11.602035,
                47.5779264
              ],
              [
                11.6075053,
                47.580834
              ],
              [
                11.6129208,
                47.5797741
              ],
              [
                11.6167281,
                47.5810106
              ],
              [
                11.6194439,
                47.5838353
              ],
              [
                11.6251156,
                47.5837071
              ],
              [
                11.6328893,
                47.5801901
              ],
              [
                11.6316688,
                47.5862916
              ],
              [
                11.6353339,
                47.5940318
              ],
              [
                11.6518291,
                47.5873381
              ],
              [
                11.665361,
                47.5848753
              ],
              [
                11.6794137,
                47.5852835
              ],
              [
                11.6926141,
                47.5880466
              ],
              [
                11.7066382,
                47.5889268
              ],
              [
                11.7193169,
                47.5888144
              ],
              [
                11.7348657,
                47.5878298
              ],
              [
                11.7461092,
                47.5881497
              ],
              [
                11.7628575,
                47.5905292
              ],
              [
                11.7776159,
                47.5909452
              ],
              [
                11.7870128,
                47.5891981
              ],
              [
                11.7954183,
                47.5876346
              ],
              [
                11.8109947,
                47.5861642
              ],
              [
                11.8258964,
                47.5841968
              ],
              [
                11.8400371,
                47.583159
              ],
              [
                11.84771,
                47.5843228
              ],
              [
                11.8480413,
                47.5905231
              ],
              [
                11.8517729,
                47.5987219
              ],
              [
                11.8571969,
                47.6022045
              ],
              [
                11.8697941,
                47.6035018
              ],
              [
                11.8847056,
                47.6065137
              ],
              [
                11.8940092,
                47.608626
              ],
              [
                11.9025839,
                47.6086791
              ],
              [
                11.9096208,
                47.6113008
              ],
              [
                11.9122313,
                47.6122732
              ],
              [
                11.9297828,
                47.613221
              ],
              [
                11.9480106,
                47.6146604
              ],
              [
                11.9663055,
                47.6177761
              ],
              [
                11.9768706,
                47.6149492
              ],
              [
                11.9840534,
                47.6188962
              ],
              [
                12.0024557,
                47.6232411
              ],
              [
                12.0102405,
                47.6241655
              ],
              [
                12.0191642,
                47.6129106
              ],
              [
                12.0269542,
                47.6121604
              ],
              [
                12.0369344,
                47.6170876
              ],
              [
                12.0501455,
                47.6144777
              ],
              [
                12.0617059,
                47.6170178
              ],
              [
                12.0734339,
                47.6136461
              ],
              [
                12.0911483,
                47.611716
              ],
              [
                12.1044843,
                47.6125299
              ],
              [
                12.1207909,
                47.6105596
              ],
              [
                12.1330068,
                47.6061036
              ],
              [
                12.1449358,
                47.6068776
              ],
              [
                12.1603959,
                47.6120597
              ],
              [
                12.1707918,
                47.6151742
              ],
              [
                12.177988,
                47.6150458
              ],
              [
                12.181304,
                47.6088288
              ],
              [
                12.1769645,
                47.6013256
              ],
              [
                12.187018,
                47.604803
              ],
              [
                12.1969883,
                47.6047379
              ],
              [
                12.2059274,
                47.6087665
              ],
              [
                12.2083854,
                47.6154938
              ],
              [
                12.2046348,
                47.6213249
              ],
              [
                12.2034567,
                47.6303322
              ],
              [
                12.1970041,
                47.6438407
              ],
              [
                12.1897832,
                47.6528158
              ],
              [
                12.1809298,
                47.6693037
              ],
              [
                12.1683621,
                47.6792467
              ],
              [
                12.166368,
                47.6908491
              ],
              [
                12.1636615,
                47.7017344
              ],
              [
                12.1695445,
                47.701498
              ],
              [
                12.1829562,
                47.7013523
              ],
              [
                12.1938913,
                47.7078572
              ],
              [
                12.2021088,
                47.7086759
              ],
              [
                12.2193424,
                47.7147553
              ],
              [
                12.2316849,
                47.7239627
              ],
              [
                12.2393967,
                47.7324687
              ],
              [
                12.2448744,
                47.7365087
              ],
              [
                12.2502387,
                47.7418758
              ],
              [
                12.2573516,
                47.7444887
              ],
              [
                12.2661,
                47.7355884
              ],
              [
                12.2627909,
                47.7286554
              ],
              [
                12.2548078,
                47.7194168
              ],
              [
                12.2461729,
                47.7092095
              ],
              [
                12.2426616,
                47.6925237
              ],
              [
                12.2494678,
                47.6840959
              ],
              [
                12.2602823,
                47.6795926
              ],
              [
                12.2705985,
                47.684601
              ],
              [
                12.2851186,
                47.6901843
              ],
              [
                12.2997473,
                47.6916592
              ],
              [
                12.3140558,
                47.6936661
              ],
              [
                12.3294933,
                47.6959174
              ],
              [
                12.3381659,
                47.696924
              ],
              [
                12.336049,
                47.6917621
              ],
              [
                12.3457387,
                47.6915899
              ],
              [
                12.3551082,
                47.6908646
              ],
              [
                12.3626102,
                47.6850419
              ],
              [
                12.3832094,
                47.6875843
              ],
              [
                12.4013966,
                47.6928651
              ],
              [
                12.4160456,
                47.695621
              ],
              [
                12.4304087,
                47.6967784
              ],
              [
                12.4430769,
                47.6943717
              ],
              [
                12.4416548,
                47.6837023
              ],
              [
                12.4410097,
                47.676136
              ],
              [
                12.4497077,
                47.6719728
              ],
              [
                12.4568002,
                47.6652648
              ],
              [
                12.4613496,
                47.6563389
              ],
              [
                12.4701255,
                47.6475105
              ],
              [
                12.4837975,
                47.6416203
              ],
              [
                12.4930478,
                47.6336508
              ],
              [
                12.498973,
                47.6256074
              ],
              [
                12.5135922,
                47.6256876
              ],
              [
                12.5300822,
                47.6330998
              ],
              [
                12.5362455,
                47.6366261
              ],
              [
                12.5546178,
                47.6343108
              ],
              [
                12.5680994,
                47.6337903
              ],
              [
                12.575533,
                47.6333059
              ],
              [
                12.5804124,
                47.64036
              ],
              [
                12.5839674,
                47.6490007
              ],
              [
                12.591842,
                47.6605234
              ],
              [
                12.5980769,
                47.6674529
              ],
              [
                12.6051948,
                47.6732575
              ],
              [
                12.6174047,
                47.6733955
              ],
              [
                12.6305152,
                47.678416
              ],
              [
                12.6352658,
                47.6734799
              ],
              [
                12.6486709,
                47.6732794
              ],
              [
                12.6538374,
                47.6723379
              ],
              [
                12.6559818,
                47.6775811
              ],
              [
                12.677876,
                47.6824464
              ],
              [
                12.6941226,
                47.6818219
              ],
              [
                12.7049317,
                47.6803893
              ],
              [
                12.7159355,
                47.6766597
              ],
              [
                12.7298463,
                47.6807143
              ],
              [
                12.7366021,
                47.6779065
              ],
              [
                12.7492603,
                47.6746128
              ],
              [
                12.7526863,
                47.6680785
              ],
              [
                12.7580258,
                47.6644693
              ],
              [
                12.7611722,
                47.6676804
              ],
              [
                12.7711467,
                47.6660915
              ],
              [
                12.7781999,
                47.6719362
              ],
              [
                12.7801286,
                47.6743085
              ],
              [
                12.7846015,
                47.6714891
              ],
              [
                12.7796753,
                47.6610881
              ],
              [
                12.7731914,
                47.6591975
              ],
              [
                12.7619018,
                47.6530537
              ],
              [
                12.7696517,
                47.6409429
              ],
              [
                12.7806067,
                47.6339741
              ],
              [
                12.7927122,
                47.6337231
              ],
              [
                12.8132808,
                47.6192863
              ],
              [
                12.8246693,
                47.6128325
              ],
              [
                12.823237,
                47.609566
              ],
              [
                12.8068301,
                47.6098657
              ],
              [
                12.7980185,
                47.6028708
              ],
              [
                12.7927957,
                47.5971851
              ],
              [
                12.7951887,
                47.5915328
              ],
              [
                12.7822734,
                47.5835561
              ],
              [
                12.7831124,
                47.5715657
              ],
              [
                12.7960656,
                47.5604405
              ],
              [
                12.8027277,
                47.5512257
              ],
              [
                12.8262282,
                47.5461939
              ],
              [
                12.8416769,
                47.5475712
              ],
              [
                12.8486767,
                47.54615
              ],
              [
                12.8499441,
                47.5429427
              ],
              [
                12.8518061,
                47.5327843
              ],
              [
                12.8625777,
                47.5290232
              ],
              [
                12.86768,
                47.5253846
              ],
              [
                12.8774438,
                47.5243572
              ],
              [
                12.8858271,
                47.5204299
              ],
              [
                12.8869569,
                47.5121798
              ],
              [
                12.9044024,
                47.5011784
              ],
              [
                12.9322551,
                47.4892837
              ],
              [
                12.9443565,
                47.4848701
              ],
              [
                12.9620063,
                47.4776244
              ],
              [
                12.9711872,
                47.4775397
              ],
              [
                12.9738258,
                47.4874148
              ],
              [
                12.9861381,
                47.4837095
              ],
              [
                12.9955062,
                47.4764338
              ],
              [
                12.9949153,
                47.4715807
              ],
              [
                13.00339,
                47.4645097
              ],
              [
                13.0111769,
                47.4701415
              ],
              [
                13.0187381,
                47.4771537
              ],
              [
                13.0222301,
                47.4866783
              ],
              [
                13.0299268,
                47.4877877
              ],
              [
                13.037565,
                47.4900036
              ],
              [
                13.0423783,
                47.4898348
              ],
              [
                13.0461599,
                47.4928326
              ],
              [
                13.0468764,
                47.4974687
              ],
              [
                13.0447896,
                47.5082239
              ],
              [
                13.0454827,
                47.514246
              ],
              [
                13.0425274,
                47.5170298
              ],
              [
                13.0438077,
                47.5204781
              ],
              [
                13.046267,
                47.5214828
              ],
              [
                13.0423977,
                47.5261864
              ],
              [
                13.0346718,
                47.5283018
              ],
              [
                13.0302334,
                47.5330328
              ],
              [
                13.0319125,
                47.5377914
              ],
              [
                13.0354557,
                47.5401684
              ],
              [
                13.0443627,
                47.5492869
              ],
              [
                13.0502234,
                47.5541214
              ],
              [
                13.0544575,
                47.5580066
              ],
              [
                13.0549921,
                47.5608679
              ],
              [
                13.0489258,
                47.5639804
              ],
              [
                13.0443673,
                47.5694781
              ],
              [
                13.0404518,
                47.576615
              ],
              [
                13.0430862,
                47.5788941
              ],
              [
                13.0439627,
                47.5841194
              ],
              [
                13.0595443,
                47.5866133
              ],
              [
                13.0699972,
                47.5870575
              ],
              [
                13.0701449,
                47.5908756
              ],
              [
                13.064873,
                47.5939001
              ],
              [
                13.0615966,
                47.598823
              ],
              [
                13.0618929,
                47.6021183
              ],
              [
                13.0649728,
                47.6043277
              ],
              [
                13.0691416,
                47.6066266
              ],
              [
                13.0782544,
                47.6177962
              ],
              [
                13.0945747,
                47.6286181
              ],
              [
                13.0977854,
                47.6391195
              ],
              [
                13.0878968,
                47.6486244
              ],
              [
                13.0884803,
                47.6535103
              ],
              [
                13.0846769,
                47.6580196
              ],
              [
                13.0780214,
                47.6633498
              ],
              [
                13.0754622,
                47.6737101
              ],
              [
                13.0786818,
                47.6797504
              ],
              [
                13.0765353,
                47.6860587
              ],
              [
                13.076289,
                47.6887674
              ],
              [
                13.0739694,
                47.6906309
              ],
              [
                13.0641881,
                47.6940176
              ],
              [
                13.0572817,
                47.6995419
              ],
              [
                13.0504779,
                47.7068307
              ],
              [
                13.044635,
                47.7126657
              ],
              [
                13.0346662,
                47.7161766
              ],
              [
                13.0282653,
                47.7165721
              ],
              [
                13.023913,
                47.7190676
              ],
              [
                13.0172742,
                47.7222583
              ],
              [
                13.0103597,
                47.722021
              ],
              [
                13.0077433,
                47.7191612
              ],
              [
                13.0068672,
                47.7168194
              ],
              [
                13.000483,
                47.7129956
              ],
              [
                12.9948004,
                47.7125292
              ],
              [
                12.9912759,
                47.708028
              ],
              [
                12.9751331,
                47.7067565
              ],
              [
                12.9651154,
                47.7081838
              ],
              [
                12.9594808,
                47.708659
              ],
              [
                12.9556625,
                47.7069381
              ],
              [
                12.9498407,
                47.710743
              ],
              [
                12.9380901,
                47.7110109
              ],
              [
                12.9316782,
                47.7084269
              ],
              [
                12.9233321,
                47.7111154
              ],
              [
                12.9214771,
                47.7132085
              ],
              [
                12.913982,
                47.7164062
              ],
              [
                12.9077134,
                47.7216369
              ],
              [
                12.905517,
                47.7255015
              ],
              [
                12.9053539,
                47.7295693
              ],
              [
                12.9094279,
                47.7368962
              ],
              [
                12.9184625,
                47.7427691
              ],
              [
                12.9309148,
                47.7469882
              ],
              [
                12.9348569,
                47.7488907
              ],
              [
                12.9340509,
                47.7583578
              ],
              [
                12.9391043,
                47.7605739
              ],
              [
                12.9437915,
                47.76453
              ],
              [
                12.9420671,
                47.7701471
              ],
              [
                12.935182,
                47.7695229
              ],
              [
                12.9274511,
                47.7691924
              ],
              [
                12.928791,
                47.7722135
              ],
              [
                12.9323891,
                47.776668
              ],
              [
                12.9385465,
                47.7785519
              ],
              [
                12.9372312,
                47.783819
              ],
              [
                12.9448478,
                47.787762
              ],
              [
                12.9572391,
                47.79481
              ],
              [
                12.9656841,
                47.801826
              ],
              [
                12.9787137,
                47.81897
              ],
              [
                12.9833532,
                47.8273103
              ],
              [
                12.9929668,
                47.8337606
              ],
              [
                13.0051042,
                47.8452368
              ],
              [
                13.0012832,
                47.8535357
              ],
              [
                12.9949023,
                47.8602054
              ],
              [
                12.9850164,
                47.8720178
              ],
              [
                12.9773803,
                47.8845701
              ],
              [
                12.9736774,
                47.8889226
              ],
              [
                12.969781,
                47.8951461
              ],
              [
                12.9638828,
                47.9041005
              ],
              [
                12.9488666,
                47.9185209
              ],
              [
                12.9404224,
                47.9316142
              ],
              [
                12.9396939,
                47.9412496
              ],
              [
                12.9367486,
                47.9438496
              ],
              [
                12.9348277,
                47.9410415
              ],
              [
                12.9267673,
                47.9380427
              ],
              [
                12.9196644,
                47.9413944
              ],
              [
                12.9208863,
                47.9504006
              ],
              [
                12.9167027,
                47.9558505
              ],
              [
                12.9049462,
                47.9570408
              ],
              [
                12.8928424,
                47.9578974
              ],
              [
                12.8811908,
                47.9595985
              ],
              [
                12.8723799,
                47.9643104
              ],
              [
                12.8662549,
                47.9769054
              ],
              [
                12.8599755,
                47.9965096
              ],
              [
                12.856664,
                48.0076804
              ],
              [
                12.8474355,
                48.01908
              ],
              [
                12.8051215,
                48.0450802
              ],
              [
                12.7769693,
                48.0608576
              ],
              [
                12.7569709,
                48.0764581
              ],
              [
                12.7514465,
                48.0898455
              ],
              [
                12.749956,
                48.0977272
              ],
              [
                12.7495937,
                48.1013291
              ],
              [
                12.7479356,
                48.1100559
              ],
              [
                12.7538279,
                48.1157926
              ],
              [
                12.7570997,
                48.1183951
              ],
              [
                12.7584361,
                48.1209517
              ],
              [
                12.757651,
                48.1268995
              ],
              [
                12.7648497,
                48.130271
              ],
              [
                12.7792908,
                48.1266818
              ],
              [
                12.7844963,
                48.1233514
              ],
              [
                12.7928322,
                48.1335884
              ],
              [
                12.796305,
                48.1397761
              ],
              [
                12.797206,
                48.1460556
              ],
              [
                12.8080397,
                48.151355
              ],
              [
                12.8271797,
                48.1532446
              ],
              [
                12.8340461,
                48.1579398
              ],
              [
                12.8325311,
                48.1649284
              ],
              [
                12.8395392,
                48.1670425
              ],
              [
                12.845204,
                48.1664128
              ],
              [
                12.8518713,
                48.1784707
              ],
              [
                12.8604817,
                48.1850716
              ],
              [
                12.8631666,
                48.1938915
              ],
              [
                12.8655886,
                48.199147
              ],
              [
                12.8715108,
                48.2022934
              ],
              [
                12.8788517,
                48.2035145
              ],
              [
                12.8898354,
                48.2039524
              ],
              [
                12.9026202,
                48.2047725
              ],
              [
                12.9149836,
                48.2066409
              ],
              [
                12.93142,
                48.2079279
              ],
              [
                12.9512896,
                48.2085285
              ],
              [
                12.9620455,
                48.213689
              ],
              [
                12.9746353,
                48.2209963
              ],
              [
                12.9962644,
                48.2358622
              ],
              [
                13.0117133,
                48.2514094
              ],
              [
                13.0209829,
                48.2570099
              ],
              [
                13.044157,
                48.2630668
              ],
              [
                13.0613229,
                48.2676377
              ],
              [
                13.0711075,
                48.2743789
              ],
              [
                13.0820936,
                48.2779204
              ],
              [
                13.1236354,
                48.2786058
              ],
              [
                13.1549488,
                48.2918404
              ],
              [
                13.1732844,
                48.2978464
              ],
              [
                13.1890385,
                48.2994143
              ],
              [
                13.1903493,
                48.2995446
              ],
              [
                13.2053259,
                48.2997794
              ],
              [
                13.2175163,
                48.2980646
              ],
              [
                13.2361077,
                48.296923
              ],
              [
                13.2567568,
                48.2981901
              ],
              [
                13.2701624,
                48.3026775
              ],
              [
                13.2892292,
                48.308676
              ],
              [
                13.2925804,
                48.309917
              ],
              [
                13.3026247,
                48.3136355
              ],
              [
                13.3194183,
                48.3238803
              ],
              [
                13.3334413,
                48.3317019
              ],
              [
                13.3495486,
                48.3414562
              ],
              [
                13.362138,
                48.3497298
              ],
              [
                13.3768434,
                48.3589841
              ],
              [
                13.3800255,
                48.360816
              ],
              [
                13.3971931,
                48.3706957
              ],
              [
                13.4118961,
                48.3804215
              ],
              [
                13.4152168,
                48.3885609
              ],
              [
                13.4226201,
                48.4034214
              ],
              [
                13.4258264,
                48.4153676
              ],
              [
                13.4326679,
                48.4254588
              ],
              [
                13.4381255,
                48.4341026
              ],
              [
                13.4356878,
                48.4435912
              ],
              [
                13.4290155,
                48.4511177
              ],
              [
                13.4253851,
                48.4581313
              ],
              [
                13.4356053,
                48.4749336
              ],
              [
                13.4471187,
                48.4965133
              ],
              [
                13.4538591,
                48.5104104
              ],
              [
                13.4543871,
                48.5166066
              ],
              [
                13.4512462,
                48.5256098
              ],
              [
                13.4474749,
                48.5317481
              ],
              [
                13.4479878,
                48.5384201
              ],
              [
                13.4412898,
                48.5464229
              ],
              [
                13.4376185,
                48.5529043
              ],
              [
                13.4367403,
                48.5544545
              ],
              [
                13.4366083,
                48.5587375
              ],
              [
                13.4408073,
                48.5621269
              ],
              [
                13.4494106,
                48.5622432
              ],
              [
                13.4638938,
                48.5576766
              ],
              [
                13.4816309,
                48.5641009
              ],
              [
                13.4950842,
                48.5699904
              ],
              [
                13.5042096,
                48.5767744
              ],
              [
                13.5003844,
                48.5848179
              ],
              [
                13.5088378,
                48.5901645
              ],
              [
                13.5210191,
                48.5907977
              ],
              [
                13.5334074,
                48.5842912
              ],
              [
                13.5473223,
                48.57447
              ],
              [
                13.5537934,
                48.5707963
              ],
              [
                13.5604474,
                48.5670177
              ],
              [
                13.5692131,
                48.5614141
              ],
              [
                13.5784671,
                48.5639092
              ],
              [
                13.5919715,
                48.5683598
              ],
              [
                13.6005896,
                48.5679888
              ],
              [
                13.6108243,
                48.5609716
              ],
              [
                13.6253059,
                48.5559087
              ],
              [
                13.6397208,
                48.5532235
              ],
              [
                13.6484248,
                48.5495174
              ],
              [
                13.6529785,
                48.5400494
              ],
              [
                13.687033,
                48.5261606
              ],
              [
                13.7246386,
                48.5127773
              ],
              [
                13.730836,
                48.5228434
              ],
              [
                13.7428983,
                48.5277364
              ],
              [
                13.7433666,
                48.5300057
              ],
              [
                13.7441784,
                48.5339394
              ],
              [
                13.7425094,
                48.5434426
              ],
              [
                13.7526789,
                48.5515571
              ],
              [
                13.7475015,
                48.5528634
              ],
              [
                13.7499544,
                48.5624148
              ],
              [
                13.7610514,
                48.5667179
              ],
              [
                13.7672844,
                48.5565644
              ],
              [
                13.7705003,
                48.5548677
              ],
              [
                13.7737905,
                48.5591682
              ],
              [
                13.7780975,
                48.5641041
              ],
              [
                13.7908164,
                48.5728208
              ],
              [
                13.7970134,
                48.5730652
              ],
              [
                13.799194,
                48.5764641
              ],
              [
                13.8025487,
                48.5816921
              ],
              [
                13.80155,
                48.5935834
              ],
              [
                13.8008196,
                48.5979763
              ],
              [
                13.8058842,
                48.6010461
              ],
              [
                13.8067294,
                48.6054288
              ],
              [
                13.8089524,
                48.6070188
              ],
              [
                13.8098809,
                48.6092373
              ],
              [
                13.8133354,
                48.6101537
              ],
              [
                13.8161047,
                48.6154914
              ],
              [
                13.8197171,
                48.6147179
              ],
              [
                13.8225054,
                48.6178433
              ],
              [
                13.823815,
                48.6204588
              ],
              [
                13.8223226,
                48.6261701
              ],
              [
                13.8240605,
                48.6313781
              ],
              [
                13.8249723,
                48.6349934
              ],
              [
                13.8198844,
                48.6386849
              ],
              [
                13.8218841,
                48.6413689
              ],
              [
                13.8154661,
                48.6453797
              ],
              [
                13.8125184,
                48.6493167
              ],
              [
                13.8149294,
                48.6603036
              ],
              [
                13.8162534,
                48.6639296
              ],
              [
                13.8158535,
                48.66915
              ],
              [
                13.8179969,
                48.6715605
              ],
              [
                13.8173314,
                48.6755003
              ],
              [
                13.8158807,
                48.6802168
              ],
              [
                13.8125761,
                48.6835565
              ],
              [
                13.8132991,
                48.6855738
              ],
              [
                13.8131243,
                48.688967
              ],
              [
                13.8131832,
                48.6924343
              ],
              [
                13.8161226,
                48.6950213
              ],
              [
                13.8192124,
                48.694993
              ],
              [
                13.8222401,
                48.6949481
              ],
              [
                13.825654,
                48.6929927
              ],
              [
                13.8286804,
                48.6927445
              ],
              [
                13.8325362,
                48.6927741
              ],
              [
                13.8337533,
                48.6947978
              ],
              [
                13.8346111,
                48.6972057
              ],
              [
                13.836409,
                48.6997319
              ],
              [
                13.8326815,
                48.7000932
              ],
              [
                13.8297866,
                48.6995746
              ],
              [
                13.8263598,
                48.6999758
              ],
              [
                13.8222939,
                48.6989863
              ],
              [
                13.8192458,
                48.6988846
              ],
              [
                13.8171471,
                48.700767
              ],
              [
                13.8122675,
                48.7008461
              ],
              [
                13.810643,
                48.7028202
              ],
              [
                13.8106626,
                48.7044106
              ],
              [
                13.8117339,
                48.7051467
              ],
              [
                13.8121544,
                48.7063276
              ],
              [
                13.8108549,
                48.7083939
              ],
              [
                13.8067208,
                48.7083774
              ],
              [
                13.8042749,
                48.7072301
              ],
              [
                13.7995804,
                48.7101978
              ],
              [
                13.7963768,
                48.7128982
              ],
              [
                13.7938654,
                48.7150965
              ],
              [
                13.7956087,
                48.7163116
              ],
              [
                13.7979164,
                48.7163692
              ],
              [
                13.8004073,
                48.7173826
              ],
              [
                13.8021084,
                48.7201467
              ],
              [
                13.8071851,
                48.7252887
              ],
              [
                13.8102289,
                48.7291489
              ],
              [
                13.8137242,
                48.7297297
              ],
              [
                13.8173247,
                48.7313842
              ],
              [
                13.8189061,
                48.7326416
              ],
              [
                13.8172696,
                48.7340091
              ],
              [
                13.817455,
                48.7370432
              ],
              [
                13.8191441,
                48.7387052
              ],
              [
                13.8196943,
                48.7475189
              ],
              [
                13.8221674,
                48.7561322
              ],
              [
                13.8385428,
                48.7657938
              ],
              [
                13.8395492,
                48.7715858
              ],
              [
                13.8324469,
                48.7704657
              ],
              [
                13.8133344,
                48.7737838
              ],
              [
                13.8041379,
                48.781234
              ],
              [
                13.8087018,
                48.7839732
              ],
              [
                13.8153911,
                48.7970159
              ],
              [
                13.795484,
                48.814926
              ],
              [
                13.7983439,
                48.8174179
              ],
              [
                13.7913681,
                48.8238312
              ],
              [
                13.7787218,
                48.8325004
              ],
              [
                13.7656066,
                48.8375618
              ],
              [
                13.7550419,
                48.8546937
              ],
              [
                13.7505912,
                48.8668475
              ],
              [
                13.7368108,
                48.8808896
              ],
              [
                13.7246542,
                48.8821994
              ],
              [
                13.7168041,
                48.8782119
              ],
              [
                13.6893664,
                48.8783645
              ],
              [
                13.6764065,
                48.878578
              ],
              [
                13.67143,
                48.8801232
              ],
              [
                13.6554573,
                48.8935467
              ],
              [
                13.6454385,
                48.9112925
              ],
              [
                13.6379581,
                48.9258039
              ],
              [
                13.622459,
                48.9388616
              ],
              [
                13.6079406,
                48.9411503
              ],
              [
                13.6025196,
                48.9432521
              ],
              [
                13.5907182,
                48.9530065
              ],
              [
                13.5895156,
                48.9558524
              ],
              [
                13.5931024,
                48.9610825
              ],
              [
                13.5871003,
                48.9673643
              ],
              [
                13.5803019,
                48.9708479
              ],
              [
                13.5763079,
                48.9703366
              ],
              [
                13.5754372,
                48.9677309
              ],
              [
                13.5728635,
                48.9662665
              ],
              [
                13.5570602,
                48.9673649
              ],
              [
                13.5521542,
                48.9677569
              ],
              [
                13.5480499,
                48.9670905
              ],
              [
                13.5434767,
                48.9682152
              ],
              [
                13.536595,
                48.9733651
              ],
              [
                13.5334109,
                48.9738692
              ],
              [
                13.5294727,
                48.9739414
              ],
              [
                13.5072925,
                48.9689787
              ],
              [
                13.505968,
                48.960155
              ],
              [
                13.5079435,
                48.9479821
              ],
              [
                13.5083969,
                48.9420618
              ],
              [
                13.495811,
                48.9414481
              ],
              [
                13.4695739,
                48.9544291
              ],
              [
                13.4432248,
                48.9659116
              ],
              [
                13.4328677,
                48.9719272
              ],
              [
                13.4245509,
                48.9771536
              ],
              [
                13.4173188,
                48.9796796
              ],
              [
                13.4027356,
                48.9873616
              ],
              [
                13.4023472,
                48.9944106
              ],
              [
                13.4094807,
                49.0031165
              ],
              [
                13.4058861,
                49.0227198
              ],
              [
                13.3973835,
                49.0505901
              ],
              [
                13.3923439,
                49.0543052
              ],
              [
                13.386502,
                49.0526312
              ],
              [
                13.3761764,
                49.0582428
              ],
              [
                13.3547149,
                49.0783459
              ],
              [
                13.3443181,
                49.0888479
              ],
              [
                13.3245713,
                49.1001696
              ],
              [
                13.289262,
                49.1184149
              ],
              [
                13.2823347,
                49.1205246
              ],
              [
                13.2558158,
                49.1177977
              ],
              [
                13.2359339,
                49.1137083
              ],
              [
                13.2055466,
                49.122196
              ],
              [
                13.1829829,
                49.1343758
              ],
              [
                13.1701157,
                49.1438818
              ],
              [
                13.1768165,
                49.1616282
              ],
              [
                13.1744728,
                49.1698071
              ],
              [
                13.1708944,
                49.1730316
              ],
              [
                13.1620563,
                49.1745601
              ],
              [
                13.1477963,
                49.183376
              ],
              [
                13.1411188,
                49.18996
              ],
              [
                13.1293618,
                49.1969787
              ],
              [
                13.1189466,
                49.1991417
              ],
              [
                13.1101073,
                49.2032158
              ],
              [
                13.1142851,
                49.2130005
              ],
              [
                13.1141481,
                49.2183073
              ],
              [
                13.1019989,
                49.2234149
              ],
              [
                13.0884721,
                49.2310979
              ],
              [
                13.0888699,
                49.2349049
              ],
              [
                13.0871406,
                49.2405695
              ],
              [
                13.0810446,
                49.2471613
              ],
              [
                13.073383,
                49.2463488
              ],
              [
                13.0691746,
                49.2469895
              ],
              [
                13.0605454,
                49.2501789
              ],
              [
                13.0570102,
                49.2567057
              ],
              [
                13.0474039,
                49.2636979
              ],
              [
                13.0340592,
                49.2639502
              ],
              [
                13.0257271,
                49.2789987
              ],
              [
                13.0287204,
                49.2842324
              ],
              [
                13.0307367,
                49.2915381
              ],
              [
                13.0290233,
                49.3045765
              ],
              [
                13.0076412,
                49.3064682
              ],
              [
                13.0020129,
                49.3142503
              ],
              [
                12.9726443,
                49.3338468
              ],
              [
                12.950036,
                49.3428952
              ],
              [
                12.9452904,
                49.3437836
              ],
              [
                12.9428334,
                49.3441692
              ],
              [
                12.9014412,
                49.3496315
              ],
              [
                12.8888882,
                49.3509211
              ],
              [
                12.8801655,
                49.3503987
              ],
              [
                12.881008,
                49.3435018
              ],
              [
                12.8862674,
                49.3389854
              ],
              [
                12.8888735,
                49.3332247
              ],
              [
                12.8868353,
                49.3323285
              ],
              [
                12.8769199,
                49.3324656
              ],
              [
                12.8593712,
                49.3388057
              ],
              [
                12.8476784,
                49.3443793
              ],
              [
                12.8434952,
                49.3450692
              ],
              [
                12.8428608,
                49.3423306
              ],
              [
                12.8372562,
                49.3407128
              ],
              [
                12.8025393,
                49.3416857
              ],
              [
                12.7859124,
                49.3454696
              ],
              [
                12.7787603,
                49.3481365
              ],
              [
                12.7784871,
                49.3549075
              ],
              [
                12.768189,
                49.3654053
              ],
              [
                12.7580325,
                49.3754118
              ],
              [
                12.7611097,
                49.3826063
              ],
              [
                12.7576883,
                49.3946608
              ],
              [
                12.7087254,
                49.4246671
              ],
              [
                12.6793676,
                49.4261394
              ],
              [
                12.6555162,
                49.4346574
              ],
              [
                12.6583607,
                49.4392126
              ],
              [
                12.6580236,
                49.4503555
              ],
              [
                12.6486844,
                49.4684442
              ],
              [
                12.6372776,
                49.475746
              ],
              [
                12.6335753,
                49.4761358
              ],
              [
                12.6380186,
                49.482845
              ],
              [
                12.6432102,
                49.4838329
              ],
              [
                12.6438756,
                49.4849735
              ],
              [
                12.644216,
                49.5225102
              ],
              [
                12.6412749,
                49.5268512
              ],
              [
                12.6368698,
                49.5315016
              ],
              [
                12.6323665,
                49.5317794
              ],
              [
                12.6286189,
                49.5268128
              ],
              [
                12.6207636,
                49.5263288
              ],
              [
                12.6022694,
                49.5323136
              ],
              [
                12.5889062,
                49.5380895
              ],
              [
                12.5951032,
                49.5416866
              ],
              [
                12.5878464,
                49.54557
              ],
              [
                12.5742427,
                49.5593221
              ],
              [
                12.5708491,
                49.5694043
              ],
              [
                12.5771966,
                49.5862536
              ],
              [
                12.5642325,
                49.5964806
              ],
              [
                12.5621438,
                49.6029652
              ],
              [
                12.5602603,
                49.619094
              ],
              [
                12.556233,
                49.6207578
              ],
              [
                12.5459055,
                49.621322
              ],
              [
                12.5361583,
                49.6180304
              ],
              [
                12.5281936,
                49.6182017
              ],
              [
                12.523379,
                49.628429
              ],
              [
                12.517388,
                49.6448936
              ],
              [
                12.5234032,
                49.6561388
              ],
              [
                12.5301314,
                49.6662818
              ],
              [
                12.5219588,
                49.6864128
              ],
              [
                12.5144661,
                49.6878237
              ],
              [
                12.50511,
                49.6852071
              ],
              [
                12.4918134,
                49.6860045
              ],
              [
                12.4856258,
                49.6878157
              ],
              [
                12.4855495,
                49.6914016
              ],
              [
                12.4817788,
                49.6947969
              ],
              [
                12.4574962,
                49.7021631
              ],
              [
                12.4530062,
                49.7011674
              ],
              [
                12.4427359,
                49.7037924
              ],
              [
                12.4296195,
                49.7200126
              ],
              [
                12.425539,
                49.730453
              ],
              [
                12.4129431,
                49.732345
              ],
              [
                12.406296,
                49.7398678
              ],
              [
                12.401434,
                49.7532043
              ],
              [
                12.4017502,
                49.7582165
              ],
              [
                12.404635,
                49.7624699
              ],
              [
                12.4738997,
                49.7884826
              ],
              [
                12.4742042,
                49.7918163
              ],
              [
                12.4729426,
                49.814777
              ],
              [
                12.4729879,
                49.8335798
              ],
              [
                12.4820946,
                49.8414874
              ],
              [
                12.4861865,
                49.8416704
              ],
              [
                12.4989113,
                49.8473815
              ],
              [
                12.5110414,
                49.8584859
              ],
              [
                12.5158646,
                49.8641052
              ],
              [
                12.5187543,
                49.8688469
              ],
              [
                12.5191236,
                49.8770631
              ],
              [
                12.521908,
                49.8816334
              ],
              [
                12.5357862,
                49.8907083
              ],
              [
                12.5484588,
                49.8986922
              ],
              [
                12.5515331,
                49.905742
              ],
              [
                12.5508466,
                49.9051852
              ],
              [
                12.5514285,
                49.9097134
              ],
              [
                12.5480353,
                49.9201082
              ],
              [
                12.5415664,
                49.9237669
              ],
              [
                12.5217151,
                49.9277149
              ],
              [
                12.5121144,
                49.927577
              ],
              [
                12.5037754,
                49.9296292
              ],
              [
                12.4982932,
                49.932487
              ],
              [
                12.4929923,
                49.9331631
              ],
              [
                12.4943161,
                49.936789
              ],
              [
                12.478335,
                49.9355348
              ],
              [
                12.4749306,
                49.9385227
              ],
              [
                12.4700923,
                49.9457868
              ],
              [
                12.4699908,
                49.9483245
              ],
              [
                12.4748807,
                49.9518796
              ],
              [
                12.4758893,
                49.9544648
              ],
              [
                12.4781864,
                49.9567223
              ],
              [
                12.4815742,
                49.9582962
              ],
              [
                12.4880162,
                49.9578822
              ],
              [
                12.4905553,
                49.9585949
              ],
              [
                12.4908401,
                49.962161
              ],
              [
                12.4940338,
                49.9666492
              ],
              [
                12.4940221,
                49.9698607
              ],
              [
                12.4995578,
                49.9720459
              ],
              [
                12.4943463,
                49.9759289
              ],
              [
                12.4899586,
                49.9816004
              ],
              [
                12.486357,
                49.9809352
              ],
              [
                12.4766092,
                49.9807413
              ],
              [
                12.4754398,
                49.9838139
              ],
              [
                12.4708458,
                49.9867021
              ],
              [
                12.4684814,
                49.9894155
              ],
              [
                12.4700435,
                49.9909108
              ],
              [
                12.463551,
                49.9942313
              ],
              [
                12.4589634,
                49.9947619
              ],
              [
                12.4538275,
                49.9934846
              ],
              [
                12.4535902,
                49.9916637
              ],
              [
                12.4477627,
                49.9903084
              ],
              [
                12.4407215,
                49.9864163
              ],
              [
                12.4399865,
                49.98696
              ],
              [
                12.4314793,
                49.9843903
              ],
              [
                12.4313609,
                49.9885709
              ],
              [
                12.4264646,
                49.9901583
              ],
              [
                12.4256821,
                49.9909881
              ],
              [
                12.4283457,
                49.9924561
              ],
              [
                12.4353006,
                49.9935016
              ],
              [
                12.4352722,
                49.998419
              ],
              [
                12.431985,
                50.0001903
              ],
              [
                12.4316484,
                50.0025079
              ],
              [
                12.4276612,
                50.0019154
              ],
              [
                12.4243398,
                50.0003019
              ],
              [
                12.4145468,
                50.0045917
              ],
              [
                12.4062022,
                50.0054249
              ],
              [
                12.4021351,
                50.0049891
              ],
              [
                12.4022905,
                50.0077286
              ],
              [
                12.3998791,
                50.0085482
              ],
              [
                12.3980005,
                50.0077861
              ],
              [
                12.3973935,
                50.0088499
              ],
              [
                12.3981642,
                50.0099293
              ],
              [
                12.4013273,
                50.0112527
              ],
              [
                12.4027826,
                50.0131234
              ],
              [
                12.4021857,
                50.0145666
              ],
              [
                12.4004312,
                50.0150222
              ],
              [
                12.3960311,
                50.0136698
              ],
              [
                12.3865968,
                50.0124741
              ],
              [
                12.379702,
                50.0138853
              ],
              [
                12.3777769,
                50.0164829
              ],
              [
                12.378656,
                50.0190975
              ],
              [
                12.3675319,
                50.0176118
              ],
              [
                12.365607,
                50.0223573
              ],
              [
                12.3473762,
                50.0366897
              ],
              [
                12.3399677,
                50.0394283
              ],
              [
                12.3377084,
                50.0397221
              ],
              [
                12.3356463,
                50.0384781
              ],
              [
                12.3243584,
                50.0387459
              ],
              [
                12.3180284,
                50.0530466
              ],
              [
                12.3113763,
                50.0553352
              ],
              [
                12.2980848,
                50.0585284
              ],
              [
                12.2714405,
                50.0613204
              ],
              [
                12.2609498,
                50.0583224
              ],
              [
                12.2595994,
                50.0612599
              ],
              [
                12.2617673,
                50.0652655
              ],
              [
                12.2756512,
                50.0763621
              ],
              [
                12.2441974,
                50.0944059
              ],
              [
                12.2290178,
                50.102279
              ],
              [
                12.2214018,
                50.1037976
              ],
              [
                12.2093244,
                50.1023286
              ],
              [
                12.2013361,
                50.1085814
              ],
              [
                12.2001008,
                50.1104842
              ],
              [
                12.1968579,
                50.1227946
              ],
              [
                12.1947295,
                50.1380721
              ],
              [
                12.1952604,
                50.1430358
              ],
              [
                12.2007157,
                50.1524613
              ],
              [
                12.2113067,
                50.1588584
              ],
              [
                12.214644,
                50.164543
              ],
              [
                12.2157732,
                50.1681098
              ],
              [
                12.2013217,
                50.1887239
              ],
              [
                12.1900641,
                50.2008658
              ],
              [
                12.1753253,
                50.2128597
              ],
              [
                12.1606274,
                50.2199004
              ],
              [
                12.1604648,
                50.2224003
              ],
              [
                12.1587816,
                50.225589
              ],
              [
                12.1513194,
                50.2357248
              ],
              [
                12.1475122,
                50.2358126
              ],
              [
                12.1420416,
                50.2337181
              ],
              [
                12.141309,
                50.2305596
              ],
              [
                12.1269592,
                50.2324447
              ],
              [
                12.1089553,
                50.2379867
              ],
              [
                12.0926703,
                50.2493737
              ],
              [
                12.0906175,
                50.2523837
              ],
              [
                12.1058903,
                50.2636866
              ],
              [
                12.1122995,
                50.2676651
              ],
              [
                12.1161138,
                50.2681504
              ],
              [
                12.1212098,
                50.2688672
              ],
              [
                12.1271678,
                50.2698088
              ],
              [
                12.1382396,
                50.2750203
              ],
              [
                12.1400462,
                50.2778007
              ],
              [
                12.1358519,
                50.2837404
              ],
              [
                12.1231011,
                50.2907295
              ],
              [
                12.119185,
                50.2989154
              ],
              [
                12.1259182,
                50.3073877
              ],
              [
                12.1151008,
                50.3130563
              ],
              [
                12.1049906,
                50.3145594
              ],
              [
                12.1008334,
                50.3186524
              ],
              [
                12.1069381,
                50.3216241
              ],
              [
                12.115083,
                50.3196787
              ],
              [
                12.1297059,
                50.3182105
              ],
              [
                12.1444048,
                50.3214221
              ],
              [
                12.1855433,
                50.3209948
              ],
              [
                12.2022015,
                50.3080021
              ],
              [
                12.1937323,
                50.2949633
              ],
              [
                12.1996243,
                50.2722085
              ],
              [
                12.2020245,
                50.2711595
              ],
              [
                12.2117311,
                50.2692902
              ],
              [
                12.2354604,
                50.2678638
              ],
              [
                12.2445304,
                50.2673488
              ],
              [
                12.2539718,
                50.2693092
              ],
              [
                12.2630625,
                50.2583041
              ],
              [
                12.2644516,
                50.2503921
              ],
              [
                12.2618356,
                50.2493628
              ],
              [
                12.2561734,
                50.2507321
              ],
              [
                12.2487357,
                50.2580408
              ],
              [
                12.245133,
                50.2564998
              ],
              [
                12.2417038,
                50.2505148
              ],
              [
                12.2405469,
                50.2449601
              ],
              [
                12.2416426,
                50.2437775
              ],
              [
                12.2542728,
                50.23693
              ],
              [
                12.2643734,
                50.2314758
              ],
              [
                12.2735624,
                50.2316927
              ],
              [
                12.2866852,
                50.2247497
              ],
              [
                12.2879356,
                50.219677
              ],
              [
                12.282955,
                50.2063064
              ],
              [
                12.275023,
                50.1978111
              ],
              [
                12.2742221,
                50.195331
              ],
              [
                12.2780452,
                50.1898185
              ],
              [
                12.2895762,
                50.17691
              ],
              [
                12.2964741,
                50.1741216
              ],
              [
                12.3205249,
                50.1709855
              ],
              [
                12.3324182,
                50.1707152
              ],
              [
                12.3350137,
                50.1716686
              ],
              [
                12.336651,
                50.1725841
              ],
              [
                12.3401182,
                50.1908417
              ],
              [
                12.3377134,
                50.1943657
              ],
              [
                12.3352705,
                50.1979479
              ],
              [
                12.3286373,
                50.2086601
              ],
              [
                12.3302982,
                50.2338329
              ],
              [
                12.3339048,
                50.2411987
              ],
              [
                12.3430132,
                50.2397567
              ],
              [
                12.3508072,
                50.2348628
              ],
              [
                12.3559042,
                50.2360684
              ],
              [
                12.3611746,
                50.2406189
              ],
              [
                12.3571485,
                50.2458874
              ],
              [
                12.350554,
                50.2530471
              ],
              [
                12.352155,
                50.2618064
              ],
              [
                12.3629463,
                50.2747152
              ],
              [
                12.3730388,
                50.2834964
              ],
              [
                12.3861238,
                50.2871314
              ],
              [
                12.3941417,
                50.2876925
              ],
              [
                12.3993438,
                50.2916716
              ],
              [
                12.4021373,
                50.3020855
              ],
              [
                12.3986143,
                50.3070938
              ],
              [
                12.3998382,
                50.3211169
              ],
              [
                12.4037411,
                50.3223374
              ],
              [
                12.4154458,
                50.3224751
              ],
              [
                12.4208219,
                50.3214144
              ],
              [
                12.431028,
                50.3215363
              ],
              [
                12.4335126,
                50.3222876
              ],
              [
                12.4385473,
                50.3278688
              ],
              [
                12.4390607,
                50.3347847
              ],
              [
                12.4466254,
                50.3426699
              ],
              [
                12.4640433,
                50.3510394
              ],
              [
                12.4699553,
                50.3518286
              ],
              [
                12.4810888,
                50.34518
              ],
              [
                12.4842242,
                50.3454889
              ],
              [
                12.4904859,
                50.348896
              ],
              [
                12.4942649,
                50.3541558
              ],
              [
                12.4921119,
                50.3576198
              ],
              [
                12.4889048,
                50.3614197
              ],
              [
                12.4907596,
                50.371414
              ],
              [
                12.5159625,
                50.3950837
              ],
              [
                12.534337,
                50.3977732
              ],
              [
                12.5593553,
                50.3983038
              ],
              [
                12.5755983,
                50.4021181
              ],
              [
                12.5847659,
                50.4057617
              ],
              [
                12.5983029,
                50.4044113
              ],
              [
                12.6045043,
                50.4056846
              ],
              [
                12.6186794,
                50.4143325
              ],
              [
                12.6256144,
                50.4145085
              ],
              [
                12.6410485,
                50.4103463
              ],
              [
                12.6475827,
                50.4090037
              ],
              [
                12.6560924,
                50.4090533
              ],
              [
                12.6619415,
                50.4102283
              ],
              [
                12.667839,
                50.413101
              ],
              [
                12.6738235,
                50.4144395
              ],
              [
                12.6762,
                50.4138678
              ],
              [
                12.6935795,
                50.4031825
              ],
              [
                12.7073592,
                50.4044987
              ],
              [
                12.7139769,
                50.411884
              ],
              [
                12.7365816,
                50.4302095
              ],
              [
                12.7553211,
                50.4364427
              ],
              [
                12.7941935,
                50.4479784
              ],
              [
                12.802308,
                50.4390329
              ],
              [
                12.811226,
                50.4292026
              ],
              [
                12.8127963,
                50.432605
              ],
              [
                12.807346,
                50.4423066
              ],
              [
                12.8185843,
                50.4584654
              ],
              [
                12.8198544,
                50.4593428
              ],
              [
                12.8445938,
                50.4488824
              ],
              [
                12.8534216,
                50.4431495
              ],
              [
                12.8918691,
                50.4280518
              ],
              [
                12.9025273,
                50.4208365
              ],
              [
                12.9105864,
                50.4222677
              ],
              [
                12.9351707,
                50.4084235
              ],
              [
                12.936767,
                50.4067642
              ],
              [
                12.9416157,
                50.4040713
              ],
              [
                12.9454206,
                50.4033655
              ],
              [
                12.9488752,
                50.4041979
              ],
              [
                12.9442976,
                50.4061508
              ],
              [
                12.9420413,
                50.4081952
              ],
              [
                12.9441232,
                50.4117349
              ],
              [
                12.9638387,
                50.4133716
              ],
              [
                12.9792966,
                50.4172703
              ],
              [
                12.9856181,
                50.4198759
              ],
              [
                12.9900795,
                50.4267689
              ],
              [
                12.9995992,
                50.4340972
              ],
              [
                13.0177836,
                50.4434849
              ],
              [
                13.0229507,
                50.4508548
              ],
              [
                13.0235022,
                50.4556346
              ],
              [
                13.0212103,
                50.462608
              ],
              [
                13.0199218,
                50.4665257
              ],
              [
                13.0234438,
                50.4864081
              ],
              [
                13.0320428,
                50.5086359
              ],
              [
                13.0439241,
                50.5114587
              ],
              [
                13.0694793,
                50.5005565
              ],
              [
                13.1008455,
                50.5046966
              ],
              [
                13.1286204,
                50.5171133
              ],
              [
                13.1400327,
                50.50852
              ],
              [
                13.152337,
                50.5059054
              ],
              [
                13.1709465,
                50.5059123
              ],
              [
                13.1887537,
                50.5088906
              ],
              [
                13.1946617,
                50.5156673
              ],
              [
                13.2058811,
                50.5288175
              ],
              [
                13.2112572,
                50.5361053
              ],
              [
                13.2146843,
                50.5407498
              ],
              [
                13.2206147,
                50.5471322
              ],
              [
                13.2239315,
                50.5574069
              ],
              [
                13.2356683,
                50.5737077
              ],
              [
                13.2408712,
                50.5832239
              ],
              [
                13.2516911,
                50.5912513
              ],
              [
                13.2640319,
                50.5924643
              ],
              [
                13.2658476,
                50.5926427
              ],
              [
                13.2734434,
                50.5876436
              ],
              [
                13.2848126,
                50.5807336
              ],
              [
                13.2995843,
                50.5821299
              ],
              [
                13.3074962,
                50.5853909
              ],
              [
                13.3110861,
                50.6058907
              ],
              [
                13.3192746,
                50.6110409
              ],
              [
                13.3219651,
                50.6127327
              ],
              [
                13.33418,
                50.6168403
              ],
              [
                13.3457241,
                50.6225099
              ],
              [
                13.3534675,
                50.6308772
              ],
              [
                13.3612956,
                50.6368859
              ],
              [
                13.3717612,
                50.6382123
              ],
              [
                13.3812477,
                50.632053
              ],
              [
                13.3889588,
                50.6235091
              ],
              [
                13.4027912,
                50.6166216
              ],
              [
                13.4190771,
                50.6101591
              ],
              [
                13.4668973,
                50.6029992
              ],
              [
                13.4626769,
                50.618607
              ],
              [
                13.471089,
                50.624744
              ],
              [
                13.4807932,
                50.6318208
              ],
              [
                13.493595,
                50.637492
              ],
              [
                13.5089719,
                50.6400491
              ],
              [
                13.5199743,
                50.6441215
              ],
              [
                13.5210378,
                50.64964
              ],
              [
                13.5149934,
                50.6525188
              ],
              [
                13.5152308,
                50.6560813
              ],
              [
                13.5194553,
                50.6606299
              ],
              [
                13.5363951,
                50.6698721
              ],
              [
                13.5433508,
                50.6773025
              ],
              [
                13.5431941,
                50.682748
              ],
              [
                13.5379734,
                50.6914398
              ],
              [
                13.5322435,
                50.6958422
              ],
              [
                13.5236497,
                50.7030864
              ],
              [
                13.5325776,
                50.7079273
              ],
              [
                13.54632,
                50.7106347
              ],
              [
                13.55728,
                50.7144196
              ],
              [
                13.5648341,
                50.7142808
              ],
              [
                13.5760492,
                50.7120591
              ],
              [
                13.5900454,
                50.7119922
              ],
              [
                13.601905,
                50.7105065
              ],
              [
                13.6104461,
                50.7121335
              ],
              [
                13.6215921,
                50.7142556
              ],
              [
                13.6264399,
                50.7165191
              ],
              [
                13.6251218,
                50.7228807
              ],
              [
                13.6277645,
                50.7225094
              ],
              [
                13.6437337,
                50.7291473
              ],
              [
                13.6526642,
                50.7303102
              ],
              [
                13.6647578,
                50.732911
              ],
              [
                13.6700207,
                50.7299227
              ],
              [
                13.6809663,
                50.7249063
              ],
              [
                13.686189,
                50.7209913
              ],
              [
                13.7003107,
                50.7177816
              ],
              [
                13.7079759,
                50.7170867
              ],
              [
                13.7121243,
                50.7201686
              ],
              [
                13.709879,
                50.7252919
              ],
              [
                13.7146148,
                50.7256355
              ],
              [
                13.7291225,
                50.7337444
              ],
              [
                13.7388967,
                50.7287391
              ],
              [
                13.745679,
                50.7291712
              ],
              [
                13.7527123,
                50.7311779
              ],
              [
                13.7575834,
                50.7351302
              ],
              [
                13.7665408,
                50.7358419
              ],
              [
                13.7712602,
                50.7337722
              ],
              [
                13.7749651,
                50.7365106
              ],
              [
                13.7842304,
                50.7349528
              ],
              [
                13.7909219,
                50.7368981
              ],
              [
                13.7924803,
                50.7335651
              ],
              [
                13.7971651,
                50.7351268
              ],
              [
                13.8096448,
                50.731586
              ],
              [
                13.8271904,
                50.7242846
              ],
              [
                13.8352121,
                50.7272497
              ],
              [
                13.8454358,
                50.725452
              ],
              [
                13.8575048,
                50.7282671
              ],
              [
                13.8594797,
                50.7322255
              ],
              [
                13.8608288,
                50.7393048
              ],
              [
                13.8629477,
                50.7419434
              ],
              [
                13.8714002,
                50.741013
              ],
              [
                13.8759123,
                50.7385352
              ],
              [
                13.8846707,
                50.7384488
              ],
              [
                13.8948528,
                50.7438274
              ],
              [
                13.9011898,
                50.7536201
              ],
              [
                13.8938256,
                50.7611182
              ],
              [
                13.8849711,
                50.7685046
              ],
              [
                13.8899599,
                50.7729112
              ],
              [
                13.89439,
                50.7793385
              ],
              [
                13.8986124,
                50.7922965
              ],
              [
                13.903237,
                50.792816
              ],
              [
                13.920445,
                50.7896775
              ],
              [
                13.9358778,
                50.7929649
              ],
              [
                13.9444635,
                50.797368
              ],
              [
                13.9504901,
                50.8052862
              ],
              [
                13.958424,
                50.8112551
              ],
              [
                13.9638907,
                50.8138033
              ],
              [
                13.9713242,
                50.8172674
              ],
              [
                13.9849762,
                50.817387
              ],
              [
                14.0006075,
                50.8120173
              ],
              [
                14.0179481,
                50.8137373
              ],
              [
                14.023966,
                50.8137878
              ],
              [
                14.0322198,
                50.8138565
              ],
              [
                14.0490774,
                50.8088837
              ],
              [
                14.0786928,
                50.8118273
              ],
              [
                14.0795866,
                50.8175417
              ],
              [
                14.086086,
                50.8248595
              ],
              [
                14.0977209,
                50.8274878
              ],
              [
                14.1115405,
                50.8306076
              ],
              [
                14.1329154,
                50.8346581
              ],
              [
                14.1495926,
                50.8433326
              ],
              [
                14.1624401,
                50.8479875
              ],
              [
                14.1702418,
                50.8474571
              ],
              [
                14.1826444,
                50.8498812
              ],
              [
                14.1896905,
                50.849174
              ],
              [
                14.1962248,
                50.851152
              ],
              [
                14.2050533,
                50.8531461
              ],
              [
                14.2177733,
                50.8608226
              ],
              [
                14.2220554,
                50.8587302
              ],
              [
                14.22794,
                50.8663507
              ],
              [
                14.235093,
                50.8799604
              ],
              [
                14.2376682,
                50.8885114
              ],
              [
                14.2449597,
                50.8880739
              ],
              [
                14.2584517,
                50.8904423
              ],
              [
                14.2700586,
                50.8952683
              ],
              [
                14.2824378,
                50.8925735
              ],
              [
                14.2909994,
                50.8860805
              ],
              [
                14.3045937,
                50.8844108
              ],
              [
                14.3197007,
                50.8898046
              ],
              [
                14.3344451,
                50.8900139
              ],
              [
                14.3460594,
                50.8932581
              ],
              [
                14.3487664,
                50.9005861
              ],
              [
                14.3617766,
                50.898493
              ],
              [
                14.3811292,
                50.8987672
              ],
              [
                14.3848103,
                50.9019611
              ],
              [
                14.3876119,
                50.9101908
              ],
              [
                14.3945989,
                50.918352
              ],
              [
                14.4042838,
                50.9238017
              ],
              [
                14.4052313,
                50.9312936
              ],
              [
                14.405391,
                50.9337994
              ],
              [
                14.387336,
                50.9405191
              ],
              [
                14.3741182,
                50.9386541
              ],
              [
                14.3689384,
                50.939864
              ],
              [
                14.3702499,
                50.9426953
              ],
              [
                14.3609765,
                50.9426388
              ],
              [
                14.3488095,
                50.9451748
              ],
              [
                14.3475474,
                50.9474598
              ],
              [
                14.3474824,
                50.9496962
              ],
              [
                14.3238111,
                50.9503804
              ],
              [
                14.3117273,
                50.9548453
              ],
              [
                14.3177628,
                50.9574789
              ],
              [
                14.3168225,
                50.9606427
              ],
              [
                14.3093828,
                50.9607666
              ],
              [
                14.3027686,
                50.9643338
              ],
              [
                14.3151306,
                50.9733331
              ],
              [
                14.3196025,
                50.9724272
              ],
              [
                14.3278802,
                50.9737499
              ],
              [
                14.326802,
                50.9795136
              ],
              [
                14.3285546,
                50.9821942
              ],
              [
                14.3230844,
                50.9843783
              ],
              [
                14.316246,
                50.9849
              ],
              [
                14.3022406,
                50.9817253
              ],
              [
                14.28669,
                50.9781688
              ],
              [
                14.2733084,
                50.9822247
              ],
              [
                14.2643838,
                50.9857318
              ],
              [
                14.2586141,
                50.9879985
              ],
              [
                14.2594763,
                50.9944219
              ],
              [
                14.2685661,
                50.9990477
              ],
              [
                14.2635803,
                51.0040859
              ],
              [
                14.2606113,
                51.0086465
              ],
              [
                14.2700255,
                51.0106677
              ],
              [
                14.2813996,
                51.0162579
              ],
              [
                14.2793666,
                51.0196423
              ],
              [
                14.2893046,
                51.028262
              ],
              [
                14.2743892,
                51.0376516
              ],
              [
                14.2747859,
                51.0392385
              ],
              [
                14.2888109,
                51.0391844
              ],
              [
                14.2918475,
                51.0457281
              ],
              [
                14.2958675,
                51.0496092
              ],
              [
                14.2979948,
                51.0516627
              ],
              [
                14.3029079,
                51.0568033
              ],
              [
                14.319167,
                51.0541469
              ],
              [
                14.3226977,
                51.0518984
              ],
              [
                14.3297042,
                51.0452821
              ],
              [
                14.3446785,
                51.039802
              ],
              [
                14.3515238,
                51.0436205
              ],
              [
                14.3631495,
                51.0448942
              ],
              [
                14.374743,
                51.03929
              ],
              [
                14.3815014,
                51.0382949
              ],
              [
                14.387065,
                51.0264589
              ],
              [
                14.4070708,
                51.0196565
              ],
              [
                14.416065,
                51.020107
              ],
              [
                14.4252631,
                51.022075
              ],
              [
                14.4327883,
                51.0233774
              ],
              [
                14.4324158,
                51.0264439
              ],
              [
                14.439259,
                51.0276564
              ],
              [
                14.4453267,
                51.0330673
              ],
              [
                14.4533566,
                51.0369139
              ],
              [
                14.4641053,
                51.0356363
              ],
              [
                14.4685195,
                51.0313317
              ],
              [
                14.4747634,
                51.0294719
              ],
              [
                14.4741974,
                51.0254599
              ],
              [
                14.4915099,
                51.0235398
              ],
              [
                14.4928006,
                51.0345849
              ],
              [
                14.4922629,
                51.0442297
              ],
              [
                14.500757,
                51.0472709
              ],
              [
                14.5078589,
                51.0429533
              ],
              [
                14.5044788,
                51.0378305
              ],
              [
                14.4987404,
                51.0225713
              ],
              [
                14.5266623,
                51.0183543
              ],
              [
                14.5392581,
                51.0106806
              ],
              [
                14.5363063,
                51.0091759
              ],
              [
                14.5339849,
                51.0046918
              ],
              [
                14.5404677,
                51.0051838
              ],
              [
                14.5582912,
                51.0075698
              ],
              [
                14.5628683,
                51.0100986
              ],
              [
                14.5660968,
                51.0107909
              ],
              [
                14.5691373,
                51.004513
              ],
              [
                14.5785516,
                50.9987544
              ],
              [
                14.5829728,
                50.9920865
              ],
              [
                14.590476,
                50.9889677
              ],
              [
                14.5992374,
                50.9842801
              ],
              [
                14.5995784,
                50.9773994
              ],
              [
                14.5975184,
                50.9669748
              ],
              [
                14.5953482,
                50.9631017
              ],
              [
                14.5920009,
                50.9571265
              ],
              [
                14.5858424,
                50.9496346
              ],
              [
                14.5786125,
                50.9389479
              ],
              [
                14.5726462,
                50.9349084
              ],
              [
                14.5710715,
                50.9314955
              ],
              [
                14.5604954,
                50.9249569
              ],
              [
                14.5664149,
                50.9189993
              ],
              [
                14.5811035,
                50.9153565
              ],
              [
                14.5898604,
                50.9174089
              ],
              [
                14.593552,
                50.9171334
              ],
              [
                14.6041355,
                50.9209967
              ],
              [
                14.6175227,
                50.9255721
              ],
              [
                14.6287519,
                50.9258286
              ],
              [
                14.6435047,
                50.9313453
              ],
              [
                14.6502643,
                50.9312106
              ],
              [
                14.6518947,
                50.9266567
              ],
              [
                14.6528489,
                50.9056726
              ],
              [
                14.6387409,
                50.8997437
              ],
              [
                14.635073,
                50.8939838
              ],
              [
                14.6324192,
                50.8831457
              ],
              [
                14.6278487,
                50.8768635
              ],
              [
                14.6241522,
                50.8684209
              ],
              [
                14.6226746,
                50.8583227
              ],
              [
                14.6478171,
                50.8490574
              ],
              [
                14.6618676,
                50.8511935
              ],
              [
                14.6689768,
                50.846471
              ],
              [
                14.6891439,
                50.8388784
              ],
              [
                14.7085152,
                50.8407036
              ],
              [
                14.714565,
                50.8377096
              ],
              [
                14.7178309,
                50.8334121
              ],
              [
                14.7162221,
                50.8292593
              ],
              [
                14.7172645,
                50.8239424
              ],
              [
                14.7234886,
                50.8231231
              ],
              [
                14.7302905,
                50.8248667
              ],
              [
                14.7380348,
                50.829422
              ],
              [
                14.748235,
                50.8285059
              ],
              [
                14.7513866,
                50.823352
              ],
              [
                14.7594717,
                50.8245658
              ],
              [
                14.7665564,
                50.8204061
              ],
              [
                14.7796003,
                50.8204743
              ],
              [
                14.7906153,
                50.824135
              ],
              [
                14.7933523,
                50.8205446
              ],
              [
                14.7989749,
                50.8223876
              ],
              [
                14.8014677,
                50.8277369
              ],
              [
                14.8021433,
                50.8332594
              ],
              [
                14.8058267,
                50.8430954
              ],
              [
                14.810795,
                50.8529217
              ],
              [
                14.8171915,
                50.8556949
              ],
              [
                14.8201152,
                50.8625637
              ],
              [
                14.8256987,
                50.8675957
              ],
              [
                14.8242702,
                50.8704724
              ],
              [
                14.829482,
                50.8735764
              ],
              [
                14.8335425,
                50.8715382
              ],
              [
                14.8384398,
                50.8710725
              ],
              [
                14.8406777,
                50.8704468
              ],
              [
                14.8471821,
                50.8691243
              ],
              [
                14.8628829,
                50.8696551
              ],
              [
                14.8630486,
                50.8696889
              ],
              [
                14.8688706,
                50.8767709
              ],
              [
                14.8810564,
                50.8740335
              ],
              [
                14.8976722,
                50.8678822
              ],
              [
                14.9064916,
                50.8750405
              ],
              [
                14.9334821,
                50.8702173
              ],
              [
                14.9462754,
                50.8655416
              ],
              [
                14.9630909,
                50.8615068
              ],
              [
                14.9736494,
                50.8658345
              ],
              [
                14.9829686,
                50.8662294
              ],
              [
                14.9947732,
                50.8666237
              ],
              [
                14.9973298,
                50.8689772
              ],
              [
                15.0019814,
                50.8745835
              ],
              [
                14.9953914,
                50.8976843
              ],
              [
                15.0016087,
                50.9031887
              ],
              [
                14.9935251,
                50.9059408
              ],
              [
                14.9891714,
                50.9102653
              ],
              [
                14.9860602,
                50.9161625
              ],
              [
                14.9891685,
                50.9224535
              ],
              [
                14.9960105,
                50.9287447
              ],
              [
                15.0022321,
                50.9354286
              ],
              [
                15.009078,
                50.9432916
              ],
              [
                15.010324,
                50.9495821
              ],
              [
                15.0097029,
                50.9558729
              ],
              [
                15.0159305,
                50.9637355
              ],
              [
                15.0153104,
                50.9712057
              ],
              [
                15.0121984,
                50.9771036
              ],
              [
                15.0065945,
                50.984181
              ],
              [
                14.9991201,
                50.9833948
              ],
              [
                14.9966291,
                50.9774973
              ],
              [
                14.9947614,
                50.9712066
              ],
              [
                14.9854212,
                50.9708127
              ],
              [
                14.9823059,
                50.9755302
              ],
              [
                14.9683347,
                50.9898906
              ],
              [
                14.9729551,
                50.9957889
              ],
              [
                14.9785359,
                51.0028693
              ],
              [
                14.9839846,
                51.0067254
              ],
              [
                14.9850968,
                51.0109287
              ],
              [
                14.9912696,
                51.0109256
              ],
              [
                14.9968478,
                51.0090331
              ],
              [
                14.9985613,
                51.0108324
              ],
              [
                15.0035142,
                51.0126543
              ],
              [
                15.009136,
                51.0152897
              ],
              [
                15.0130525,
                51.0160769
              ],
              [
                15.0152722,
                51.0171151
              ],
              [
                15.0165435,
                51.0191343
              ],
              [
                15.024012,
                51.0196714
              ],
              [
                15.0358545,
                51.0250922
              ],
              [
                15.053013,
                51.020737
              ],
              [
                15.065495,
                51.0194508
              ],
              [
                15.1004507,
                51.012345
              ],
              [
                15.1081835,
                51.0091332
              ],
              [
                15.0990109,
                51.0037077
              ],
              [
                15.0993947,
                50.9973132
              ],
              [
                15.1094809,
                50.9916486
              ],
              [
                15.1197482,
                50.9937984
              ],
              [
                15.1274186,
                50.990585
              ],
              [
                15.1421283,
                50.9916374
              ],
              [
                15.1387093,
                50.993816
              ],
              [
                15.1324698,
                50.994419
              ],
              [
                15.13457,
                50.9995494
              ],
              [
                15.1434782,
                51.013431
              ],
              [
                15.1581813,
                51.016929
              ],
              [
                15.1721248,
                51.0201564
              ],
              [
                15.1775423,
                50.9942354
              ],
              [
                15.1755527,
                50.9886277
              ],
              [
                15.1718702,
                50.9865909
              ],
              [
                15.1885919,
                50.9804834
              ],
              [
                15.190808,
                50.9806209
              ],
              [
                15.1986095,
                50.9835468
              ],
              [
                15.1961019,
                50.9887806
              ],
              [
                15.2036093,
                50.9924924
              ],
              [
                15.2325926,
                50.9985155
              ],
              [
                15.2391247,
                50.9987065
              ],
              [
                15.2427708,
                50.9974703
              ],
              [
                15.2427558,
                50.9963034
              ],
              [
                15.2381009,
                50.9949107
              ],
              [
                15.239809,
                50.9856791
              ],
              [
                15.2484083,
                50.9803259
              ],
              [
                15.2583841,
                50.9809465
              ],
              [
                15.2750738,
                50.9790759
              ],
              [
                15.2776246,
                50.9717445
              ],
              [
                15.2742174,
                50.9648968
              ],
              [
                15.2776853,
                50.9610588
              ],
              [
                15.2904969,
                50.9550322
              ],
              [
                15.2906369,
                50.9487373
              ],
              [
                15.2718828,
                50.9348952
              ],
              [
                15.2682885,
                50.9203737
              ],
              [
                15.2781206,
                50.9069033
              ],
              [
                15.2826577,
                50.8931626
              ],
              [
                15.3510109,
                50.8720848
              ],
              [
                15.3471315,
                50.8626041
              ],
              [
                15.3446326,
                50.8559638
              ],
              [
                15.3641537,
                50.8399352
              ],
              [
                15.3672772,
                50.8405279
              ],
              [
                15.3710947,
                50.8215311
              ],
              [
                15.3683385,
                50.8223142
              ],
              [
                15.3595489,
                50.7842344
              ],
              [
                15.3605979,
                50.7808256
              ],
              [
                15.3794185,
                50.7677513
              ],
              [
                15.3867735,
                50.7675377
              ],
              [
                15.3880071,
                50.7675019
              ],
              [
                15.3958351,
                50.7715844
              ],
              [
                15.4085509,
                50.7942674
              ],
              [
                15.4125646,
                50.7969718
              ],
              [
                15.4381746,
                50.8142175
              ],
              [
                15.4482246,
                50.8136434
              ],
              [
                15.4795268,
                50.7907902
              ],
              [
                15.4987231,
                50.7884326
              ],
              [
                15.5113767,
                50.7906225
              ],
              [
                15.524058,
                50.776546
              ],
              [
                15.535272,
                50.7792402
              ],
              [
                15.558698,
                50.779356
              ],
              [
                15.5779303,
                50.7785639
              ],
              [
                15.6162084,
                50.7730974
              ],
              [
                15.6328234,
                50.7627826
              ],
              [
                15.6597198,
                50.7599747
              ],
              [
                15.6802856,
                50.7547492
              ],
              [
                15.6887681,
                50.742885
              ],
              [
                15.6996691,
                50.7387879
              ],
              [
                15.7284037,
                50.7389759
              ],
              [
                15.7401853,
                50.73609
              ],
              [
                15.7463338,
                50.7402107
              ],
              [
                15.7794865,
                50.7428435
              ],
              [
                15.7925241,
                50.7520613
              ],
              [
                15.8082673,
                50.7545619
              ],
              [
                15.8314934,
                50.7483438
              ],
              [
                15.8363039,
                50.7476835
              ],
              [
                15.839525,
                50.7472404
              ],
              [
                15.8400506,
                50.7314636
              ],
              [
                15.8621104,
                50.7033663
              ],
              [
                15.8635946,
                50.687254
              ],
              [
                15.8692054,
                50.6832962
              ],
              [
                15.8796766,
                50.6759075
              ],
              [
                15.8873925,
                50.6755855
              ],
              [
                15.928185,
                50.6868762
              ],
              [
                15.9522379,
                50.6898423
              ],
              [
                15.9758854,
                50.6890379
              ],
              [
                16.0044307,
                50.676008
              ],
              [
                16.010711,
                50.6662131
              ],
              [
                16.0085359,
                50.6407044
              ],
              [
                16.0110572,
                50.6366006
              ],
              [
                16.0206777,
                50.6294784
              ],
              [
                15.9910046,
                50.6176663
              ],
              [
                15.9872194,
                50.612529
              ],
              [
                16.0050555,
                50.6063866
              ],
              [
                16.0134069,
                50.6059606
              ],
              [
                16.0198201,
                50.6001296
              ],
              [
                16.0248174,
                50.5987839
              ],
              [
                16.0293026,
                50.6039286
              ],
              [
                16.0389446,
                50.6118059
              ],
              [
                16.042241,
                50.6144981
              ],
              [
                16.0558965,
                50.6097969
              ],
              [
                16.0580213,
                50.6186582
              ],
              [
                16.0656227,
                50.6349534
              ],
              [
                16.0679295,
                50.6403753
              ],
              [
                16.0824176,
                50.6463304
              ],
              [
                16.0886456,
                50.6521957
              ],
              [
                16.0967091,
                50.65464
              ],
              [
                16.1027773,
                50.6629868
              ],
              [
                16.1141281,
                50.6591023
              ],
              [
                16.1263988,
                50.6607891
              ],
              [
                16.127517,
                50.6582345
              ],
              [
                16.1363168,
                50.6542034
              ],
              [
                16.1405333,
                50.6513277
              ],
              [
                16.1486174,
                50.6536674
              ],
              [
                16.171766,
                50.6446978
              ],
              [
                16.1809008,
                50.6291312
              ],
              [
                16.1843456,
                50.6278308
              ],
              [
                16.1960428,
                50.6296138
              ],
              [
                16.2162221,
                50.6330413
              ],
              [
                16.2199532,
                50.6397129
              ],
              [
                16.2303131,
                50.6633995
              ],
              [
                16.2325121,
                50.6674608
              ],
              [
                16.2472019,
                50.6725765
              ],
              [
                16.2831117,
                50.6659047
              ],
              [
                16.3109943,
                50.6636851
              ],
              [
                16.3347008,
                50.6669693
              ],
              [
                16.3428247,
                50.6636913
              ],
              [
                16.3448016,
                50.6445762
              ],
              [
                16.3531966,
                50.6411311
              ],
              [
                16.3599488,
                50.6383594
              ],
              [
                16.3769169,
                50.6223935
              ],
              [
                16.4124207,
                50.6020107
              ],
              [
                16.4416094,
                50.5744436
              ],
              [
                16.4413608,
                50.5718052
              ],
              [
                16.4302369,
                50.5684591
              ],
              [
                16.4094298,
                50.562195
              ],
              [
                16.41104,
                50.5473206
              ],
              [
                16.3900945,
                50.5428763
              ],
              [
                16.3991163,
                50.534057
              ],
              [
                16.4011295,
                50.5284189
              ],
              [
                16.3856778,
                50.519893
              ],
              [
                16.3737424,
                50.5159911
              ],
              [
                16.3634179,
                50.5058641
              ],
              [
                16.3561055,
                50.4992761
              ],
              [
                16.3441885,
                50.4961661
              ],
              [
                16.3307296,
                50.5023824
              ],
              [
                16.3177734,
                50.5070988
              ],
              [
                16.3089004,
                50.5009765
              ],
              [
                16.3113951,
                50.4935966
              ],
              [
                16.3068002,
                50.4896729
              ],
              [
                16.3006875,
                50.4844517
              ],
              [
                16.2943779,
                50.4790608
              ],
              [
                16.2718953,
                50.4842528
              ],
              [
                16.2716355,
                50.477225
              ],
              [
                16.2598964,
                50.4796325
              ],
              [
                16.2498836,
                50.4720184
              ],
              [
                16.2564276,
                50.4693083
              ],
              [
                16.2305538,
                50.4632667
              ],
              [
                16.2255258,
                50.4580791
              ],
              [
                16.2346386,
                50.4482139
              ],
              [
                16.2287465,
                50.4427992
              ],
              [
                16.2156486,
                50.4486597
              ],
              [
                16.2119957,
                50.4454163
              ],
              [
                16.2064429,
                50.4404849
              ],
              [
                16.204359,
                50.4264582
              ],
              [
                16.2132199,
                50.4106846
              ],
              [
                16.22227,
                50.4060516
              ],
              [
                16.2371853,
                50.4143785
              ],
              [
                16.2515639,
                50.4064023
              ],
              [
                16.249818,
                50.3964652
              ],
              [
                16.2645347,
                50.3926695
              ],
              [
                16.2683508,
                50.3875104
              ],
              [
                16.2677243,
                50.3806562
              ],
              [
                16.2761011,
                50.3770288
              ],
              [
                16.2785649,
                50.368267
              ],
              [
                16.2866366,
                50.3672218
              ],
              [
                16.2998896,
                50.3812254
              ],
              [
                16.3119861,
                50.380861
              ],
              [
                16.3391576,
                50.3727086
              ],
              [
                16.3575483,
                50.3801647
              ],
              [
                16.3669438,
                50.3691285
              ],
              [
                16.3665623,
                50.3547374
              ],
              [
                16.3618533,
                50.350372
              ],
              [
                16.3765154,
                50.3420618
              ],
              [
                16.384958,
                50.3283148
              ],
              [
                16.4000637,
                50.3191522
              ],
              [
                16.4097343,
                50.3248558
              ],
              [
                16.4227655,
                50.3250372
              ],
              [
                16.4365245,
                50.3216439
              ],
              [
                16.447084,
                50.3112211
              ],
              [
                16.446846,
                50.3052111
              ],
              [
                16.4637994,
                50.294711
              ],
              [
                16.4744918,
                50.2805109
              ],
              [
                16.4955259,
                50.2630173
              ],
              [
                16.504774,
                50.2585167
              ],
              [
                16.5074558,
                50.2522395
              ],
              [
                16.514496,
                50.251868
              ],
              [
                16.5128621,
                50.2473533
              ],
              [
                16.5234927,
                50.2396731
              ],
              [
                16.5339029,
                50.2385931
              ],
              [
                16.5412347,
                50.233577
              ],
              [
                16.5491768,
                50.2291066
              ],
              [
                16.558332,
                50.2201073
              ],
              [
                16.5617727,
                50.2060615
              ],
              [
                16.5563338,
                50.1980431
              ],
              [
                16.5599631,
                50.1891056
              ],
              [
                16.5629782,
                50.1773933
              ],
              [
                16.5591219,
                50.1711574
              ],
              [
                16.5707665,
                50.158184
              ],
              [
                16.5856589,
                50.1533126
              ],
              [
                16.5863352,
                50.1419107
              ],
              [
                16.6071474,
                50.1351989
              ],
              [
                16.6210638,
                50.1221472
              ],
              [
                16.6343476,
                50.1120508
              ],
              [
                16.6659394,
                50.1046437
              ],
              [
                16.6942492,
                50.0981099
              ],
              [
                16.7060209,
                50.0968048
              ],
              [
                16.7179084,
                50.1017523
              ],
              [
                16.72302,
                50.10485
              ],
              [
                16.7272902,
                50.1110496
              ],
              [
                16.7285333,
                50.116737
              ],
              [
                16.7379483,
                50.1263981
              ],
              [
                16.7431287,
                50.1317131
              ],
              [
                16.7549436,
                50.1340288
              ],
              [
                16.7817854,
                50.1448167
              ],
              [
                16.7965073,
                50.1658396
              ],
              [
                16.8007325,
                50.180553
              ],
              [
                16.8107424,
                50.1903225
              ],
              [
                16.8372,
                50.2035515
              ],
              [
                16.8447785,
                50.2066279
              ],
              [
                16.8497876,
                50.2075194
              ],
              [
                16.8624094,
                50.2011483
              ],
              [
                16.8634563,
                50.1985505
              ],
              [
                16.8722483,
                50.1971164
              ],
              [
                16.881804,
                50.1997638
              ],
              [
                16.8843659,
                50.2037384
              ],
              [
                16.8835657,
                50.2122835
              ],
              [
                16.8881163,
                50.2162931
              ],
              [
                16.898878,
                50.2231934
              ],
              [
                16.9176663,
                50.2266805
              ],
              [
                16.9232834,
                50.2260354
              ],
              [
                16.928163,
                50.2231707
              ],
              [
                16.9497801,
                50.2219847
              ],
              [
                16.9566947,
                50.2239264
              ],
              [
                16.9654166,
                50.2302705
              ],
              [
                16.9619205,
                50.2338177
              ],
              [
                16.9611866,
                50.2381969
              ],
              [
                16.9750049,
                50.2450405
              ],
              [
                16.976863,
                50.245018
              ],
              [
                16.9805724,
                50.2419735
              ],
              [
                16.9922884,
                50.2274124
              ],
              [
                16.9972274,
                50.2166207
              ],
              [
                16.9999903,
                50.2160566
              ],
              [
                17.0151244,
                50.2195465
              ],
              [
                17.0201403,
                50.2237181
              ],
              [
                17.0281021,
                50.2303389
              ],
              [
                17.0179049,
                50.2389631
              ],
              [
                17.0110882,
                50.2418899
              ],
              [
                17.0110086,
                50.2482313
              ],
              [
                17.0006883,
                50.2560064
              ],
              [
                17.0094002,
                50.2597727
              ],
              [
                17.0174738,
                50.2694617
              ],
              [
                17.0195789,
                50.2778143
              ],
              [
                17.0146485,
                50.2876411
              ],
              [
                17.0099491,
                50.2950359
              ],
              [
                17.0042881,
                50.2958301
              ],
              [
                17.0017337,
                50.3022803
              ],
              [
                16.9958544,
                50.3018033
              ],
              [
                16.9843544,
                50.3039367
              ],
              [
                16.971313,
                50.3091902
              ],
              [
                16.9684584,
                50.3159512
              ],
              [
                16.9631104,
                50.3148958
              ],
              [
                16.9585159,
                50.3120057
              ],
              [
                16.947657,
                50.3148898
              ],
              [
                16.9447708,
                50.3179877
              ],
              [
                16.9400384,
                50.319352
              ],
              [
                16.9336728,
                50.3298982
              ],
              [
                16.9371565,
                50.3332403
              ],
              [
                16.9375888,
                50.338431
              ],
              [
                16.9378796,
                50.3419234
              ],
              [
                16.9263243,
                50.3487931
              ],
              [
                16.9148638,
                50.3640636
              ],
              [
                16.9183764,
                50.3696248
              ],
              [
                16.9148618,
                50.3828619
              ],
              [
                16.9115591,
                50.3857301
              ],
              [
                16.9089461,
                50.3902595
              ],
              [
                16.9046046,
                50.3913167
              ],
              [
                16.8980686,
                50.3893019
              ],
              [
                16.8915299,
                50.3956636
              ],
              [
                16.8790048,
                50.3997299
              ],
              [
                16.8612496,
                50.4092028
              ],
              [
                16.8606196,
                50.4116662
              ],
              [
                16.869301,
                50.4169044
              ],
              [
                16.8814363,
                50.4418287
              ],
              [
                16.8882078,
                50.4432963
              ],
              [
                16.8984831,
                50.4469993
              ],
              [
                16.908818,
                50.4489941
              ],
              [
                16.9238825,
                50.4409159
              ],
              [
                16.9463336,
                50.4342074
              ],
              [
                16.9678176,
                50.4235579
              ],
              [
                16.9748812,
                50.4182579
              ],
              [
                16.9841384,
                50.4204058
              ],
              [
                16.998328,
                50.4281497
              ],
              [
                17.014064,
                50.4190217
              ],
              [
                17.0182488,
                50.4213013
              ],
              [
                17.025931,
                50.421352
              ],
              [
                17.0301314,
                50.4157327
              ],
              [
                17.0394578,
                50.4146552
              ],
              [
                17.053079,
                50.4077984
              ],
              [
                17.0689726,
                50.4049553
              ],
              [
                17.0814743,
                50.4022534
              ],
              [
                17.0855071,
                50.4063072
              ],
              [
                17.1115253,
                50.4052543
              ],
              [
                17.1104049,
                50.393945
              ],
              [
                17.12446,
                50.3941766
              ],
              [
                17.1340873,
                50.3875623
              ],
              [
                17.1434851,
                50.3811032
              ],
              [
                17.1585184,
                50.3806822
              ],
              [
                17.1627591,
                50.3838181
              ],
              [
                17.1781148,
                50.3859785
              ],
              [
                17.1850595,
                50.3903271
              ],
              [
                17.2041091,
                50.3856122
              ],
              [
                17.1994531,
                50.3765405
              ],
              [
                17.2003772,
                50.3660772
              ],
              [
                17.2204286,
                50.348785
              ],
              [
                17.2435681,
                50.3372459
              ],
              [
                17.2639311,
                50.3271522
              ],
              [
                17.2816379,
                50.318401
              ],
              [
                17.2996614,
                50.3191525
              ],
              [
                17.3109022,
                50.3204423
              ],
              [
                17.3270748,
                50.3272778
              ],
              [
                17.3478735,
                50.3273939
              ],
              [
                17.3403159,
                50.3224822
              ],
              [
                17.3374215,
                50.3138057
              ],
              [
                17.3544497,
                50.3081543
              ],
              [
                17.3478393,
                50.2997087
              ],
              [
                17.3449369,
                50.2950798
              ],
              [
                17.3485829,
                50.2874212
              ],
              [
                17.3387461,
                50.2840191
              ],
              [
                17.3420273,
                50.2785042
              ],
              [
                17.3460212,
                50.2662827
              ],
              [
                17.356545,
                50.2649665
              ],
              [
                17.3618708,
                50.2657082
              ],
              [
                17.3628568,
                50.2794394
              ],
              [
                17.3723794,
                50.2834076
              ],
              [
                17.3998828,
                50.2797454
              ],
              [
                17.407413,
                50.2741873
              ],
              [
                17.420346,
                50.2782551
              ],
              [
                17.4255905,
                50.2713098
              ],
              [
                17.4315141,
                50.2622924
              ],
              [
                17.4301553,
                50.2550843
              ],
              [
                17.4401605,
                50.2521401
              ],
              [
                17.4561225,
                50.2710044
              ],
              [
                17.4959284,
                50.274988
              ],
              [
                17.5569435,
                50.2705994
              ],
              [
                17.5631746,
                50.270847
              ],
              [
                17.585352,
                50.2787712
              ],
              [
                17.5921182,
                50.2792466
              ],
              [
                17.6217688,
                50.2673385
              ],
              [
                17.6230273,
                50.2670405
              ],
              [
                17.6392935,
                50.2711336
              ],
              [
                17.6507871,
                50.274024
              ],
              [
                17.6884375,
                50.3013436
              ],
              [
                17.6873383,
                50.3266321
              ],
              [
                17.7038402,
                50.3242628
              ],
              [
                17.715547,
                50.3207696
              ],
              [
                17.7211579,
                50.3183276
              ],
              [
                17.7278914,
                50.3044238
              ],
              [
                17.736287,
                50.3023023
              ],
              [
                17.7518584,
                50.2999453
              ],
              [
                17.750116,
                50.2944175
              ],
              [
                17.737624,
                50.2804408
              ],
              [
                17.7323379,
                50.2691631
              ],
              [
                17.7336828,
                50.2497119
              ],
              [
                17.7489162,
                50.2379651
              ],
              [
                17.7608428,
                50.230955
              ],
              [
                17.7632114,
                50.2260015
              ],
              [
                17.7638663,
                50.1997708
              ],
              [
                17.7520495,
                50.1926558
              ],
              [
                17.7350735,
                50.1894933
              ],
              [
                17.7125999,
                50.1889219
              ],
              [
                17.706544,
                50.1865667
              ],
              [
                17.7056765,
                50.1854049
              ],
              [
                17.6989903,
                50.1847535
              ],
              [
                17.6789305,
                50.1813213
              ],
              [
                17.6699018,
                50.1797764
              ],
              [
                17.6611397,
                50.1782771
              ],
              [
                17.6444077,
                50.1769165
              ],
              [
                17.6331028,
                50.1728611
              ],
              [
                17.6245513,
                50.1688984
              ],
              [
                17.61876,
                50.1708944
              ],
              [
                17.6108016,
                50.1710516
              ],
              [
                17.6063887,
                50.1711384
              ],
              [
                17.6014466,
                50.1699252
              ],
              [
                17.598874,
                50.1664949
              ],
              [
                17.5942868,
                50.1603769
              ],
              [
                17.6033159,
                50.1513353
              ],
              [
                17.6084737,
                50.1428956
              ],
              [
                17.6198261,
                50.1385741
              ],
              [
                17.6331723,
                50.1331553
              ],
              [
                17.6429985,
                50.1283152
              ],
              [
                17.6451498,
                50.1226463
              ],
              [
                17.6498346,
                50.1131038
              ],
              [
                17.6614041,
                50.1081877
              ],
              [
                17.6756719,
                50.1055385
              ],
              [
                17.6823588,
                50.1016611
              ],
              [
                17.694113,
                50.0966371
              ],
              [
                17.7044788,
                50.0968229
              ],
              [
                17.7311637,
                50.097313
              ],
              [
                17.7306212,
                50.0899534
              ],
              [
                17.7336678,
                50.0863201
              ],
              [
                17.7400542,
                50.0827246
              ],
              [
                17.7461305,
                50.0793783
              ],
              [
                17.7511912,
                50.077049
              ],
              [
                17.7510068,
                50.0726508
              ],
              [
                17.7596731,
                50.0677717
              ],
              [
                17.7590439,
                50.0648729
              ],
              [
                17.7561223,
                50.0614698
              ],
              [
                17.7617455,
                50.0578319
              ],
              [
                17.7622191,
                50.0535801
              ],
              [
                17.7705191,
                50.0515213
              ],
              [
                17.7714197,
                50.0490668
              ],
              [
                17.7717225,
                50.0440601
              ],
              [
                17.7742734,
                50.0405383
              ],
              [
                17.7707445,
                50.0384034
              ],
              [
                17.7716128,
                50.0354843
              ],
              [
                17.7769369,
                50.0340253
              ],
              [
                17.7768355,
                50.028747
              ],
              [
                17.7723054,
                50.0264467
              ],
              [
                17.7873238,
                50.0184554
              ],
              [
                17.8084338,
                50.0125815
              ],
              [
                17.817475,
                50.0016434
              ],
              [
                17.8265426,
                49.9965862
              ],
              [
                17.8667075,
                49.9741791
              ],
              [
                17.8852478,
                49.9774906
              ],
              [
                17.9099549,
                49.9768441
              ],
              [
                17.9498542,
                49.9575451
              ],
              [
                17.9542423,
                49.9439849
              ],
              [
                17.9538526,
                49.9322501
              ],
              [
                17.9823695,
                49.9257799
              ],
              [
                18.0171271,
                49.9235316
              ],
              [
                18.0258382,
                49.9206355
              ],
              [
                18.0665366,
                49.908984
              ],
              [
                18.1300795,
                49.9051802
              ],
              [
                18.143469,
                49.901421
              ],
              [
                18.1613217,
                49.883727
              ],
              [
                18.1800327,
                49.8763157
              ],
              [
                18.1959599,
                49.8657294
              ],
              [
                18.2213171,
                49.8343416
              ],
              [
                18.2213232,
                49.8419375
              ],
              [
                18.2341835,
                49.8503792
              ],
              [
                18.2361016,
                49.8562665
              ],
              [
                18.2426644,
                49.8603746
              ],
              [
                18.252688,
                49.8607214
              ],
              [
                18.2603156,
                49.864153
              ],
              [
                18.2730975,
                49.8651417
              ],
              [
                18.2807444,
                49.8692943
              ],
              [
                18.2901734,
                49.8737431
              ],
              [
                18.3007855,
                49.8763452
              ],
              [
                18.3023464,
                49.8804297
              ],
              [
                18.3035901,
                49.88496
              ],
              [
                18.3070437,
                49.8884773
              ],
              [
                18.3136809,
                49.8906251
              ],
              [
                18.3188469,
                49.8930677
              ],
              [
                18.3203321,
                49.8985281
              ],
              [
                18.3260415,
                49.9035993
              ],
              [
                18.3188376,
                49.9133892
              ],
              [
                18.3267691,
                49.9202387
              ],
              [
                18.3311464,
                49.9252119
              ],
              [
                18.3299947,
                49.930221
              ],
              [
                18.3313327,
                49.9310836
              ],
              [
                18.3339943,
                49.9299098
              ],
              [
                18.3331234,
                49.9274905
              ],
              [
                18.3370718,
                49.926938
              ],
              [
                18.3404168,
                49.9254986
              ],
              [
                18.3447346,
                49.9298879
              ],
              [
                18.3505101,
                49.9292861
              ],
              [
                18.3488944,
                49.9301192
              ],
              [
                18.3413991,
                49.9320158
              ],
              [
                18.3409476,
                49.9340726
              ],
              [
                18.3428028,
                49.9352321
              ],
              [
                18.3501351,
                49.9338523
              ],
              [
                18.3522762,
                49.9352474
              ],
              [
                18.3488073,
                49.9366474
              ],
              [
                18.347367,
                49.9402164
              ],
              [
                18.3437844,
                49.9401243
              ],
              [
                18.3411244,
                49.9381247
              ],
              [
                18.3336133,
                49.9403709
              ],
              [
                18.3348956,
                49.9444517
              ],
              [
                18.332932,
                49.9494275
              ],
              [
                18.336914,
                49.9461108
              ],
              [
                18.3447266,
                49.9452308
              ],
              [
                18.3558961,
                49.9443001
              ],
              [
                18.359348,
                49.9413112
              ],
              [
                18.3675987,
                49.9370676
              ],
              [
                18.3796148,
                49.9352998
              ],
              [
                18.3962506,
                49.9345988
              ],
              [
                18.4302833,
                49.9374398
              ],
              [
                18.4352186,
                49.9276665
              ],
              [
                18.4574762,
                49.9249812
              ],
              [
                18.4655442,
                49.9184605
              ],
              [
                18.4912405,
                49.9073287
              ],
              [
                18.5049425,
                49.9049972
              ],
              [
                18.5249743,
                49.9016857
              ],
              [
                18.544156,
                49.9085481
              ],
              [
                18.5396217,
                49.9134612
              ],
              [
                18.5407494,
                49.9274679
              ],
              [
                18.5574411,
                49.9193652
              ],
              [
                18.5765968,
                49.9231167
              ],
              [
                18.579151,
                49.9043961
              ],
              [
                18.5871951,
                49.8990575
              ],
              [
                18.6097086,
                49.8988357
              ],
              [
                18.635104,
                49.8985605
              ],
              [
                18.6569671,
                49.8880723
              ],
              [
                18.6668558,
                49.8875013
              ],
              [
                18.6858723,
                49.8964234
              ],
              [
                18.6886025,
                49.8977038
              ],
              [
                18.6935896,
                49.8989924
              ],
              [
                18.7286136,
                49.9080345
              ],
              [
                18.7050608,
                49.924292
              ],
              [
                18.7109527,
                49.9334769
              ],
              [
                18.7307832,
                49.9376928
              ],
              [
                18.7461359,
                49.9409539
              ],
              [
                18.7766097,
                49.9326952
              ],
              [
                18.78752,
                49.9330165
              ],
              [
                18.8064097,
                49.9308186
              ],
              [
                18.8183493,
                49.9331938
              ],
              [
                18.8478294,
                49.9252251
              ],
              [
                18.8638684,
                49.921377
              ],
              [
                18.9150423,
                49.923025
              ],
              [
                18.9066041,
                49.9425294
              ],
              [
                18.9249045,
                49.9303878
              ],
              [
                18.9397302,
                49.9205449
              ],
              [
                18.9647602,
                49.9214191
              ],
              [
                19.016444,
                49.952434
              ],
              [
                19.0389879,
                49.9513873
              ],
              [
                19.0779936,
                49.9553139
              ],
              [
                19.1215508,
                49.964103
              ],
              [
                19.1081718,
                49.9859703
              ],
              [
                19.14243,
                50.0301739
              ],
              [
                19.1431299,
                50.0479899
              ],
              [
                19.150683,
                50.0563667
              ],
              [
                19.169238,
                50.0554067
              ],
              [
                19.1939416,
                50.0649625
              ],
              [
                19.2028609,
                50.0637564
              ],
              [
                19.2137466,
                50.0644245
              ],
              [
                19.220139,
                50.0625328
              ],
              [
                19.2252576,
                50.0673063
              ],
              [
                19.2336419,
                50.066283
              ],
              [
                19.229086,
                50.0718636
              ],
              [
                19.2241123,
                50.0725733
              ],
              [
                19.2194807,
                50.0732341
              ],
              [
                19.2120044,
                50.0745731
              ],
              [
                19.214345,
                50.0811458
              ],
              [
                19.2240958,
                50.0894858
              ],
              [
                19.2229036,
                50.0954015
              ],
              [
                19.228671,
                50.0997777
              ],
              [
                19.2324949,
                50.1082189
              ],
              [
                19.2413547,
                50.1119192
              ],
              [
                19.2395039,
                50.1162902
              ],
              [
                19.248729,
                50.1304063
              ],
              [
                19.2559621,
                50.1363545
              ],
              [
                19.250847,
                50.1416467
              ],
              [
                19.2472462,
                50.1549849
              ],
              [
                19.2396348,
                50.1612367
              ],
              [
                19.2318555,
                50.1732632
              ],
              [
                19.2227577,
                50.176201
              ],
              [
                19.2179405,
                50.1830613
              ],
              [
                19.2134627,
                50.1849326
              ],
              [
                19.2059293,
                50.1921234
              ],
              [
                19.1923688,
                50.1956795
              ],
              [
                19.1919952,
                50.1977668
              ],
              [
                19.1910546,
                50.2030215
              ],
              [
                19.1859171,
                50.2054686
              ],
              [
                19.1779122,
                50.2047803
              ],
              [
                19.1713428,
                50.2133071
              ],
              [
                19.1644334,
                50.2142982
              ],
              [
                19.1638694,
                50.2165048
              ],
              [
                19.1619024,
                50.2241998
              ],
              [
                19.1577366,
                50.2293859
              ],
              [
                19.1595428,
                50.2316433
              ],
              [
                19.1606307,
                50.2340605
              ],
              [
                19.160271,
                50.2354281
              ],
              [
                19.1609983,
                50.2361069
              ],
              [
                19.1645942,
                50.2365384
              ],
              [
                19.167672,
                50.2379996
              ],
              [
                19.1734465,
                50.2379673
              ],
              [
                19.182251,
                50.2394902
              ],
              [
                19.2010987,
                50.2463843
              ],
              [
                19.2208933,
                50.2517603
              ],
              [
                19.2238174,
                50.2570559
              ],
              [
                19.2280061,
                50.2589643
              ],
              [
                19.2416114,
                50.2557595
              ],
              [
                19.2562651,
                50.2527996
              ],
              [
                19.2610407,
                50.2559682
              ],
              [
                19.268116,
                50.2552308
              ],
              [
                19.2706022,
                50.2573551
              ],
              [
                19.2730047,
                50.2579133
              ],
              [
                19.2747573,
                50.2592987
              ],
              [
                19.2791544,
                50.2585639
              ],
              [
                19.2816932,
                50.2572034
              ],
              [
                19.2853939,
                50.256453
              ],
              [
                19.2879698,
                50.2562081
              ],
              [
                19.2918501,
                50.2567092
              ],
              [
                19.293045,
                50.2577767
              ],
              [
                19.2942862,
                50.2577565
              ],
              [
                19.2956795,
                50.2565323
              ],
              [
                19.2986886,
                50.2576329
              ],
              [
                19.3005962,
                50.2569255
              ],
              [
                19.302793,
                50.2576688
              ],
              [
                19.3067027,
                50.2555684
              ],
              [
                19.3077479,
                50.2569351
              ],
              [
                19.3095696,
                50.2570892
              ],
              [
                19.3110178,
                50.2559785
              ],
              [
                19.3131557,
                50.2560834
              ],
              [
                19.3108395,
                50.257555
              ],
              [
                19.3114518,
                50.258091
              ],
              [
                19.3143454,
                50.2578233
              ],
              [
                19.3146318,
                50.2586774
              ],
              [
                19.3156326,
                50.2590397
              ],
              [
                19.3234105,
                50.2591632
              ],
              [
                19.3403494,
                50.2495679
              ],
              [
                19.3763465,
                50.2386064
              ],
              [
                19.3907265,
                50.2417568
              ],
              [
                19.4003144,
                50.2343366
              ],
              [
                19.4101774,
                50.2336943
              ],
              [
                19.4237259,
                50.2282716
              ],
              [
                19.4297916,
                50.2251206
              ],
              [
                19.4362168,
                50.2263699
              ],
              [
                19.4423929,
                50.2265211
              ],
              [
                19.4552113,
                50.2249465
              ],
              [
                19.4791317,
                50.2289861
              ],
              [
                19.4836025,
                50.2292265
              ],
              [
                19.4940674,
                50.2267009
              ],
              [
                19.5047264,
                50.2228575
              ],
              [
                19.5269247,
                50.2217858
              ],
              [
                19.5309642,
                50.2208903
              ],
              [
                19.5309627,
                50.2139224
              ],
              [
                19.5336601,
                50.2106826
              ],
              [
                19.5484733,
                50.2113047
              ],
              [
                19.5806816,
                50.2119867
              ],
              [
                19.5893274,
                50.2072274
              ],
              [
                19.5973735,
                50.1969032
              ],
              [
                19.6048333,
                50.1924371
              ],
              [
                19.6290943,
                50.1920466
              ],
              [
                19.6480563,
                50.2013424
              ],
              [
                19.6593747,
                50.2006246
              ],
              [
                19.6768441,
                50.1874452
              ],
              [
                19.6919275,
                50.1913038
              ],
              [
                19.6988142,
                50.1875825
              ],
              [
                19.7091413,
                50.1703811
              ],
              [
                19.7217326,
                50.1668443
              ],
              [
                19.7253717,
                50.1681256
              ],
              [
                19.7230239,
                50.1720028
              ],
              [
                19.721007,
                50.178084
              ],
              [
                19.7275422,
                50.1780327
              ],
              [
                19.739958,
                50.16058
              ],
              [
                19.7526722,
                50.1594986
              ],
              [
                19.761713,
                50.1548031
              ],
              [
                19.7633328,
                50.172381
              ],
              [
                19.7690842,
                50.1749753
              ],
              [
                19.7826029,
                50.1687997
              ],
              [
                19.7895117,
                50.1678287
              ],
              [
                19.8001989,
                50.1593322
              ],
              [
                19.8150857,
                50.1601887
              ],
              [
                19.8192337,
                50.1559062
              ],
              [
                19.8130139,
                50.1476377
              ],
              [
                19.8146806,
                50.1398296
              ],
              [
                19.8271131,
                50.1375893
              ],
              [
                19.843243,
                50.1344617
              ],
              [
                19.8604024,
                50.1506028
              ],
              [
                19.8751791,
                50.1515436
              ],
              [
                19.8759847,
                50.1479175
              ],
              [
                19.8860607,
                50.1427456
              ],
              [
                19.8946252,
                50.1423528
              ],
              [
                19.8973693,
                50.1499525
              ],
              [
                19.9095572,
                50.1511624
              ],
              [
                19.9142577,
                50.1430204
              ],
              [
                19.9240585,
                50.1413635
              ],
              [
                19.9356998,
                50.1427779
              ],
              [
                19.951247,
                50.1526968
              ],
              [
                19.9610127,
                50.1479
              ],
              [
                19.9688898,
                50.1392215
              ],
              [
                19.9815205,
                50.1398556
              ],
              [
                19.9842753,
                50.1385588
              ],
              [
                19.9888242,
                50.1328373
              ],
              [
                20.0041537,
                50.1266934
              ],
              [
                20.0212288,
                50.119363
              ],
              [
                20.0261357,
                50.1202772
              ],
              [
                20.0332194,
                50.1290548
              ],
              [
                20.0316254,
                50.138973
              ],
              [
                20.0341692,
                50.1446747
              ],
              [
                20.044357,
                50.1437788
              ],
              [
                20.0498675,
                50.1375877
              ],
              [
                20.0510705,
                50.1315423
              ],
              [
                20.0584362,
                50.1241784
              ],
              [
                20.0657986,
                50.1212567
              ],
              [
                20.0724403,
                50.1217417
              ],
              [
                20.079583,
                50.1254747
              ],
              [
                20.0739175,
                50.1331142
              ],
              [
                20.0793007,
                50.1370763
              ],
              [
                20.0828992,
                50.1335957
              ],
              [
                20.0912557,
                50.1310024
              ],
              [
                20.0928006,
                50.1333682
              ],
              [
                20.1010076,
                50.1310333
              ],
              [
                20.1048922,
                50.1353437
              ],
              [
                20.1142895,
                50.1387569
              ],
              [
                20.1310427,
                50.1403386
              ],
              [
                20.1426281,
                50.1314493
              ],
              [
                20.1521882,
                50.1276979
              ],
              [
                20.1548327,
                50.1300135
              ],
              [
                20.1569489,
                50.1474057
              ],
              [
                20.1657146,
                50.1498431
              ],
              [
                20.1807312,
                50.1368125
              ],
              [
                20.2011544,
                50.1302489
              ],
              [
                20.1954988,
                50.1257484
              ],
              [
                20.1903338,
                50.1181721
              ],
              [
                20.1978437,
                50.1098994
              ],
              [
                20.1921546,
                50.1010258
              ],
              [
                20.1929286,
                50.0874367
              ],
              [
                20.1897383,
                50.0843713
              ],
              [
                20.1901615,
                50.0752054
              ],
              [
                20.1936521,
                50.0703605
              ],
              [
                20.1980895,
                50.069305
              ],
              [
                20.199891,
                50.0669553
              ],
              [
                20.2068483,
                50.0646209
              ],
              [
                20.2131116,
                50.0565385
              ],
              [
                20.2174714,
                50.0536111
              ],
              [
                20.2280849,
                50.0575738
              ],
              [
                20.23335,
                50.0678272
              ],
              [
                20.2378051,
                50.0688124
              ],
              [
                20.2430489,
                50.0676619
              ],
              [
                20.2527726,
                50.0649024
              ],
              [
                20.2560092,
                50.0668355
              ],
              [
                20.256626,
                50.0725956
              ],
              [
                20.2604724,
                50.0754294
              ],
              [
                20.2656744,
                50.0766058
              ],
              [
                20.2717162,
                50.0763108
              ],
              [
                20.2830081,
                50.0798698
              ],
              [
                20.2911996,
                50.085729
              ],
              [
                20.2915681,
                50.0933962
              ],
              [
                20.2926346,
                50.0951826
              ],
              [
                20.2948684,
                50.097376
              ],
              [
                20.2979802,
                50.0980085
              ],
              [
                20.3117132,
                50.0946499
              ],
              [
                20.3155721,
                50.0941764
              ],
              [
                20.3217159,
                50.0942518
              ],
              [
                20.3242304,
                50.0938667
              ],
              [
                20.3335971,
                50.0917497
              ],
              [
                20.3393504,
                50.0919518
              ],
              [
                20.3451228,
                50.0942459
              ],
              [
                20.3483165,
                50.0966421
              ],
              [
                20.3478476,
                50.1022477
              ],
              [
                20.3402945,
                50.1085785
              ],
              [
                20.3401006,
                50.110863
              ],
              [
                20.3432529,
                50.1126791
              ],
              [
                20.3472913,
                50.1137157
              ],
              [
                20.3538278,
                50.117242
              ],
              [
                20.3583189,
                50.1182656
              ],
              [
                20.3614006,
                50.1175536
              ],
              [
                20.3682752,
                50.1140828
              ],
              [
                20.3731935,
                50.1137256
              ],
              [
                20.376431,
                50.115562
              ],
              [
                20.378215,
                50.1200052
              ],
              [
                20.3816647,
                50.1220078
              ],
              [
                20.3866307,
                50.1231778
              ],
              [
                20.395999,
                50.1216631
              ],
              [
                20.4029669,
                50.1249231
              ],
              [
                20.4045258,
                50.1279292
              ],
              [
                20.4039413,
                50.1312916
              ],
              [
                20.3995744,
                50.1366488
              ],
              [
                20.3990522,
                50.1408313
              ],
              [
                20.402264,
                50.1424748
              ],
              [
                20.4073604,
                50.1435633
              ],
              [
                20.4125202,
                50.1419891
              ],
              [
                20.4205782,
                50.1344108
              ],
              [
                20.4266882,
                50.1339583
              ],
              [
                20.4324611,
                50.1358812
              ],
              [
                20.4351025,
                50.1383505
              ],
              [
                20.4353482,
                50.1426297
              ],
              [
                20.4385127,
                50.1436063
              ],
              [
                20.444392,
                50.1419051
              ],
              [
                20.451839,
                50.1329216
              ],
              [
                20.4595126,
                50.1322424
              ],
              [
                20.4767646,
                50.1386241
              ],
              [
                20.4935016,
                50.1337279
              ],
              [
                20.5404506,
                50.1463801
              ],
              [
                20.5531535,
                50.1404394
              ],
              [
                20.5625729,
                50.1407314
              ],
              [
                20.5699337,
                50.1485884
              ],
              [
                20.5917043,
                50.1417954
              ],
              [
                20.5886323,
                50.1511404
              ],
              [
                20.5925101,
                50.1537793
              ],
              [
                20.5980428,
                50.1540248
              ],
              [
                20.6073092,
                50.1513911
              ],
              [
                20.611469,
                50.1537854
              ],
              [
                20.6149943,
                50.1569119
              ],
              [
                20.6182374,
                50.1612686
              ],
              [
                20.625367,
                50.1670039
              ],
              [
                20.6351563,
                50.1692498
              ],
              [
                20.6394558,
                50.1724442
              ],
              [
                20.6568784,
                50.1874335
              ],
              [
                20.6659671,
                50.1967959
              ],
              [
                20.6722881,
                50.197026
              ],
              [
                20.6794841,
                50.1966406
              ],
              [
                20.6816415,
                50.2004719
              ],
              [
                20.679823,
                50.2118413
              ],
              [
                20.6806801,
                50.2158011
              ],
              [
                20.6848171,
                50.217528
              ],
              [
                20.6955138,
                50.2169846
              ],
              [
                20.7033566,
                50.2182418
              ],
              [
                20.7073105,
                50.2264003
              ],
              [
                20.7133231,
                50.2288035
              ],
              [
                20.7220921,
                50.2295159
              ],
              [
                20.7303244,
                50.2314735
              ],
              [
                20.7309513,
                50.2354835
              ],
              [
                20.7212821,
                50.2483317
              ],
              [
                20.7641511,
                50.2710003
              ],
              [
                20.7738414,
                50.2761229
              ],
              [
                20.7855477,
                50.2892667
              ],
              [
                20.8045312,
                50.2912785
              ],
              [
                20.8159982,
                50.2856446
              ],
              [
                20.8268619,
                50.2764721
              ],
              [
                20.8364166,
                50.2739939
              ],
              [
                20.8469626,
                50.2760909
              ],
              [
                20.8497368,
                50.2865799
              ],
              [
                20.8487489,
                50.292723
              ],
              [
                20.8557517,
                50.2960449
              ],
              [
                20.87477,
                50.2918902
              ],
              [
                20.8856397,
                50.2996068
              ],
              [
                20.893256,
                50.3066337
              ],
              [
                20.9049013,
                50.3040842
              ],
              [
                20.9186989,
                50.3000706
              ],
              [
                20.9346601,
                50.2985952
              ],
              [
                20.9407388,
                50.3052797
              ],
              [
                20.9431231,
                50.3127105
              ],
              [
                20.9539806,
                50.3159437
              ],
              [
                20.9887741,
                50.3148139
              ],
              [
                21.0087148,
                50.310296
              ],
              [
                21.0281991,
                50.3167993
              ],
              [
                21.0467066,
                50.3172959
              ],
              [
                21.0600065,
                50.3152788
              ],
              [
                21.0759625,
                50.3271898
              ],
              [
                21.0826133,
                50.3361206
              ],
              [
                21.0923998,
                50.339388
              ],
              [
                21.1084396,
                50.3372518
              ],
              [
                21.1176462,
                50.3415133
              ],
              [
                21.1201105,
                50.3506214
              ],
              [
                21.1346922,
                50.3543353
              ],
              [
                21.1469308,
                50.3550633
              ],
              [
                21.1585801,
                50.3477804
              ],
              [
                21.1682226,
                50.3393545
              ],
              [
                21.1682193,
                50.3318476
              ],
              [
                21.1824512,
                50.3315392
              ],
              [
                21.1869506,
                50.3409509
              ],
              [
                21.1909114,
                50.3525083
              ],
              [
                21.2048555,
                50.3545036
              ],
              [
                21.2219328,
                50.3591873
              ],
              [
                21.2282548,
                50.3742754
              ],
              [
                21.2419527,
                50.3758988
              ],
              [
                21.2545471,
                50.3817942
              ],
              [
                21.2623573,
                50.3913953
              ],
              [
                21.2798022,
                50.3926387
              ],
              [
                21.2807777,
                50.3971636
              ],
              [
                21.2795771,
                50.4073328
              ],
              [
                21.2932643,
                50.4105662
              ],
              [
                21.3102617,
                50.4193843
              ],
              [
                21.3278982,
                50.4263043
              ],
              [
                21.34841,
                50.4340105
              ],
              [
                21.3821682,
                50.4393762
              ],
              [
                21.4162677,
                50.4449002
              ],
              [
                21.4533186,
                50.4606398
              ],
              [
                21.4532384,
                50.4942513
              ],
              [
                21.482293,
                50.4969017
              ],
              [
                21.5014185,
                50.5036384
              ],
              [
                21.5172973,
                50.5090786
              ],
              [
                21.5344343,
                50.5156551
              ],
              [
                21.5552757,
                50.5208395
              ],
              [
                21.5826618,
                50.5177256
              ],
              [
                21.5868233,
                50.5154958
              ],
              [
                21.5879566,
                50.5169291
              ],
              [
                21.6015143,
                50.519596
              ],
              [
                21.6122726,
                50.5307673
              ],
              [
                21.630898,
                50.551273
              ],
              [
                21.657043,
                50.5725627
              ],
              [
                21.669051,
                50.6046181
              ],
              [
                21.7026628,
                50.6247688
              ],
              [
                21.7226089,
                50.6452632
              ],
              [
                21.7275266,
                50.6626519
              ],
              [
                21.7385129,
                50.669833
              ],
              [
                21.810756,
                50.6862942
              ],
              [
                21.8253636,
                50.6988627
              ],
              [
                21.8271421,
                50.7177896
              ],
              [
                21.8406986,
                50.7324001
              ],
              [
                21.8414997,
                50.7486343
              ],
              [
                21.8609467,
                50.7727451
              ],
              [
                21.8667983,
                50.7977876
              ],
              [
                21.8706821,
                50.7881532
              ],
              [
                21.8912814,
                50.7779509
              ],
              [
                21.9189797,
                50.7763803
              ],
              [
                21.9618865,
                50.7709311
              ],
              [
                22.0121307,
                50.7458103
              ],
              [
                22.0066376,
                50.7119084
              ],
              [
                21.9957966,
                50.6758716
              ],
              [
                22.0492095,
                50.6592685
              ],
              [
                22.1035395,
                50.6403333
              ],
              [
                22.1590418,
                50.6678747
              ],
              [
                22.1868426,
                50.6712382
              ],
              [
                22.2193026,
                50.6771674
              ],
              [
                22.270741,
                50.6555956
              ],
              [
                22.2753685,
                50.6322598
              ],
              [
                22.3024573,
                50.6179038
              ],
              [
                22.3515945,
                50.6108663
              ],
              [
                22.37956,
                50.6023821
              ],
              [
                22.4205093,
                50.5998501
              ],
              [
                22.4457081,
                50.5932611
              ],
              [
                22.4554977,
                50.5680248
              ],
              [
                22.4423695,
                50.5031911
              ],
              [
                22.4107275,
                50.4765299
              ],
              [
                22.3684989,
                50.4500855
              ],
              [
                22.3185173,
                50.4348453
              ],
              [
                22.3085415,
                50.4231373
              ],
              [
                22.3192925,
                50.4098613
              ],
              [
                22.3272802,
                50.4017098
              ],
              [
                22.3393945,
                50.3951744
              ],
              [
                22.3503011,
                50.3875641
              ],
              [
                22.3471152,
                50.3757327
              ],
              [
                22.3607179,
                50.3700915
              ],
              [
                22.3753382,
                50.3625007
              ],
              [
                22.3731234,
                50.353188
              ],
              [
                22.3751192,
                50.347629
              ],
              [
                22.3808587,
                50.3466794
              ],
              [
                22.3877177,
                50.3467253
              ],
              [
                22.398368,
                50.3429187
              ],
              [
                22.4111837,
                50.335797
              ],
              [
                22.4286783,
                50.3335229
              ],
              [
                22.4521431,
                50.3302495
              ],
              [
                22.4789701,
                50.3262224
              ],
              [
                22.4906073,
                50.3281552
              ],
              [
                22.5118225,
                50.3454566
              ],
              [
                22.5336432,
                50.3551246
              ],
              [
                22.5461044,
                50.3570473
              ],
              [
                22.5571075,
                50.3568967
              ],
              [
                22.5652129,
                50.3588829
              ],
              [
                22.5802439,
                50.3560874
              ],
              [
                22.5882169,
                50.3532773
              ],
              [
                22.5956055,
                50.3486627
              ],
              [
                22.6046017,
                50.3497749
              ],
              [
                22.6216297,
                50.3548837
              ],
              [
                22.6247146,
                50.3570932
              ],
              [
                22.6536187,
                50.3591412
              ],
              [
                22.668015,
                50.3546345
              ],
              [
                22.6863905,
                50.3567879
              ],
              [
                22.6865938,
                50.3450461
              ],
              [
                22.6691032,
                50.3396988
              ],
              [
                22.6534948,
                50.336467
              ],
              [
                22.6328483,
                50.3351592
              ],
              [
                22.6147348,
                50.3310358
              ],
              [
                22.6086855,
                50.3276246
              ],
              [
                22.6070354,
                50.3109397
              ],
              [
                22.7052744,
                50.2934337
              ],
              [
                22.7439242,
                50.3020742
              ],
              [
                22.8060187,
                50.3024173
              ],
              [
                22.838613,
                50.298545
              ],
              [
                22.8571401,
                50.2949366
              ],
              [
                22.8753268,
                50.2998423
              ],
              [
                22.8893821,
                50.3015321
              ],
              [
                22.9061713,
                50.297573
              ],
              [
                22.9388598,
                50.2924151
              ],
              [
                22.9725245,
                50.2947841
              ],
              [
                22.9850586,
                50.2942426
              ],
              [
                23.0040826,
                50.2907827
              ],
              [
                23.0083496,
                50.2880439
              ],
              [
                23.0122825,
                50.2870331
              ],
              [
                23.0236949,
                50.2883287
              ],
              [
                23.0339762,
                50.2934186
              ],
              [
                23.0541582,
                50.3058167
              ],
              [
                23.0570877,
                50.3136604
              ],
              [
                23.0659155,
                50.3176696
              ],
              [
                23.0718004,
                50.319602
              ],
              [
                23.0924846,
                50.3319474
              ],
              [
                23.1412987,
                50.3666413
              ],
              [
                23.1815672,
                50.3958169
              ],
              [
                23.1841883,
                50.3960301
              ],
              [
                23.1914092,
                50.3947293
              ],
              [
                23.2177951,
                50.390697
              ],
              [
                23.2295251,
                50.3866873
              ],
              [
                23.2473442,
                50.3804813
              ],
              [
                23.2632839,
                50.3722807
              ],
              [
                23.3775504,
                50.3980078
              ],
              [
                23.3915382,
                50.4014794
              ],
              [
                23.4044416,
                50.4019233
              ],
              [
                23.4289251,
                50.391851
              ],
              [
                23.4488378,
                50.3874732
              ],
              [
                23.4639439,
                50.3988546
              ],
              [
                23.4769902,
                50.4006054
              ],
              [
                23.4876417,
                50.3897349
              ],
              [
                23.4882345,
                50.3922846
              ],
              [
                23.5123809,
                50.3810204
              ],
              [
                23.5250552,
                50.383095
              ],
              [
                23.5367282,
                50.3922888
              ],
              [
                23.552521,
                50.4054196
              ],
              [
                23.5868532,
                50.4076077
              ],
              [
                23.6045912,
                50.3946903
              ],
              [
                23.6121814,
                50.3947276
              ],
              [
                23.6285427,
                50.3966204
              ],
              [
                23.6526246,
                50.392515
              ],
              [
                23.6710474,
                50.3965307
              ],
              [
                23.6862277,
                50.4113903
              ],
              [
                23.6846064,
                50.4346687
              ],
              [
                23.6836759,
                50.4648303
              ],
              [
                23.723852,
                50.465174
              ],
              [
                23.7473368,
                50.4677795
              ],
              [
                23.7655503,
                50.4619922
              ],
              [
                23.7772827,
                50.4696527
              ],
              [
                23.7899115,
                50.4684638
              ],
              [
                23.8068997,
                50.4690385
              ],
              [
                23.8350522,
                50.4751141
              ],
              [
                23.8604743,
                50.4654428
              ],
              [
                23.8788614,
                50.468756
              ],
              [
                23.889431,
                50.4749875
              ],
              [
                23.8979304,
                50.4830699
              ],
              [
                23.9186069,
                50.4861391
              ],
              [
                23.9238594,
                50.4992688
              ],
              [
                23.9421734,
                50.504751
              ],
              [
                23.9445933,
                50.5208769
              ],
              [
                23.9473835,
                50.5303844
              ],
              [
                23.9744501,
                50.5446462
              ],
              [
                24.0400978,
                50.5481147
              ],
              [
                24.0465282,
                50.5459532
              ],
              [
                24.0728573,
                50.5380663
              ],
              [
                24.0946626,
                50.549649
              ],
              [
                24.0985078,
                50.5550663
              ],
              [
                24.0956321,
                50.56462
              ],
              [
                24.0842353,
                50.5708799
              ],
              [
                24.055947,
                50.5822538
              ],
              [
                24.0533272,
                50.5956252
              ],
              [
                24.0753359,
                50.5988285
              ],
              [
                24.077883,
                50.6102329
              ],
              [
                24.0601199,
                50.615387
              ],
              [
                24.0642886,
                50.6283512
              ],
              [
                24.0981788,
                50.6355776
              ],
              [
                24.1151185,
                50.6407697
              ],
              [
                24.1374384,
                50.6479368
              ],
              [
                24.1507511,
                50.6463479
              ],
              [
                24.1621314,
                50.6390939
              ],
              [
                24.1679979,
                50.6363106
              ],
              [
                24.1725684,
                50.6325795
              ],
              [
                24.1647844,
                50.6315433
              ],
              [
                24.1702276,
                50.6286042
              ],
              [
                24.169832,
                50.6271454
              ],
              [
                24.1742613,
                50.6254716
              ],
              [
                24.1707737,
                50.6252603
              ],
              [
                24.1697246,
                50.6232136
              ],
              [
                24.1742823,
                50.6239364
              ],
              [
                24.175801,
                50.6229598
              ],
              [
                24.1736939,
                50.62242
              ],
              [
                24.175527,
                50.6207519
              ],
              [
                24.175729,
                50.6190276
              ],
              [
                24.1739611,
                50.619309
              ],
              [
                24.173213,
                50.6173881
              ],
              [
                24.1758143,
                50.6175589
              ],
              [
                24.1778794,
                50.6190462
              ],
              [
                24.1820233,
                50.6172806
              ],
              [
                24.1843645,
                50.6195775
              ],
              [
                24.1866351,
                50.6170169
              ],
              [
                24.1874402,
                50.614685
              ],
              [
                24.1897377,
                50.6152856
              ],
              [
                24.1889006,
                50.617151
              ],
              [
                24.1913452,
                50.6178959
              ],
              [
                24.1921272,
                50.6165132
              ],
              [
                24.194105,
                50.6154879
              ],
              [
                24.1951562,
                50.6132914
              ],
              [
                24.2001997,
                50.6147997
              ],
              [
                24.2044534,
                50.611122
              ],
              [
                24.1996995,
                50.6077997
              ],
              [
                24.2052166,
                50.6073371
              ],
              [
                24.2047994,
                50.6029993
              ],
              [
                24.2094103,
                50.6021036
              ],
              [
                24.2116449,
                50.5989433
              ],
              [
                24.212955,
                50.5968604
              ],
              [
                24.2111053,
                50.5933149
              ],
              [
                24.2118879,
                50.5914552
              ],
              [
                24.2174456,
                50.5909417
              ],
              [
                24.2189377,
                50.5938795
              ],
              [
                24.2218543,
                50.5929486
              ],
              [
                24.2262448,
                50.5923673
              ],
              [
                24.2212617,
                50.5900142
              ],
              [
                24.2259168,
                50.5875606
              ],
              [
                24.2288449,
                50.5859934
              ],
              [
                24.2305149,
                50.5835547
              ],
              [
                24.2344763,
                50.5852739
              ],
              [
                24.2375271,
                50.5833043
              ],
              [
                24.2455522,
                50.5811193
              ],
              [
                24.2581492,
                50.5801304
              ],
              [
                24.265652,
                50.580018
              ],
              [
                24.272402,
                50.5772221
              ],
              [
                24.2848635,
                50.5744149
              ],
              [
                24.3020918,
                50.5699124
              ],
              [
                24.3186746,
                50.5726735
              ],
              [
                24.3201996,
                50.5846
              ],
              [
                24.3307993,
                50.5976995
              ],
              [
                24.3649999,
                50.5975999
              ],
              [
                24.3834985,
                50.6073996
              ],
              [
                24.4013764,
                50.5894917
              ],
              [
                24.4126994,
                50.5865998
              ],
              [
                24.4022997,
                50.5754
              ],
              [
                24.403499,
                50.5674999
              ],
              [
                24.4342509,
                50.5485116
              ],
              [
                24.4675557,
                50.5388845
              ],
              [
                24.4904893,
                50.554147
              ],
              [
                24.5119991,
                50.5569993
              ],
              [
                24.5326996,
                50.5505995
              ],
              [
                24.5445902,
                50.5429158
              ],
              [
                24.5537995,
                50.5250998
              ],
              [
                24.556899,
                50.5077995
              ],
              [
                24.5564918,
                50.4894393
              ],
              [
                24.5506723,
                50.4757983
              ],
              [
                24.4909115,
                50.4805708
              ],
              [
                24.490469,
                50.4667766
              ],
              [
                24.5013665,
                50.4570866
              ],
              [
                24.5117427,
                50.4407329
              ],
              [
                24.5187685,
                50.427668
              ],
              [
                24.5258633,
                50.4196978
              ],
              [
                24.5440679,
                50.406856
              ],
              [
                24.55853,
                50.4199876
              ],
              [
                24.5590382,
                50.4277708
              ],
              [
                24.5767332,
                50.4287082
              ],
              [
                24.5786135,
                50.4203788
              ],
              [
                24.5971996,
                50.4127996
              ],
              [
                24.6089066,
                50.4127432
              ],
              [
                24.6360406,
                50.4088408
              ],
              [
                24.6553989,
                50.4089993
              ],
              [
                24.6541989,
                50.4036994
              ],
              [
                24.6731996,
                50.3995994
              ],
              [
                24.6869731,
                50.3897104
              ],
              [
                24.7214997,
                50.3701999
              ],
              [
                24.716399,
                50.3442997
              ],
              [
                24.7480082,
                50.3378041
              ],
              [
                24.7797996,
                50.3394993
              ],
              [
                24.7944995,
                50.3466999
              ],
              [
                24.8390989,
                50.3515993
              ],
              [
                24.8514994,
                50.3523995
              ],
              [
                24.8659945,
                50.3493075
              ],
              [
                24.8882997,
                50.3455993
              ],
              [
                24.9054998,
                50.3433998
              ],
              [
                24.9205825,
                50.3484312
              ],
              [
                24.9277923,
                50.3488693
              ],
              [
                24.9393593,
                50.3471842
              ],
              [
                24.9404998,
                50.3599999
              ],
              [
                24.9346587,
                50.3698961
              ],
              [
                24.9284789,
                50.3788734
              ],
              [
                24.9375,
                50.3821
              ],
              [
                24.9409958,
                50.3879267
              ],
              [
                24.9506995,
                50.3853996
              ],
              [
                24.9545079,
                50.3820674
              ],
              [
                24.9650544,
                50.3756788
              ],
              [
                25.0181958,
                50.343998
              ],
              [
                25.0356995,
                50.3445996
              ],
              [
                25.0456117,
                50.3427531
              ],
              [
                25.0603142,
                50.3416392
              ],
              [
                25.061399,
                50.3303
              ],
              [
                25.0579109,
                50.323888
              ],
              [
                25.0606466,
                50.3143717
              ],
              [
                25.0586992,
                50.3037996
              ],
              [
                25.0631488,
                50.300235
              ],
              [
                25.0799997,
                50.2946994
              ],
              [
                25.1051528,
                50.290102
              ],
              [
                25.1311817,
                50.2843168
              ],
              [
                25.1631992,
                50.2917997
              ],
              [
                25.1765172,
                50.2906688
              ],
              [
                25.2073998,
                50.2805996
              ],
              [
                25.2035993,
                50.2589587
              ],
              [
                25.2071996,
                50.2478995
              ],
              [
                25.1928997,
                50.2473
              ],
              [
                25.1839988,
                50.2359001
              ],
              [
                25.1832995,
                50.2233992
              ],
              [
                25.1710987,
                50.2221995
              ],
              [
                25.1705965,
                50.2149628
              ],
              [
                25.179094,
                50.1978484
              ],
              [
                25.1994371,
                50.1905618
              ],
              [
                25.2176702,
                50.1787926
              ],
              [
                25.2106989,
                50.1709998
              ],
              [
                25.2055994,
                50.1690993
              ],
              [
                25.2044999,
                50.1639998
              ],
              [
                25.2047987,
                50.1622999
              ],
              [
                25.2091988,
                50.1564994
              ],
              [
                25.1990994,
                50.1317999
              ],
              [
                25.2114991,
                50.1183997
              ],
              [
                25.2552986,
                50.0773994
              ],
              [
                25.2849986,
                50.0519993
              ],
              [
                25.3180696,
                50.0137492
              ],
              [
                25.3415989,
                50.0095997
              ],
              [
                25.3686169,
                49.9950646
              ],
              [
                25.4022613,
                49.986015
              ],
              [
                25.4118743,
                49.9690145
              ],
              [
                25.402252,
                49.9577343
              ],
              [
                25.4091277,
                49.9473688
              ],
              [
                25.4280103,
                49.9402987
              ],
              [
                25.4163374,
                49.9367633
              ],
              [
                25.4306956,
                49.9139418
              ],
              [
                25.4427732,
                49.9000678
              ],
              [
                25.4602825,
                49.8881247
              ],
              [
                25.4733287,
                49.8717535
              ],
              [
                25.4750453,
                49.8522778
              ],
              [
                25.474702,
                49.8259288
              ],
              [
                25.5080041,
                49.8170687
              ],
              [
                25.5272301,
                49.7929169
              ],
              [
                25.5437132,
                49.7828218
              ],
              [
                25.561721,
                49.7928599
              ],
              [
                25.5794071,
                49.7956883
              ],
              [
                25.5974502,
                49.7937216
              ],
              [
                25.6119345,
                49.7892517
              ],
              [
                25.6228176,
                49.7808081
              ],
              [
                25.6202335,
                49.7686325
              ],
              [
                25.6417616,
                49.7548999
              ],
              [
                25.6549008,
                49.7460541
              ],
              [
                25.6764646,
                49.733
              ],
              [
                25.6974879,
                49.7279384
              ],
              [
                25.7112721,
                49.7299372
              ],
              [
                25.7454427,
                49.7623394
              ],
              [
                25.769449,
                49.7649816
              ],
              [
                25.7833661,
                49.7779441
              ],
              [
                25.7976455,
                49.7707514
              ],
              [
                25.8102112,
                49.7502957
              ],
              [
                25.8009613,
                49.7489066
              ],
              [
                25.7889511,
                49.7561484
              ],
              [
                25.780719,
                49.7494062
              ],
              [
                25.823179,
                49.7409207
              ],
              [
                25.8446456,
                49.7378555
              ],
              [
                25.8580428,
                49.7556113
              ],
              [
                25.8633162,
                49.7529211
              ],
              [
                25.8747394,
                49.7408978
              ],
              [
                25.8961865,
                49.7426535
              ],
              [
                25.9141431,
                49.7444846
              ],
              [
                25.9155763,
                49.7371295
              ],
              [
                25.8997581,
                49.730829
              ],
              [
                25.9240959,
                49.7355829
              ],
              [
                25.9374575,
                49.725023
              ],
              [
                25.9466192,
                49.727371
              ],
              [
                25.9499735,
                49.7349759
              ],
              [
                25.9690678,
                49.7324832
              ],
              [
                26.0089206,
                49.7509236
              ],
              [
                26.0656119,
                49.7564345
              ],
              [
                26.106081,
                49.7557968
              ],
              [
                26.1622151,
                49.7598259
              ],
              [
                26.177623,
                49.7325709
              ],
              [
                26.1977994,
                49.7175992
              ],
              [
                26.1938998,
                49.7147995
              ],
              [
                26.1928993,
                49.7133995
              ],
              [
                26.1925994,
                49.7124997
              ],
              [
                26.1926988,
                49.7113998
              ],
              [
                26.1950993,
                49.7092999
              ],
              [
                26.2009994,
                49.7076993
              ],
              [
                26.2131992,
                49.7052998
              ],
              [
                26.2207991,
                49.7027996
              ],
              [
                26.2239998,
                49.7007
              ],
              [
                26.2272996,
                49.6972993
              ],
              [
                26.2373145,
                49.6953097
              ],
              [
                26.2436302,
                49.69532
              ],
              [
                26.242442,
                49.6925764
              ],
              [
                26.2432989,
                49.6895998
              ],
              [
                26.2457999,
                49.6849996
              ],
              [
                26.2466998,
                49.6833993
              ],
              [
                26.2519986,
                49.6806993
              ],
              [
                26.2526997,
                49.6803998
              ],
              [
                26.2543993,
                49.6789995
              ],
              [
                26.2575985,
                49.6766996
              ],
              [
                26.258999,
                49.6761999
              ],
              [
                26.2610993,
                49.6757001
              ],
              [
                26.265499,
                49.6731
              ],
              [
                26.2700993,
                49.6704998
              ],
              [
                26.2724993,
                49.6682995
              ],
              [
                26.2740994,
                49.6659992
              ],
              [
                26.2742986,
                49.665
              ],
              [
                26.2727989,
                49.6626997
              ],
              [
                26.272499,
                49.6616
              ],
              [
                26.2725986,
                49.6607999
              ],
              [
                26.2739991,
                49.6585993
              ],
              [
                26.2756997,
                49.6567992
              ],
              [
                26.2757987,
                49.6563001
              ],
              [
                26.2757991,
                49.6557999
              ],
              [
                26.2755989,
                49.6554997
              ],
              [
                26.2743994,
                49.6549993
              ],
              [
                26.2731995,
                49.6548
              ],
              [
                26.2682992,
                49.6547994
              ],
              [
                26.2657991,
                49.6541997
              ],
              [
                26.2642994,
                49.6536999
              ],
              [
                26.2633994,
                49.6531998
              ],
              [
                26.2626987,
                49.6525
              ],
              [
                26.2622992,
                49.6522995
              ],
              [
                26.2602996,
                49.6518992
              ],
              [
                26.2602988,
                49.6513
              ],
              [
                26.2607994,
                49.6499
              ],
              [
                26.2626986,
                49.6475994
              ],
              [
                26.2639989,
                49.6448997
              ],
              [
                26.2646989,
                49.6434999
              ],
              [
                26.2647987,
                49.6427998
              ],
              [
                26.2645993,
                49.6420993
              ],
              [
                26.263799,
                49.6403999
              ],
              [
                26.262999,
                49.6390997
              ],
              [
                26.2593997,
                49.6364
              ],
              [
                26.2545988,
                49.6337994
              ],
              [
                26.2535988,
                49.6336993
              ],
              [
                26.2511991,
                49.6344998
              ],
              [
                26.2463995,
                49.6364999
              ],
              [
                26.2426987,
                49.6382993
              ],
              [
                26.241799,
                49.6385993
              ],
              [
                26.2407995,
                49.6387
              ],
              [
                26.2394989,
                49.6385995
              ],
              [
                26.2358995,
                49.6380998
              ],
              [
                26.2345989,
                49.6377001
              ],
              [
                26.2340985,
                49.6373995
              ],
              [
                26.2334985,
                49.6369996
              ],
              [
                26.2326995,
                49.6355
              ],
              [
                26.2310986,
                49.631
              ],
              [
                26.2304997,
                49.6301998
              ],
              [
                26.2295985,
                49.6288996
              ],
              [
                26.2289993,
                49.6277994
              ],
              [
                26.2287994,
                49.6269999
              ],
              [
                26.2284989,
                49.6252001
              ],
              [
                26.2282992,
                49.6249998
              ],
              [
                26.2267989,
                49.6237996
              ],
              [
                26.225799,
                49.6231001
              ],
              [
                26.2239987,
                49.6223996
              ],
              [
                26.2211992,
                49.6215996
              ],
              [
                26.2199989,
                49.6210999
              ],
              [
                26.2188992,
                49.6204993
              ],
              [
                26.2183994,
                49.6201995
              ],
              [
                26.2178994,
                49.6196997
              ],
              [
                26.2171995,
                49.6183994
              ],
              [
                26.2163986,
                49.6166
              ],
              [
                26.2161988,
                49.6159996
              ],
              [
                26.2155992,
                49.6154996
              ],
              [
                26.2145998,
                49.615
              ],
              [
                26.2133992,
                49.6140993
              ],
              [
                26.2129991,
                49.6136996
              ],
              [
                26.2123994,
                49.6128996
              ],
              [
                26.2120987,
                49.6119
              ],
              [
                26.2116996,
                49.6111993
              ],
              [
                26.2105992,
                49.6104996
              ],
              [
                26.2096994,
                49.6101993
              ],
              [
                26.208299,
                49.6101993
              ],
              [
                26.2073997,
                49.6102999
              ],
              [
                26.205699,
                49.6105996
              ],
              [
                26.2035997,
                49.6105994
              ],
              [
                26.2025993,
                49.6104999
              ],
              [
                26.2022989,
                49.6103995
              ],
              [
                26.2019987,
                49.6102
              ],
              [
                26.2017992,
                49.6098996
              ],
              [
                26.2016994,
                49.6093994
              ],
              [
                26.201699,
                49.6083992
              ],
              [
                26.2017986,
                49.6078994
              ],
              [
                26.204099,
                49.6048001
              ],
              [
                26.2070995,
                49.5998996
              ],
              [
                26.2097985,
                49.5957997
              ],
              [
                26.2112986,
                49.5937994
              ],
              [
                26.2123993,
                49.5926996
              ],
              [
                26.2136993,
                49.5916001
              ],
              [
                26.2141997,
                49.5910996
              ],
              [
                26.2156995,
                49.5891993
              ],
              [
                26.2160991,
                49.5885997
              ],
              [
                26.2161996,
                49.5877996
              ],
              [
                26.2160996,
                49.5869993
              ],
              [
                26.2153989,
                49.5850001
              ],
              [
                26.2150997,
                49.5844995
              ],
              [
                26.2145989,
                49.5839998
              ],
              [
                26.2139986,
                49.5838
              ],
              [
                26.2131991,
                49.5837999
              ],
              [
                26.2123998,
                49.5840998
              ],
              [
                26.2115991,
                49.5842999
              ],
              [
                26.2112988,
                49.5841995
              ],
              [
                26.2111989,
                49.5836993
              ],
              [
                26.2110992,
                49.5827999
              ],
              [
                26.2095994,
                49.5815996
              ],
              [
                26.209299,
                49.5811992
              ],
              [
                26.2091995,
                49.5806999
              ],
              [
                26.2092989,
                49.5802
              ],
              [
                26.2098985,
                49.5786996
              ],
              [
                26.213199,
                49.5734999
              ],
              [
                26.2146997,
                49.5713993
              ],
              [
                26.2149996,
                49.5708996
              ],
              [
                26.2152994,
                49.5699998
              ],
              [
                26.215599,
                49.569
              ],
              [
                26.2156994,
                49.5676998
              ],
              [
                26.2155987,
                49.5654994
              ],
              [
                26.2155995,
                49.5635999
              ],
              [
                26.2156988,
                49.563
              ],
              [
                26.2159997,
                49.5623991
              ],
              [
                26.2164986,
                49.5615997
              ],
              [
                26.2176994,
                49.5601998
              ],
              [
                26.2182987,
                49.5589994
              ],
              [
                26.2185997,
                49.5580994
              ],
              [
                26.2191991,
                49.5564998
              ],
              [
                26.2202987,
                49.5549999
              ],
              [
                26.220499,
                49.5545
              ],
              [
                26.2205993,
                49.5532998
              ],
              [
                26.2204991,
                49.5521995
              ],
              [
                26.2185995,
                49.5509999
              ],
              [
                26.2162993,
                49.5503
              ],
              [
                26.2144995,
                49.5498997
              ],
              [
                26.211399,
                49.5487998
              ],
              [
                26.2102987,
                49.5485995
              ],
              [
                26.2087991,
                49.5484995
              ],
              [
                26.2061996,
                49.5486
              ],
              [
                26.2053994,
                49.5488
              ],
              [
                26.2048989,
                49.5490996
              ],
              [
                26.2040988,
                49.5498997
              ],
              [
                26.2037989,
                49.5506994
              ],
              [
                26.2035986,
                49.5513993
              ],
              [
                26.2036997,
                49.5524995
              ],
              [
                26.2040993,
                49.5538993
              ],
              [
                26.2048985,
                49.5551997
              ],
              [
                26.2050992,
                49.5561
              ],
              [
                26.2048988,
                49.5566999
              ],
              [
                26.2046997,
                49.5569995
              ],
              [
                26.2023997,
                49.5580996
              ],
              [
                26.2004989,
                49.5587993
              ],
              [
                26.1995993,
                49.5589
              ],
              [
                26.1986993,
                49.5588997
              ],
              [
                26.1973999,
                49.5586998
              ],
              [
                26.1965995,
                49.5584997
              ],
              [
                26.1939995,
                49.5572998
              ],
              [
                26.1925992,
                49.5566997
              ],
              [
                26.1907997,
                49.5557999
              ],
              [
                26.1892987,
                49.5545997
              ],
              [
                26.1881988,
                49.5535999
              ],
              [
                26.1866992,
                49.5527995
              ],
              [
                26.184799,
                49.5522996
              ],
              [
                26.1816992,
                49.5516998
              ],
              [
                26.1791993,
                49.5510998
              ],
              [
                26.1779999,
                49.5506998
              ],
              [
                26.1763984,
                49.5495994
              ],
              [
                26.1753998,
                49.5485995
              ],
              [
                26.174799,
                49.5476996
              ],
              [
                26.1742994,
                49.5465996
              ],
              [
                26.1739989,
                49.5452001
              ],
              [
                26.1735993,
                49.5424992
              ],
              [
                26.1729986,
                49.5418993
              ],
              [
                26.1694988,
                49.5393994
              ],
              [
                26.1650992,
                49.5362999
              ],
              [
                26.161599,
                49.5336999
              ],
              [
                26.1604987,
                49.5329
              ],
              [
                26.1599991,
                49.5323
              ],
              [
                26.1596996,
                49.5317995
              ],
              [
                26.1593992,
                49.5311
              ],
              [
                26.1591996,
                49.5301996
              ],
              [
                26.1590988,
                49.5283994
              ],
              [
                26.1591993,
                49.5271995
              ],
              [
                26.1592993,
                49.5265996
              ],
              [
                26.1588996,
                49.5256998
              ],
              [
                26.1584996,
                49.5248992
              ],
              [
                26.1584997,
                49.5235
              ],
              [
                26.1583989,
                49.5218999
              ],
              [
                26.1582985,
                49.5212998
              ],
              [
                26.1569996,
                49.5204994
              ],
              [
                26.1526987,
                49.5182001
              ],
              [
                26.148899,
                49.5160994
              ],
              [
                26.1476996,
                49.5154992
              ],
              [
                26.1464995,
                49.5147
              ],
              [
                26.1448985,
                49.5125993
              ],
              [
                26.1444992,
                49.5117995
              ],
              [
                26.1444988,
                49.5109995
              ],
              [
                26.1447993,
                49.5103999
              ],
              [
                26.1462996,
                49.5095996
              ],
              [
                26.1485993,
                49.5088997
              ],
              [
                26.1507994,
                49.5082995
              ],
              [
                26.1520993,
                49.5076997
              ],
              [
                26.153199,
                49.5069996
              ],
              [
                26.1536994,
                49.5063994
              ],
              [
                26.1552997,
                49.5037999
              ],
              [
                26.1571995,
                49.5023
              ],
              [
                26.1594994,
                49.5008997
              ],
              [
                26.1605991,
                49.4998995
              ],
              [
                26.1609988,
                49.4993001
              ],
              [
                26.1615993,
                49.4978
              ],
              [
                26.1625998,
                49.4964994
              ],
              [
                26.1639992,
                49.4953997
              ],
              [
                26.1683988,
                49.4931994
              ],
              [
                26.1703995,
                49.4923992
              ],
              [
                26.173799,
                49.4913001
              ],
              [
                26.1775997,
                49.4898994
              ],
              [
                26.1806995,
                49.4882996
              ],
              [
                26.1841994,
                49.4862992
              ],
              [
                26.1868989,
                49.4839995
              ],
              [
                26.1884993,
                49.4821993
              ],
              [
                26.1892997,
                49.4822993
              ],
              [
                26.1905987,
                49.4822
              ],
              [
                26.1915992,
                49.4819993
              ],
              [
                26.1936989,
                49.4810998
              ],
              [
                26.1936989,
                49.4807997
              ],
              [
                26.1937988,
                49.4792997
              ],
              [
                26.1930986,
                49.4765995
              ],
              [
                26.1925986,
                49.4740996
              ],
              [
                26.1928987,
                49.4691002
              ],
              [
                26.1928991,
                49.4679
              ],
              [
                26.1924996,
                49.4627997
              ],
              [
                26.1919992,
                49.4586997
              ],
              [
                26.1919989,
                49.4560994
              ],
              [
                26.1923994,
                49.4551997
              ],
              [
                26.1938988,
                49.4523001
              ],
              [
                26.1957991,
                49.4496999
              ],
              [
                26.1968992,
                49.4474998
              ],
              [
                26.1972998,
                49.4459999
              ],
              [
                26.1973996,
                49.4444998
              ],
              [
                26.1974986,
                49.4415997
              ],
              [
                26.1974993,
                49.4394993
              ],
              [
                26.1972988,
                49.4379999
              ],
              [
                26.1960997,
                49.4360993
              ],
              [
                26.1956994,
                49.4340996
              ],
              [
                26.1957997,
                49.4316993
              ],
              [
                26.1958992,
                49.4313995
              ],
              [
                26.1962995,
                49.4304997
              ],
              [
                26.1968995,
                49.4295992
              ],
              [
                26.1982996,
                49.4280995
              ],
              [
                26.1987991,
                49.4274999
              ],
              [
                26.2044987,
                49.4226
              ],
              [
                26.2074988,
                49.4208996
              ],
              [
                26.2111992,
                49.4185995
              ],
              [
                26.2134986,
                49.4181995
              ],
              [
                26.2156986,
                49.4182994
              ],
              [
                26.2167987,
                49.4180993
              ],
              [
                26.217899,
                49.4165998
              ],
              [
                26.2213989,
                49.4123998
              ],
              [
                26.2228985,
                49.4111998
              ],
              [
                26.2244988,
                49.4109999
              ],
              [
                26.2252994,
                49.4102993
              ],
              [
                26.2256991,
                49.4094994
              ],
              [
                26.2260988,
                49.4065
              ],
              [
                26.2260986,
                49.4048997
              ],
              [
                26.2261992,
                49.4044996
              ],
              [
                26.2262998,
                49.4042996
              ],
              [
                26.2265989,
                49.4040999
              ],
              [
                26.2270992,
                49.4038001
              ],
              [
                26.2305993,
                49.4025992
              ],
              [
                26.2336988,
                49.4018001
              ],
              [
                26.2345985,
                49.4013996
              ],
              [
                26.2351992,
                49.4006997
              ],
              [
                26.2352997,
                49.3999995
              ],
              [
                26.2351989,
                49.3994995
              ],
              [
                26.2335988,
                49.3978
              ],
              [
                26.2320992,
                49.3959997
              ],
              [
                26.2314997,
                49.3948999
              ],
              [
                26.2315987,
                49.3937999
              ],
              [
                26.2318987,
                49.3914996
              ],
              [
                26.2318986,
                49.3908995
              ],
              [
                26.2315997,
                49.3902999
              ],
              [
                26.2300991,
                49.3887997
              ],
              [
                26.2297986,
                49.3879995
              ],
              [
                26.2297985,
                49.3871993
              ],
              [
                26.2299997,
                49.3854998
              ],
              [
                26.2300988,
                49.3840997
              ],
              [
                26.2300986,
                49.3832996
              ],
              [
                26.2296993,
                49.3828001
              ],
              [
                26.2244989,
                49.3809995
              ],
              [
                26.2232991,
                49.3802995
              ],
              [
                26.2227993,
                49.3799
              ],
              [
                26.222499,
                49.3793998
              ],
              [
                26.2223985,
                49.3787997
              ],
              [
                26.2224991,
                49.3781995
              ],
              [
                26.2229992,
                49.3775997
              ],
              [
                26.224699,
                49.3765996
              ],
              [
                26.2452998,
                49.3681995
              ],
              [
                26.2450986,
                49.3678995
              ],
              [
                26.244699,
                49.3675992
              ],
              [
                26.2420988,
                49.3665998
              ],
              [
                26.2403991,
                49.3655997
              ],
              [
                26.2376996,
                49.3630998
              ],
              [
                26.2356998,
                49.3613994
              ],
              [
                26.2348997,
                49.3602997
              ],
              [
                26.2343996,
                49.3590992
              ],
              [
                26.2343998,
                49.3579999
              ],
              [
                26.2346999,
                49.3572998
              ],
              [
                26.2358989,
                49.3563994
              ],
              [
                26.2389997,
                49.3557996
              ],
              [
                26.2423992,
                49.3551999
              ],
              [
                26.2434991,
                49.3548994
              ],
              [
                26.2445991,
                49.3541996
              ],
              [
                26.2449996,
                49.3535995
              ],
              [
                26.2450997,
                49.3513999
              ],
              [
                26.2450989,
                49.3481001
              ],
              [
                26.2446991,
                49.3464996
              ],
              [
                26.2438993,
                49.3459
              ],
              [
                26.2423987,
                49.3459996
              ],
              [
                26.2388995,
                49.3476995
              ],
              [
                26.2349994,
                49.3493992
              ],
              [
                26.2323991,
                49.3496
              ],
              [
                26.2297985,
                49.3489996
              ],
              [
                26.2285996,
                49.3480996
              ],
              [
                26.2279993,
                49.3470992
              ],
              [
                26.2273995,
                49.3449994
              ],
              [
                26.2270998,
                49.3423996
              ],
              [
                26.2268996,
                49.3378995
              ],
              [
                26.2269995,
                49.3331996
              ],
              [
                26.2282998,
                49.3264997
              ],
              [
                26.2291986,
                49.3243998
              ],
              [
                26.2302996,
                49.3233999
              ],
              [
                26.2355998,
                49.3208996
              ],
              [
                26.2413992,
                49.3185001
              ],
              [
                26.2470988,
                49.3153
              ],
              [
                26.2507991,
                49.3125001
              ],
              [
                26.2522993,
                49.3100997
              ],
              [
                26.2523994,
                49.3088994
              ],
              [
                26.2522985,
                49.3066998
              ],
              [
                26.2516996,
                49.3041999
              ],
              [
                26.2502991,
                49.3022001
              ],
              [
                26.2496991,
                49.3012998
              ],
              [
                26.2495985,
                49.3004996
              ],
              [
                26.2495996,
                49.2992992
              ],
              [
                26.2496987,
                49.2983
              ],
              [
                26.2500988,
                49.2974998
              ],
              [
                26.2516993,
                49.2961997
              ],
              [
                26.2547989,
                49.2945997
              ],
              [
                26.2589996,
                49.2924995
              ],
              [
                26.2599991,
                49.2917994
              ],
              [
                26.261499,
                49.2907992
              ],
              [
                26.2619995,
                49.2899999
              ],
              [
                26.2621987,
                49.2894999
              ],
              [
                26.2621998,
                49.2890996
              ],
              [
                26.2615986,
                49.2882995
              ],
              [
                26.2611996,
                49.2879993
              ],
              [
                26.2605986,
                49.2876993
              ],
              [
                26.2592992,
                49.2872999
              ],
              [
                26.2589995,
                49.2872999
              ],
              [
                26.2521995,
                49.2869992
              ],
              [
                26.2517996,
                49.2868
              ],
              [
                26.2515988,
                49.2864
              ],
              [
                26.2515986,
                49.2854998
              ],
              [
                26.2516988,
                49.2848996
              ],
              [
                26.2524987,
                49.2833993
              ],
              [
                26.2530997,
                49.2829
              ],
              [
                26.2552991,
                49.2807998
              ],
              [
                26.2577993,
                49.2784993
              ],
              [
                26.2579986,
                49.2782993
              ],
              [
                26.2581994,
                49.2779
              ],
              [
                26.2581992,
                49.2772999
              ],
              [
                26.2580987,
                49.2767998
              ],
              [
                26.2575994,
                49.2761995
              ],
              [
                26.2567992,
                49.2758995
              ],
              [
                26.2553998,
                49.2760993
              ],
              [
                26.2537996,
                49.2762993
              ],
              [
                26.2520991,
                49.2766993
              ],
              [
                26.2499985,
                49.2772993
              ],
              [
                26.2481992,
                49.2779001
              ],
              [
                26.2467997,
                49.2782999
              ],
              [
                26.2453988,
                49.2783998
              ],
              [
                26.2445986,
                49.2782997
              ],
              [
                26.2440995,
                49.2777994
              ],
              [
                26.2437987,
                49.2768001
              ],
              [
                26.243899,
                49.2756998
              ],
              [
                26.2440997,
                49.2745995
              ],
              [
                26.2444997,
                49.2736994
              ],
              [
                26.245099,
                49.2725993
              ],
              [
                26.2457987,
                49.2718993
              ],
              [
                26.246999,
                49.2708
              ],
              [
                26.2484999,
                49.2696998
              ],
              [
                26.2530988,
                49.2669997
              ],
              [
                26.2582992,
                49.2647992
              ],
              [
                26.2588986,
                49.2642001
              ],
              [
                26.2590992,
                49.2638999
              ],
              [
                26.2591994,
                49.2635998
              ],
              [
                26.2591994,
                49.2633998
              ],
              [
                26.2590989,
                49.2628997
              ],
              [
                26.2568995,
                49.2616993
              ],
              [
                26.2544999,
                49.2601997
              ],
              [
                26.2520987,
                49.2583993
              ],
              [
                26.2517993,
                49.2579
              ],
              [
                26.251299,
                49.2571998
              ],
              [
                26.2506998,
                49.2567995
              ],
              [
                26.2483994,
                49.2564994
              ],
              [
                26.2474992,
                49.2562993
              ],
              [
                26.2450988,
                49.2547997
              ],
              [
                26.2447993,
                49.2544995
              ],
              [
                26.2447993,
                49.2535993
              ],
              [
                26.2479998,
                49.2515999
              ],
              [
                26.2487995,
                49.2508998
              ],
              [
                26.2491993,
                49.2498996
              ],
              [
                26.2491993,
                49.2494995
              ],
              [
                26.2488997,
                49.2489993
              ],
              [
                26.2485988,
                49.2483993
              ],
              [
                26.2456991,
                49.2442999
              ],
              [
                26.2449998,
                49.2436996
              ],
              [
                26.2442992,
                49.2435996
              ],
              [
                26.242799,
                49.2435995
              ],
              [
                26.2397997,
                49.2445993
              ],
              [
                26.2386992,
                49.2449993
              ],
              [
                26.237699,
                49.2450992
              ],
              [
                26.2368997,
                49.2450999
              ],
              [
                26.2350999,
                49.2451996
              ],
              [
                26.2262989,
                49.2466
              ],
              [
                26.2234988,
                49.2465993
              ],
              [
                26.2214988,
                49.2463996
              ],
              [
                26.218499,
                49.2455994
              ],
              [
                26.2113985,
                49.2453997
              ],
              [
                26.2070989,
                49.2453998
              ],
              [
                26.2061992,
                49.2451993
              ],
              [
                26.2047987,
                49.2445996
              ],
              [
                26.2033988,
                49.2433997
              ],
              [
                26.2030987,
                49.2425995
              ],
              [
                26.2028993,
                49.2413992
              ],
              [
                26.2028994,
                49.2400999
              ],
              [
                26.202999,
                49.2393999
              ],
              [
                26.2037997,
                49.2381
              ],
              [
                26.2057987,
                49.2358998
              ],
              [
                26.2069995,
                49.2339999
              ],
              [
                26.2071994,
                49.2330998
              ],
              [
                26.2068993,
                49.2323996
              ],
              [
                26.2055987,
                49.2310999
              ],
              [
                26.2047985,
                49.2305996
              ],
              [
                26.2016991,
                49.2279997
              ],
              [
                26.2013989,
                49.2274995
              ],
              [
                26.2013996,
                49.2267993
              ],
              [
                26.2019995,
                49.2256995
              ],
              [
                26.2036997,
                49.2227998
              ],
              [
                26.2037991,
                49.2222998
              ],
              [
                26.2034988,
                49.2218997
              ],
              [
                26.2025996,
                49.2215992
              ],
              [
                26.2018996,
                49.2215998
              ],
              [
                26.198799,
                49.2218995
              ],
              [
                26.1943988,
                49.2216994
              ],
              [
                26.1926994,
                49.2213993
              ],
              [
                26.1915993,
                49.2206997
              ],
              [
                26.1913997,
                49.2199994
              ],
              [
                26.1914991,
                49.2195995
              ],
              [
                26.191699,
                49.2189996
              ],
              [
                26.1922996,
                49.2184997
              ],
              [
                26.1939993,
                49.2172996
              ],
              [
                26.1944998,
                49.2166996
              ],
              [
                26.1959122,
                49.2134289
              ],
              [
                26.1874265,
                49.2036404
              ],
              [
                26.1854688,
                49.2003365
              ],
              [
                26.1859201,
                49.1978398
              ],
              [
                26.1834955,
                49.1953467
              ],
              [
                26.1843972,
                49.1935856
              ],
              [
                26.1889407,
                49.1899217
              ],
              [
                26.1935992,
                49.1863998
              ],
              [
                26.1958995,
                49.1825993
              ],
              [
                26.1960988,
                49.1812993
              ],
              [
                26.1958989,
                49.1801
              ],
              [
                26.1952996,
                49.1788995
              ],
              [
                26.1896107,
                49.1736335
              ],
              [
                26.189311,
                49.1731333
              ],
              [
                26.1892105,
                49.1724332
              ],
              [
                26.1893112,
                49.1720331
              ],
              [
                26.1895108,
                49.1715332
              ],
              [
                26.1903111,
                49.1711334
              ],
              [
                26.1911113,
                49.1708336
              ],
              [
                26.1931103,
                49.1703335
              ],
              [
                26.1943108,
                49.1701338
              ],
              [
                26.1960116,
                49.1700333
              ],
              [
                26.1980113,
                49.1700331
              ],
              [
                26.2008111,
                49.1699339
              ],
              [
                26.2031105,
                49.1693336
              ],
              [
                26.2048107,
                49.1687339
              ],
              [
                26.2079254,
                49.1685729
              ],
              [
                26.2082249,
                49.168073
              ],
              [
                26.2082257,
                49.1673728
              ],
              [
                26.2081254,
                49.1661727
              ],
              [
                26.208325,
                49.1655727
              ],
              [
                26.2097253,
                49.1642727
              ],
              [
                26.2104253,
                49.1637728
              ],
              [
                26.2106249,
                49.1630728
              ],
              [
                26.2106246,
                49.1622736
              ],
              [
                26.2104246,
                49.1620736
              ],
              [
                26.2084253,
                49.1617731
              ],
              [
                26.2079251,
                49.161473
              ],
              [
                26.2088994,
                49.1598
              ],
              [
                26.2078986,
                49.1594999
              ],
              [
                26.2072993,
                49.1594997
              ],
              [
                26.2062991,
                49.1598995
              ],
              [
                26.2060988,
                49.1598995
              ],
              [
                26.2054989,
                49.1592993
              ],
              [
                26.204799,
                49.1588
              ],
              [
                26.2041997,
                49.1587998
              ],
              [
                26.2037991,
                49.1588998
              ],
              [
                26.2014989,
                49.1613995
              ],
              [
                26.1994996,
                49.1624999
              ],
              [
                26.1977998,
                49.1628995
              ],
              [
                26.197199,
                49.1629994
              ],
              [
                26.1954987,
                49.1628998
              ],
              [
                26.194199,
                49.1625993
              ],
              [
                26.1919986,
                49.1612994
              ],
              [
                26.1917986,
                49.1610993
              ],
              [
                26.1913998,
                49.1601999
              ],
              [
                26.1912992,
                49.1595998
              ],
              [
                26.1911213,
                49.1562033
              ],
              [
                26.1912216,
                49.1551031
              ],
              [
                26.1914214,
                49.1545031
              ],
              [
                26.1924214,
                49.1533033
              ],
              [
                26.1953216,
                49.1502028
              ],
              [
                26.1962211,
                49.149203
              ],
              [
                26.1981218,
                49.1480032
              ],
              [
                26.1987223,
                49.1470031
              ],
              [
                26.1990214,
                49.1459032
              ],
              [
                26.1990215,
                49.144803
              ],
              [
                26.198821,
                49.1430027
              ],
              [
                26.1969992,
                49.1414997
              ],
              [
                26.1969988,
                49.1396996
              ],
              [
                26.1953101,
                49.1381328
              ],
              [
                26.1945946,
                49.1373468
              ],
              [
                26.1946955,
                49.1367466
              ],
              [
                26.1950949,
                49.1364468
              ],
              [
                26.2021984,
                49.1353993
              ],
              [
                26.2047044,
                49.1347736
              ],
              [
                26.2046544,
                49.1338558
              ],
              [
                26.2050185,
                49.1332821
              ],
              [
                26.2057148,
                49.1327968
              ],
              [
                26.2052044,
                49.1324206
              ],
              [
                26.2047417,
                49.1320412
              ],
              [
                26.2041415,
                49.1319412
              ],
              [
                26.2037718,
                49.1315452
              ],
              [
                26.2033144,
                49.1314311
              ],
              [
                26.2027858,
                49.1313135
              ],
              [
                26.2013565,
                49.1311239
              ],
              [
                26.2001987,
                49.1308001
              ],
              [
                26.1999987,
                49.1307001
              ],
              [
                26.1995987,
                49.1306
              ],
              [
                26.1983207,
                49.1290395
              ],
              [
                26.1971626,
                49.1286007
              ],
              [
                26.1956528,
                49.1292836
              ],
              [
                26.1965334,
                49.1279675
              ],
              [
                26.1961256,
                49.1271236
              ],
              [
                26.1970902,
                49.1257981
              ],
              [
                26.198936,
                49.1235356
              ],
              [
                26.1981457,
                49.1225969
              ],
              [
                26.2005991,
                49.1200998
              ],
              [
                26.2008995,
                49.1169994
              ],
              [
                26.2013991,
                49.1163995
              ],
              [
                26.2029996,
                49.1152995
              ],
              [
                26.2039997,
                49.1143995
              ],
              [
                26.2043991,
                49.1128994
              ],
              [
                26.2050988,
                49.1094
              ],
              [
                26.2049995,
                49.0991995
              ],
              [
                26.2047986,
                49.0978995
              ],
              [
                26.2043996,
                49.0971992
              ],
              [
                26.2019998,
                49.0947996
              ],
              [
                26.2012995,
                49.0932994
              ],
              [
                26.2007984,
                49.0922994
              ],
              [
                26.2000995,
                49.0919
              ],
              [
                26.1998997,
                49.0917999
              ],
              [
                26.1997999,
                49.0907998
              ],
              [
                26.1995986,
                49.0898999
              ],
              [
                26.1988998,
                49.0892995
              ],
              [
                26.1978991,
                49.0890995
              ],
              [
                26.1977993,
                49.0889995
              ],
              [
                26.1976998,
                49.0886993
              ],
              [
                26.1978988,
                49.0883995
              ],
              [
                26.198299,
                49.0881995
              ],
              [
                26.1984993,
                49.0870993
              ],
              [
                26.1985992,
                49.0856001
              ],
              [
                26.1983994,
                49.0837998
              ],
              [
                26.1977995,
                49.0821996
              ],
              [
                26.1975992,
                49.0815996
              ],
              [
                26.1969988,
                49.0811995
              ],
              [
                26.1967994,
                49.0808994
              ],
              [
                26.1961994,
                49.0796001
              ],
              [
                26.1958987,
                49.0793001
              ],
              [
                26.1940986,
                49.0782998
              ],
              [
                26.1933985,
                49.0777997
              ],
              [
                26.1934988,
                49.0759995
              ],
              [
                26.1936994,
                49.0755994
              ],
              [
                26.1947987,
                49.0747995
              ],
              [
                26.195399,
                49.0743995
              ],
              [
                26.1967992,
                49.0736995
              ],
              [
                26.1978987,
                49.0735997
              ],
              [
                26.2006994,
                49.0736998
              ],
              [
                26.2040998,
                49.0736998
              ],
              [
                26.2081991,
                49.0742
              ],
              [
                26.214299,
                49.0743998
              ],
              [
                26.2153998,
                49.0742996
              ],
              [
                26.2159986,
                49.0738996
              ],
              [
                26.2165989,
                49.0721993
              ],
              [
                26.2166,
                49.0715999
              ],
              [
                26.2160989,
                49.0706
              ],
              [
                26.215199,
                49.0698999
              ],
              [
                26.2139991,
                49.0695
              ],
              [
                26.2105987,
                49.0677
              ],
              [
                26.2089995,
                49.0669998
              ],
              [
                26.2055995,
                49.0660998
              ],
              [
                26.198699,
                49.0648996
              ],
              [
                26.1948997,
                49.0639992
              ],
              [
                26.1910992,
                49.0624997
              ],
              [
                26.1896996,
                49.0614994
              ],
              [
                26.1879995,
                49.0595999
              ],
              [
                26.1873995,
                49.0584998
              ],
              [
                26.1871998,
                49.0576996
              ],
              [
                26.1869998,
                49.0570996
              ],
              [
                26.1866988,
                49.0556996
              ],
              [
                26.1867994,
                49.0545994
              ],
              [
                26.1873993,
                49.0528993
              ],
              [
                26.1882992,
                49.0509993
              ],
              [
                26.1894991,
                49.0495993
              ],
              [
                26.1909992,
                49.0478993
              ],
              [
                26.1918996,
                49.0470992
              ],
              [
                26.1941991,
                49.0452001
              ],
              [
                26.1969988,
                49.0434
              ],
              [
                26.2071991,
                49.0375998
              ],
              [
                26.2086994,
                49.0359993
              ],
              [
                26.2084262,
                49.0347156
              ],
              [
                26.2083259,
                49.0335215
              ],
              [
                26.2085253,
                49.0321743
              ],
              [
                26.2081993,
                49.0305996
              ],
              [
                26.2072998,
                49.0302996
              ],
              [
                26.2049996,
                49.0300998
              ],
              [
                26.2027972,
                49.0290559
              ],
              [
                26.2013972,
                49.0292873
              ],
              [
                26.1992128,
                49.0288511
              ],
              [
                26.1995694,
                49.0271258
              ],
              [
                26.1974237,
                49.0253127
              ],
              [
                26.1989969,
                49.0225554
              ],
              [
                26.2002969,
                49.0212551
              ],
              [
                26.2051971,
                49.0171558
              ],
              [
                26.2072548,
                49.0153861
              ],
              [
                26.2112393,
                49.0142084
              ],
              [
                26.2144537,
                49.0128174
              ],
              [
                26.2154872,
                49.0102701
              ],
              [
                26.2153824,
                49.0076786
              ],
              [
                26.2157551,
                49.0060561
              ],
              [
                26.2153266,
                49.0045094
              ],
              [
                26.2145997,
                49.0019998
              ],
              [
                26.2147868,
                49.0012407
              ],
              [
                26.2130038,
                49.0008518
              ],
              [
                26.2124203,
                48.9998965
              ],
              [
                26.2094727,
                48.9999961
              ],
              [
                26.2056251,
                49.0003341
              ],
              [
                26.2040338,
                48.9998884
              ],
              [
                26.1995421,
                49.000225
              ],
              [
                26.195699,
                49.0008993
              ],
              [
                26.1943257,
                49.0013216
              ],
              [
                26.1952669,
                49.0024634
              ],
              [
                26.1951419,
                49.0034729
              ],
              [
                26.192766,
                49.0035536
              ],
              [
                26.1906995,
                49.0032997
              ],
              [
                26.1896991,
                49.0031998
              ],
              [
                26.1894576,
                49.0022241
              ],
              [
                26.1877991,
                49.0024998
              ],
              [
                26.1805525,
                49.0001665
              ],
              [
                26.1790529,
                48.9989062
              ],
              [
                26.177652,
                48.9973644
              ],
              [
                26.1766091,
                48.9961012
              ],
              [
                26.1767382,
                48.9950603
              ],
              [
                26.1770672,
                48.9942175
              ],
              [
                26.1783542,
                48.9933368
              ],
              [
                26.1787538,
                48.9925369
              ],
              [
                26.180854,
                48.9908367
              ],
              [
                26.1832546,
                48.9892365
              ],
              [
                26.1843544,
                48.9887365
              ],
              [
                26.1894274,
                48.9883471
              ],
              [
                26.2019123,
                48.9883082
              ],
              [
                26.2056634,
                48.9887546
              ],
              [
                26.2080825,
                48.9879339
              ],
              [
                26.210239,
                48.9866924
              ],
              [
                26.2124822,
                48.9842332
              ],
              [
                26.2123822,
                48.9837341
              ],
              [
                26.2119831,
                48.9829339
              ],
              [
                26.2105825,
                48.9811332
              ],
              [
                26.2096821,
                48.9803334
              ],
              [
                26.208299,
                48.9788001
              ],
              [
                26.204342,
                48.9759729
              ],
              [
                26.2002414,
                48.9746728
              ],
              [
                26.198242,
                48.974373
              ],
              [
                26.1969412,
                48.9744734
              ],
              [
                26.1945412,
                48.975473
              ],
              [
                26.1911269,
                48.976822
              ],
              [
                26.1883849,
                48.9772844
              ],
              [
                26.1856411,
                48.9781732
              ],
              [
                26.1842994,
                48.9788999
              ],
              [
                26.1820249,
                48.978252
              ],
              [
                26.183158,
                48.9772021
              ],
              [
                26.1811356,
                48.976136
              ],
              [
                26.1787987,
                48.9757587
              ],
              [
                26.1779399,
                48.9733025
              ],
              [
                26.1771827,
                48.9719418
              ],
              [
                26.1769244,
                48.9698164
              ],
              [
                26.1783407,
                48.9676386
              ],
              [
                26.1819826,
                48.9654123
              ],
              [
                26.1857417,
                48.9643121
              ],
              [
                26.1881547,
                48.9633752
              ],
              [
                26.1914281,
                48.9627109
              ],
              [
                26.1959842,
                48.9613981
              ],
              [
                26.199998,
                48.960708
              ],
              [
                26.2019563,
                48.9601259
              ],
              [
                26.2029848,
                48.9597546
              ],
              [
                26.2040991,
                48.9591697
              ],
              [
                26.2049704,
                48.9586392
              ],
              [
                26.2074537,
                48.9569691
              ],
              [
                26.2083552,
                48.9533845
              ],
              [
                26.2076411,
                48.9516999
              ],
              [
                26.2081999,
                48.9503999
              ],
              [
                26.2067998,
                48.9478
              ],
              [
                26.2058993,
                48.9458992
              ],
              [
                26.204099,
                48.9434995
              ],
              [
                26.2033998,
                48.9428995
              ],
              [
                26.2011996,
                48.9417992
              ],
              [
                26.2007989,
                48.9414993
              ],
              [
                26.1997986,
                48.9399995
              ],
              [
                26.1965997,
                48.9375999
              ],
              [
                26.1955987,
                48.9363993
              ],
              [
                26.1952994,
                48.9358992
              ],
              [
                26.1941274,
                48.9318495
              ],
              [
                26.1944269,
                48.9303493
              ],
              [
                26.1949273,
                48.929349
              ],
              [
                26.1938399,
                48.9270843
              ],
              [
                26.1954266,
                48.9258494
              ],
              [
                26.1976277,
                48.9223491
              ],
              [
                26.1982276,
                48.9213488
              ],
              [
                26.1984264,
                48.9196487
              ],
              [
                26.1983267,
                48.9184485
              ],
              [
                26.1980277,
                48.9178483
              ],
              [
                26.1953881,
                48.9174341
              ],
              [
                26.193198,
                48.9173386
              ],
              [
                26.1860253,
                48.9181127
              ],
              [
                26.1852245,
                48.918013
              ],
              [
                26.1843256,
                48.917313
              ],
              [
                26.1839256,
                48.916813
              ],
              [
                26.1835102,
                48.9152899
              ],
              [
                26.1854549,
                48.9142665
              ],
              [
                26.1856116,
                48.9133408
              ],
              [
                26.1847949,
                48.9118
              ],
              [
                26.1869401,
                48.9093508
              ],
              [
                26.1888371,
                48.9088378
              ],
              [
                26.1905267,
                48.9069868
              ],
              [
                26.1918429,
                48.9056375
              ],
              [
                26.1940621,
                48.9044073
              ],
              [
                26.1964826,
                48.9037742
              ],
              [
                26.2002101,
                48.9040615
              ],
              [
                26.2044996,
                48.9061994
              ],
              [
                26.2071311,
                48.9097355
              ],
              [
                26.2100534,
                48.9126
              ],
              [
                26.2127409,
                48.9135385
              ],
              [
                26.2162995,
                48.9133561
              ],
              [
                26.2196995,
                48.9128998
              ],
              [
                26.2221994,
                48.9120992
              ],
              [
                26.2225835,
                48.9110743
              ],
              [
                26.2233826,
                48.9104738
              ],
              [
                26.2246834,
                48.9086736
              ],
              [
                26.2248831,
                48.9076742
              ],
              [
                26.2248829,
                48.9069741
              ],
              [
                26.2251545,
                48.9062716
              ],
              [
                26.2251907,
                48.9051624
              ],
              [
                26.223899,
                48.9039997
              ],
              [
                26.2235572,
                48.9028914
              ],
              [
                26.2214835,
                48.9034509
              ],
              [
                26.2168266,
                48.9006377
              ],
              [
                26.208815,
                48.8992153
              ],
              [
                26.205225,
                48.8983102
              ],
              [
                26.2039943,
                48.8963433
              ],
              [
                26.2052403,
                48.8933098
              ],
              [
                26.2048241,
                48.8913711
              ],
              [
                26.2084978,
                48.8877458
              ],
              [
                26.2109632,
                48.885614
              ],
              [
                26.2119805,
                48.8827587
              ],
              [
                26.2145114,
                48.8818196
              ],
              [
                26.2139858,
                48.8802618
              ],
              [
                26.2125885,
                48.8789265
              ],
              [
                26.2103235,
                48.8793566
              ],
              [
                26.2086767,
                48.8765304
              ],
              [
                26.2058686,
                48.8756125
              ],
              [
                26.2058685,
                48.8750124
              ],
              [
                26.2060677,
                48.8743124
              ],
              [
                26.2082686,
                48.8718226
              ],
              [
                26.2103485,
                48.8701137
              ],
              [
                26.2118668,
                48.8683606
              ],
              [
                26.2125396,
                48.8667869
              ],
              [
                26.2119351,
                48.8648588
              ],
              [
                26.2092968,
                48.863293
              ],
              [
                26.2026957,
                48.8625651
              ],
              [
                26.2009947,
                48.8619661
              ],
              [
                26.2000957,
                48.8615654
              ],
              [
                26.199795,
                48.8613656
              ],
              [
                26.1996953,
                48.8608656
              ],
              [
                26.200795,
                48.8580656
              ],
              [
                26.201496,
                48.8561658
              ],
              [
                26.2016954,
                48.8559657
              ],
              [
                26.2022946,
                48.8555655
              ],
              [
                26.2038955,
                48.8546653
              ],
              [
                26.2058949,
                48.8535659
              ],
              [
                26.2073955,
                48.8529658
              ],
              [
                26.2116993,
                48.8522553
              ],
              [
                26.2150264,
                48.8519652
              ],
              [
                26.2167123,
                48.8513113
              ],
              [
                26.2181837,
                48.8508266
              ],
              [
                26.2188119,
                48.8496356
              ],
              [
                26.2209411,
                48.8483481
              ],
              [
                26.222055,
                48.8470868
              ],
              [
                26.2226834,
                48.845543
              ],
              [
                26.221411,
                48.8418488
              ],
              [
                26.2197514,
                48.8392897
              ],
              [
                26.2189515,
                48.8365898
              ],
              [
                26.2189519,
                48.8349894
              ],
              [
                26.219351,
                48.8337899
              ],
              [
                26.2197511,
                48.8332895
              ],
              [
                26.2206516,
                48.8326896
              ],
              [
                26.2244638,
                48.8311675
              ],
              [
                26.2259383,
                48.8306544
              ],
              [
                26.2275111,
                48.8302649
              ],
              [
                26.2307825,
                48.8285628
              ],
              [
                26.2324828,
                48.8269781
              ],
              [
                26.2324112,
                48.8262655
              ],
              [
                26.2326105,
                48.8252652
              ],
              [
                26.2329384,
                48.8207043
              ],
              [
                26.2332387,
                48.8197047
              ],
              [
                26.2336386,
                48.8192043
              ],
              [
                26.2344393,
                48.8186042
              ],
              [
                26.2350395,
                48.8182045
              ],
              [
                26.2357391,
                48.8178047
              ],
              [
                26.2366384,
                48.8175039
              ],
              [
                26.2374382,
                48.8174041
              ],
              [
                26.2401987,
                48.8178995
              ],
              [
                26.247456,
                48.8218999
              ],
              [
                26.2498994,
                48.8225994
              ],
              [
                26.2513563,
                48.822418
              ],
              [
                26.2541559,
                48.8216186
              ],
              [
                26.2553568,
                48.8210179
              ],
              [
                26.2568567,
                48.8200179
              ],
              [
                26.2571832,
                48.8185032
              ],
              [
                26.2566253,
                48.8177008
              ],
              [
                26.2574832,
                48.8168442
              ],
              [
                26.2589564,
                48.8157182
              ],
              [
                26.2586566,
                48.8148182
              ],
              [
                26.2569626,
                48.8134385
              ],
              [
                26.2561555,
                48.8127334
              ],
              [
                26.2564569,
                48.811718
              ],
              [
                26.2548994,
                48.8102995
              ],
              [
                26.2536993,
                48.8094997
              ],
              [
                26.2528989,
                48.8090996
              ],
              [
                26.2516997,
                48.8086998
              ],
              [
                26.2478968,
                48.8085759
              ],
              [
                26.2458957,
                48.8086754
              ],
              [
                26.2435964,
                48.8089759
              ],
              [
                26.2414965,
                48.8095754
              ],
              [
                26.2388948,
                48.8102299
              ],
              [
                26.2397841,
                48.8119672
              ],
              [
                26.2359515,
                48.8144239
              ],
              [
                26.2316961,
                48.8140218
              ],
              [
                26.2295989,
                48.8146994
              ],
              [
                26.2259527,
                48.8136523
              ],
              [
                26.2250521,
                48.8109517
              ],
              [
                26.225395,
                48.8086257
              ],
              [
                26.2285814,
                48.8043299
              ],
              [
                26.230754,
                48.800908
              ],
              [
                26.2359652,
                48.7950188
              ],
              [
                26.2357677,
                48.7935863
              ],
              [
                26.2359676,
                48.7920944
              ],
              [
                26.2351809,
                48.791017
              ],
              [
                26.2341807,
                48.7900169
              ],
              [
                26.2332813,
                48.7897167
              ],
              [
                26.2244943,
                48.7916902
              ],
              [
                26.2179815,
                48.7936165
              ],
              [
                26.2172816,
                48.7955165
              ],
              [
                26.2178528,
                48.7990601
              ],
              [
                26.2183264,
                48.8006257
              ],
              [
                26.214644,
                48.8015478
              ],
              [
                26.2114536,
                48.8014608
              ],
              [
                26.2107534,
                48.8003602
              ],
              [
                26.2096531,
                48.7993609
              ],
              [
                26.2073663,
                48.797299
              ],
              [
                26.2084675,
                48.7941078
              ],
              [
                26.2100542,
                48.7893893
              ],
              [
                26.2106954,
                48.7870473
              ],
              [
                26.2112336,
                48.782905
              ],
              [
                26.2159095,
                48.7798302
              ],
              [
                26.2198,
                48.7799
              ],
              [
                26.2229987,
                48.7798001
              ],
              [
                26.2267997,
                48.7798993
              ],
              [
                26.2290997,
                48.7801
              ],
              [
                26.2329714,
                48.7795146
              ],
              [
                26.233471,
                48.7794142
              ],
              [
                26.2344711,
                48.778814
              ],
              [
                26.2371707,
                48.7765145
              ],
              [
                26.2384718,
                48.7744144
              ],
              [
                26.2384716,
                48.7702144
              ],
              [
                26.2363107,
                48.7690841
              ],
              [
                26.2329826,
                48.7659468
              ],
              [
                26.230782,
                48.764147
              ],
              [
                26.2303826,
                48.7618468
              ],
              [
                26.2326825,
                48.7596468
              ],
              [
                26.2369988,
                48.7588993
              ],
              [
                26.2395994,
                48.7579999
              ],
              [
                26.2465986,
                48.7554999
              ],
              [
                26.2451257,
                48.7538774
              ],
              [
                26.2420448,
                48.7499417
              ],
              [
                26.2401988,
                48.7498995
              ],
              [
                26.2390995,
                48.7499997
              ],
              [
                26.2354252,
                48.7495247
              ],
              [
                26.2337257,
                48.7504248
              ],
              [
                26.2331249,
                48.7508247
              ],
              [
                26.2283254,
                48.7547249
              ],
              [
                26.2272255,
                48.7549242
              ],
              [
                26.2249249,
                48.7544246
              ],
              [
                26.2239256,
                48.7535244
              ],
              [
                26.2233258,
                48.7523247
              ],
              [
                26.2234245,
                48.7513246
              ],
              [
                26.2255254,
                48.7480246
              ],
              [
                26.228098,
                48.7470336
              ],
              [
                26.2308752,
                48.7452884
              ],
              [
                26.235909,
                48.7426639
              ],
              [
                26.2392078,
                48.7409636
              ],
              [
                26.2422812,
                48.7402961
              ],
              [
                26.2435676,
                48.7368506
              ],
              [
                26.2433845,
                48.7332211
              ],
              [
                26.237096,
                48.7314284
              ],
              [
                26.2352514,
                48.7291727
              ],
              [
                26.2360808,
                48.7271433
              ],
              [
                26.2390805,
                48.7216433
              ],
              [
                26.2392803,
                48.7202428
              ],
              [
                26.2389812,
                48.7189428
              ],
              [
                26.2374815,
                48.7171432
              ],
              [
                26.234781,
                48.7155434
              ],
              [
                26.2315812,
                48.713543
              ],
              [
                26.2311806,
                48.7115432
              ],
              [
                26.230181,
                48.7099431
              ],
              [
                26.2301807,
                48.7088429
              ],
              [
                26.2299217,
                48.7058765
              ],
              [
                26.2327663,
                48.7038535
              ],
              [
                26.2310644,
                48.7031399
              ],
              [
                26.2333741,
                48.6997594
              ],
              [
                26.2356048,
                48.7005155
              ],
              [
                26.2374968,
                48.7000022
              ],
              [
                26.237624,
                48.6976796
              ],
              [
                26.2370815,
                48.6956562
              ],
              [
                26.2352991,
                48.6925994
              ],
              [
                26.2280573,
                48.6926068
              ],
              [
                26.222555,
                48.6929429
              ],
              [
                26.2197087,
                48.6899801
              ],
              [
                26.2205655,
                48.6868534
              ],
              [
                26.223739,
                48.6841226
              ],
              [
                26.2278993,
                48.6825999
              ],
              [
                26.2349916,
                48.6817629
              ],
              [
                26.2403414,
                48.6823098
              ],
              [
                26.2426548,
                48.68307
              ],
              [
                26.2457998,
                48.6841999
              ],
              [
                26.2460965,
                48.6820995
              ],
              [
                26.2439949,
                48.6811463
              ],
              [
                26.2420947,
                48.6795697
              ],
              [
                26.2420238,
                48.6753096
              ],
              [
                26.2426533,
                48.6715762
              ],
              [
                26.2449694,
                48.6705628
              ],
              [
                26.2471963,
                48.6681595
              ],
              [
                26.2500995,
                48.6681997
              ],
              [
                26.2528995,
                48.6684995
              ],
              [
                26.2572394,
                48.6680626
              ],
              [
                26.2622989,
                48.6689996
              ],
              [
                26.2679122,
                48.6711556
              ],
              [
                26.2690128,
                48.6718558
              ],
              [
                26.2702126,
                48.6716557
              ],
              [
                26.2741281,
                48.6703397
              ],
              [
                26.2761143,
                48.6696791
              ],
              [
                26.2793994,
                48.6684998
              ],
              [
                26.2802989,
                48.6673999
              ],
              [
                26.2803989,
                48.6666995
              ],
              [
                26.2786404,
                48.6660966
              ],
              [
                26.2779125,
                48.6646011
              ],
              [
                26.276913,
                48.6633487
              ],
              [
                26.2776145,
                48.6601642
              ],
              [
                26.2757136,
                48.6586757
              ],
              [
                26.2746314,
                48.6566381
              ],
              [
                26.2730421,
                48.6538034
              ],
              [
                26.2695112,
                48.6522621
              ],
              [
                26.268013,
                48.6511836
              ],
              [
                26.2667942,
                48.6505341
              ],
              [
                26.267933,
                48.6500488
              ],
              [
                26.2702106,
                48.648962
              ],
              [
                26.2713111,
                48.6484618
              ],
              [
                26.2735424,
                48.6472308
              ],
              [
                26.2765155,
                48.6479354
              ],
              [
                26.2774129,
                48.6489004
              ],
              [
                26.2789665,
                48.6485759
              ],
              [
                26.28002,
                48.6469592
              ],
              [
                26.28247,
                48.6473969
              ],
              [
                26.282668,
                48.648279
              ],
              [
                26.2836957,
                48.6492588
              ],
              [
                26.286437,
                48.6484583
              ],
              [
                26.2881077,
                48.6491434
              ],
              [
                26.2893068,
                48.6497597
              ],
              [
                26.2932661,
                48.6511999
              ],
              [
                26.2973683,
                48.6540201
              ],
              [
                26.2988679,
                48.6561199
              ],
              [
                26.3004678,
                48.65732
              ],
              [
                26.3021687,
                48.6580197
              ],
              [
                26.3042685,
                48.6581203
              ],
              [
                26.3059692,
                48.6578204
              ],
              [
                26.3074678,
                48.6571202
              ],
              [
                26.3089686,
                48.6556203
              ],
              [
                26.3098689,
                48.6540197
              ],
              [
                26.3099679,
                48.6528201
              ],
              [
                26.3098682,
                48.6518199
              ],
              [
                26.3094687,
                48.6508203
              ],
              [
                26.3085679,
                48.64972
              ],
              [
                26.3059683,
                48.6477207
              ],
              [
                26.3019819,
                48.6458892
              ],
              [
                26.299382,
                48.6443891
              ],
              [
                26.2971823,
                48.6434894
              ],
              [
                26.2935114,
                48.64255
              ],
              [
                26.2916402,
                48.6429145
              ],
              [
                26.2875661,
                48.6404278
              ],
              [
                26.2899699,
                48.6390023
              ],
              [
                26.2912998,
                48.6381996
              ],
              [
                26.2926994,
                48.6371995
              ],
              [
                26.2937835,
                48.6356711
              ],
              [
                26.2959121,
                48.6356221
              ],
              [
                26.2980127,
                48.6352225
              ],
              [
                26.3003122,
                48.6351217
              ],
              [
                26.3028128,
                48.6353224
              ],
              [
                26.3061124,
                48.6359225
              ],
              [
                26.3098122,
                48.6366218
              ],
              [
                26.3111126,
                48.6369219
              ],
              [
                26.3153125,
                48.6375218
              ],
              [
                26.3170124,
                48.6373219
              ],
              [
                26.3182124,
                48.6374212
              ],
              [
                26.3202994,
                48.6358992
              ],
              [
                26.3215992,
                48.6349989
              ],
              [
                26.3222989,
                48.634299
              ],
              [
                26.3230995,
                48.6331995
              ],
              [
                26.3235984,
                48.631999
              ],
              [
                26.3236982,
                48.6310994
              ],
              [
                26.3234994,
                48.6300992
              ],
              [
                26.3227985,
                48.6287994
              ],
              [
                26.3211981,
                48.6269995
              ],
              [
                26.3200992,
                48.6262996
              ],
              [
                26.3188983,
                48.6257994
              ],
              [
                26.3178774,
                48.6247316
              ],
              [
                26.3160996,
                48.6245999
              ],
              [
                26.3141993,
                48.6244993
              ],
              [
                26.311599,
                48.6244001
              ],
              [
                26.3084988,
                48.6245001
              ],
              [
                26.3061989,
                48.6248994
              ],
              [
                26.3002541,
                48.6274657
              ],
              [
                26.2990538,
                48.6277655
              ],
              [
                26.2979543,
                48.6278658
              ],
              [
                26.2970544,
                48.6278657
              ],
              [
                26.2958533,
                48.6276653
              ],
              [
                26.2947544,
                48.6272653
              ],
              [
                26.2940533,
                48.6268658
              ],
              [
                26.2930545,
                48.6256653
              ],
              [
                26.2927541,
                48.6250657
              ],
              [
                26.2927538,
                48.6241655
              ],
              [
                26.2931542,
                48.6230652
              ],
              [
                26.2938544,
                48.6221654
              ],
              [
                26.2950538,
                48.6214657
              ],
              [
                26.2963545,
                48.6209656
              ],
              [
                26.2972534,
                48.6206658
              ],
              [
                26.2990546,
                48.6203656
              ],
              [
                26.300154,
                48.6201653
              ],
              [
                26.3011534,
                48.619866
              ],
              [
                26.303999,
                48.6188998
              ],
              [
                26.3052997,
                48.6183996
              ],
              [
                26.3062396,
                48.6166277
              ],
              [
                26.3091422,
                48.6170328
              ],
              [
                26.3107417,
                48.616233
              ],
              [
                26.3119417,
                48.6158331
              ],
              [
                26.3138417,
                48.6156327
              ],
              [
                26.3154416,
                48.615733
              ],
              [
                26.3175424,
                48.615733
              ],
              [
                26.3191414,
                48.6153332
              ],
              [
                26.3212415,
                48.6143329
              ],
              [
                26.3242999,
                48.6115999
              ],
              [
                26.3261991,
                48.6106
              ],
              [
                26.327098,
                48.6092838
              ],
              [
                26.3270399,
                48.607405
              ],
              [
                26.3255093,
                48.6063591
              ],
              [
                26.3254088,
                48.6048596
              ],
              [
                26.3250083,
                48.6029589
              ],
              [
                26.3248083,
                48.6018589
              ],
              [
                26.3240368,
                48.6004335
              ],
              [
                26.3255089,
                48.5994589
              ],
              [
                26.3278828,
                48.5987994
              ],
              [
                26.3313995,
                48.5977992
              ],
              [
                26.333499,
                48.5967995
              ],
              [
                26.3349985,
                48.5962995
              ],
              [
                26.3385991,
                48.5964708
              ],
              [
                26.3409709,
                48.5976023
              ],
              [
                26.3422989,
                48.5958994
              ],
              [
                26.3434987,
                48.5950998
              ],
              [
                26.3442993,
                48.5943993
              ],
              [
                26.3446988,
                48.5933998
              ],
              [
                26.3446991,
                48.5923992
              ],
              [
                26.3442994,
                48.5915998
              ],
              [
                26.3432558,
                48.5907576
              ],
              [
                26.3422686,
                48.5901135
              ],
              [
                26.3419695,
                48.5887134
              ],
              [
                26.3417692,
                48.5879136
              ],
              [
                26.3418684,
                48.5872132
              ],
              [
                26.3423694,
                48.5862132
              ],
              [
                26.3435691,
                48.5853135
              ],
              [
                26.3449691,
                48.5847135
              ],
              [
                26.3461695,
                48.5846131
              ],
              [
                26.3471692,
                48.5847135
              ],
              [
                26.3483696,
                48.5848132
              ],
              [
                26.3496688,
                48.585213
              ],
              [
                26.3512535,
                48.5865111
              ],
              [
                26.3522384,
                48.5877632
              ],
              [
                26.3542472,
                48.5876543
              ],
              [
                26.3572133,
                48.5885928
              ],
              [
                26.3583135,
                48.5885927
              ],
              [
                26.3594139,
                48.5884934
              ],
              [
                26.3605127,
                48.5877932
              ],
              [
                26.3615141,
                48.5862933
              ],
              [
                26.362213,
                48.5842934
              ],
              [
                26.3613138,
                48.5827931
              ],
              [
                26.3602141,
                48.5816936
              ],
              [
                26.3585133,
                48.5802929
              ],
              [
                26.3569134,
                48.5792938
              ],
              [
                26.3532838,
                48.5777109
              ],
              [
                26.3498834,
                48.5770679
              ],
              [
                26.3428249,
                48.5750394
              ],
              [
                26.3404253,
                48.5735391
              ],
              [
                26.3390253,
                48.5723393
              ],
              [
                26.3379247,
                48.5713389
              ],
              [
                26.3370253,
                48.5701396
              ],
              [
                26.3366246,
                48.5689392
              ],
              [
                26.3367256,
                48.5680394
              ],
              [
                26.3381244,
                48.5664391
              ],
              [
                26.3394664,
                48.5646554
              ],
              [
                26.3416677,
                48.5635556
              ],
              [
                26.3446671,
                48.5624549
              ],
              [
                26.3474675,
                48.5613554
              ],
              [
                26.3492668,
                48.5608553
              ],
              [
                26.3536551,
                48.5603414
              ],
              [
                26.3558552,
                48.5605395
              ],
              [
                26.3573982,
                48.5606096
              ],
              [
                26.359198,
                48.5607391
              ],
              [
                26.3605841,
                48.5609949
              ],
              [
                26.3620275,
                48.5606391
              ],
              [
                26.3638551,
                48.5598415
              ],
              [
                26.3642112,
                48.5593549
              ],
              [
                26.365311,
                48.5582551
              ],
              [
                26.3659106,
                48.5571557
              ],
              [
                26.3662115,
                48.5561551
              ],
              [
                26.3664109,
                48.554955
              ],
              [
                26.3664112,
                48.5540554
              ],
              [
                26.3667971,
                48.5529125
              ],
              [
                26.3664401,
                48.551386
              ],
              [
                26.3655553,
                48.5505413
              ],
              [
                26.3643545,
                48.5495414
              ],
              [
                26.3622553,
                48.5481418
              ],
              [
                26.3613555,
                48.5476421
              ],
              [
                26.3604554,
                48.5470415
              ],
              [
                26.3590113,
                48.5459315
              ],
              [
                26.3584109,
                48.545331
              ],
              [
                26.3579113,
                48.5444319
              ],
              [
                26.3588555,
                48.5434894
              ],
              [
                26.359555,
                48.542789
              ],
              [
                26.3611549,
                48.5418898
              ],
              [
                26.3643547,
                48.5414891
              ],
              [
                26.3673547,
                48.5414458
              ],
              [
                26.3701918,
                48.5421564
              ],
              [
                26.3724543,
                48.5433819
              ],
              [
                26.3736537,
                48.5438816
              ],
              [
                26.3748546,
                48.5447813
              ],
              [
                26.3758537,
                48.5456818
              ],
              [
                26.376854,
                48.5469814
              ],
              [
                26.3777542,
                48.5484814
              ],
              [
                26.3783549,
                48.5502815
              ],
              [
                26.378755,
                48.5524815
              ],
              [
                26.3788541,
                48.5540813
              ],
              [
                26.3786536,
                48.5562813
              ],
              [
                26.3768548,
                48.5590813
              ],
              [
                26.3761538,
                48.5600812
              ],
              [
                26.3758544,
                48.5609815
              ],
              [
                26.3752964,
                48.5616242
              ],
              [
                26.3752958,
                48.5624518
              ],
              [
                26.3772676,
                48.563679
              ],
              [
                26.3792679,
                48.5644792
              ],
              [
                26.3808678,
                48.5646784
              ],
              [
                26.3827675,
                48.5645785
              ],
              [
                26.3866987,
                48.5628996
              ],
              [
                26.3884994,
                48.5618001
              ],
              [
                26.3914992,
                48.5591999
              ],
              [
                26.3929997,
                48.5580994
              ],
              [
                26.3953988,
                48.5560994
              ],
              [
                26.3972989,
                48.5539998
              ],
              [
                26.397983,
                48.5516561
              ],
              [
                26.3995756,
                48.5506711
              ],
              [
                26.4012413,
                48.5489157
              ],
              [
                26.4056996,
                48.5445995
              ],
              [
                26.4073988,
                48.5431999
              ],
              [
                26.4093987,
                48.5420994
              ],
              [
                26.4095832,
                48.5417967
              ],
              [
                26.4127827,
                48.5407961
              ],
              [
                26.4168833,
                48.5406965
              ],
              [
                26.4190836,
                48.541196
              ],
              [
                26.4213836,
                48.5420964
              ],
              [
                26.4236827,
                48.5434964
              ],
              [
                26.4259833,
                48.5449961
              ],
              [
                26.4283813,
                48.5471952
              ],
              [
                26.4324828,
                48.5474963
              ],
              [
                26.4347825,
                48.5476961
              ],
              [
                26.4355399,
                48.5471129
              ],
              [
                26.4368398,
                48.5466137
              ],
              [
                26.4378394,
                48.5459135
              ],
              [
                26.4386397,
                48.545213
              ],
              [
                26.4403833,
                48.5442965
              ],
              [
                26.4416836,
                48.5423962
              ],
              [
                26.4431125,
                48.5400575
              ],
              [
                26.4430401,
                48.5387553
              ],
              [
                26.4391129,
                48.5367804
              ],
              [
                26.4361695,
                48.5359374
              ],
              [
                26.435299,
                48.5345994
              ],
              [
                26.4312992,
                48.5346001
              ],
              [
                26.4290992,
                48.5347994
              ],
              [
                26.4260986,
                48.5350996
              ],
              [
                26.4221995,
                48.5355998
              ],
              [
                26.4179996,
                48.5364994
              ],
              [
                26.4154991,
                48.5368995
              ],
              [
                26.4121986,
                48.5370993
              ],
              [
                26.4104991,
                48.537
              ],
              [
                26.4072989,
                48.5369
              ],
              [
                26.403799,
                48.5366998
              ],
              [
                26.3976419,
                48.5362694
              ],
              [
                26.3933419,
                48.5351134
              ],
              [
                26.3900415,
                48.5341829
              ],
              [
                26.3865835,
                48.5325416
              ],
              [
                26.3852836,
                48.5316413
              ],
              [
                26.3841834,
                48.5306422
              ],
              [
                26.3792829,
                48.5247415
              ],
              [
                26.3769549,
                48.5218701
              ],
              [
                26.3741256,
                48.519227
              ],
              [
                26.3720535,
                48.5171553
              ],
              [
                26.3708105,
                48.5158133
              ],
              [
                26.3685108,
                48.5138133
              ],
              [
                26.3669836,
                48.5122556
              ],
              [
                26.3646841,
                48.5108559
              ],
              [
                26.3618835,
                48.5094558
              ],
              [
                26.3601838,
                48.5088557
              ],
              [
                26.3574833,
                48.5082556
              ],
              [
                26.3558069,
                48.5076005
              ],
              [
                26.3543334,
                48.5074995
              ],
              [
                26.3524992,
                48.5074998
              ],
              [
                26.3498985,
                48.5077997
              ],
              [
                26.3468994,
                48.5086998
              ],
              [
                26.3442997,
                48.5095998
              ],
              [
                26.3389977,
                48.5112436
              ],
              [
                26.3345407,
                48.5131747
              ],
              [
                26.3315251,
                48.5145713
              ],
              [
                26.3295108,
                48.5158832
              ],
              [
                26.3269106,
                48.5165826
              ],
              [
                26.3255111,
                48.5168825
              ],
              [
                26.3236108,
                48.5168826
              ],
              [
                26.3222108,
                48.5165832
              ],
              [
                26.3179114,
                48.5144826
              ],
              [
                26.3125979,
                48.511199
              ],
              [
                26.3110985,
                48.5104995
              ],
              [
                26.3091981,
                48.5096991
              ],
              [
                26.3071976,
                48.508999
              ],
              [
                26.3054984,
                48.5087991
              ],
              [
                26.3043974,
                48.508799
              ],
              [
                26.3018998,
                48.5094
              ],
              [
                26.3003411,
                48.5097017
              ],
              [
                26.2989969,
                48.5101455
              ],
              [
                26.296925,
                48.5116017
              ],
              [
                26.2957259,
                48.5125572
              ],
              [
                26.2928123,
                48.5167691
              ],
              [
                26.2892549,
                48.5223582
              ],
              [
                26.2833958,
                48.5305432
              ],
              [
                26.2807678,
                48.5355201
              ],
              [
                26.2764049,
                48.5389168
              ],
              [
                26.2674957,
                48.5400404
              ],
              [
                26.2597703,
                48.5391543
              ],
              [
                26.2541417,
                48.5381388
              ],
              [
                26.2482546,
                48.5365392
              ],
              [
                26.2412705,
                48.5342111
              ],
              [
                26.2216996,
                48.5291994
              ],
              [
                26.2129548,
                48.5275124
              ],
              [
                26.2033275,
                48.5269352
              ],
              [
                26.198551,
                48.5256218
              ],
              [
                26.1864095,
                48.5255385
              ],
              [
                26.1749994,
                48.5276994
              ],
              [
                26.1698987,
                48.5279993
              ],
              [
                26.1552121,
                48.535161
              ],
              [
                26.1502956,
                48.5398268
              ],
              [
                26.1473951,
                48.5451654
              ],
              [
                26.1460095,
                48.5495337
              ],
              [
                26.1443807,
                48.556953
              ],
              [
                26.1441389,
                48.5640393
              ],
              [
                26.1431092,
                48.5678358
              ],
              [
                26.1424092,
                48.5709603
              ],
              [
                26.1441957,
                48.5828402
              ],
              [
                26.1445096,
                48.586442
              ],
              [
                26.1455254,
                48.5919242
              ],
              [
                26.1453078,
                48.5969878
              ],
              [
                26.132112,
                48.6099455
              ],
              [
                26.1277696,
                48.6148445
              ],
              [
                26.1250988,
                48.6171311
              ],
              [
                26.1216255,
                48.619068
              ],
              [
                26.1173649,
                48.620095
              ],
              [
                26.1085738,
                48.6186504
              ],
              [
                26.102211,
                48.6149968
              ],
              [
                26.1008111,
                48.6137972
              ],
              [
                26.0991114,
                48.6117969
              ],
              [
                26.0978112,
                48.6093966
              ],
              [
                26.0968116,
                48.6063972
              ],
              [
                26.0960108,
                48.603197
              ],
              [
                26.0957107,
                48.6006966
              ],
              [
                26.0958106,
                48.5994968
              ],
              [
                26.0961109,
                48.5985968
              ],
              [
                26.0969111,
                48.5974968
              ],
              [
                26.1010396,
                48.5942244
              ],
              [
                26.1031404,
                48.592424
              ],
              [
                26.1040393,
                48.591324
              ],
              [
                26.10464,
                48.5902239
              ],
              [
                26.104897,
                48.5838142
              ],
              [
                26.1050974,
                48.5828142
              ],
              [
                26.1058976,
                48.5811141
              ],
              [
                26.1066975,
                48.5803149
              ],
              [
                26.1082977,
                48.5790144
              ],
              [
                26.1127964,
                48.5761142
              ],
              [
                26.1183977,
                48.5730146
              ],
              [
                26.1205974,
                48.5718147
              ],
              [
                26.1226969,
                48.5703148
              ],
              [
                26.1238243,
                48.5693073
              ],
              [
                26.1247243,
                48.568107
              ],
              [
                26.1254249,
                48.5667076
              ],
              [
                26.1264249,
                48.5644072
              ],
              [
                26.1270247,
                48.5622071
              ],
              [
                26.1271242,
                48.5601073
              ],
              [
                26.1271247,
                48.5572075
              ],
              [
                26.1268238,
                48.5555071
              ],
              [
                26.1263238,
                48.5536075
              ],
              [
                26.1255238,
                48.5518073
              ],
              [
                26.124525,
                48.5503078
              ],
              [
                26.1237243,
                48.5495076
              ],
              [
                26.1198954,
                48.5463665
              ],
              [
                26.1169105,
                48.5444075
              ],
              [
                26.1046073,
                48.5387191
              ],
              [
                26.0956733,
                48.5379336
              ],
              [
                26.0900802,
                48.5394124
              ],
              [
                26.0851511,
                48.5509502
              ],
              [
                26.0757713,
                48.5607802
              ],
              [
                26.057053,
                48.570835
              ],
              [
                26.0481129,
                48.5655552
              ],
              [
                26.0511193,
                48.5611383
              ],
              [
                26.0344308,
                48.5563449
              ],
              [
                26.0382521,
                48.5512686
              ],
              [
                26.0307362,
                48.5496368
              ],
              [
                26.0323818,
                48.5460288
              ],
              [
                26.0406572,
                48.5363809
              ],
              [
                26.049556,
                48.5346689
              ],
              [
                26.0407173,
                48.5283381
              ],
              [
                26.05067,
                48.4989794
              ],
              [
                26.0467901,
                48.4936837
              ],
              [
                26.0532838,
                48.478221
              ],
              [
                26.0469558,
                48.4726496
              ],
              [
                26.0678064,
                48.4547543
              ],
              [
                26.0680912,
                48.4437945
              ],
              [
                26.0604216,
                48.428343
              ],
              [
                26.0654604,
                48.4205567
              ],
              [
                26.0920542,
                48.406519
              ],
              [
                26.1354586,
                48.3917566
              ],
              [
                26.1614211,
                48.3734498
              ],
              [
                26.1669022,
                48.3545112
              ],
              [
                26.1908315,
                48.3170467
              ],
              [
                26.1920661,
                48.2999871
              ],
              [
                26.1934929,
                48.2862051
              ],
              [
                26.210123,
                48.2764234
              ],
              [
                26.2365528,
                48.2557435
              ],
              [
                26.2483961,
                48.2416406
              ],
              [
                26.2590801,
                48.2368064
              ],
              [
                26.2633354,
                48.2342775
              ],
              [
                26.2872035,
                48.235413
              ],
              [
                26.28986,
                48.226823
              ],
              [
                26.2788321,
                48.2169016
              ],
              [
                26.266376,
                48.209156
              ],
              [
                26.2638752,
                48.2086183
              ],
              [
                26.2614423,
                48.2069238
              ],
              [
                26.2573126,
                48.206885
              ],
              [
                26.2539815,
                48.2090478
              ],
              [
                26.2501869,
                48.2101501
              ],
              [
                26.2434371,
                48.2069408
              ],
              [
                26.2388083,
                48.2071336
              ],
              [
                26.2355153,
                48.2080924
              ],
              [
                26.2325381,
                48.2113915
              ],
              [
                26.228661,
                48.2136498
              ],
              [
                26.2248565,
                48.2160302
              ],
              [
                26.2203639,
                48.2161668
              ],
              [
                26.2172115,
                48.215429
              ],
              [
                26.2151882,
                48.2156494
              ],
              [
                26.2112831,
                48.2173936
              ],
              [
                26.2107573,
                48.2220792
              ],
              [
                26.208507,
                48.2248764
              ],
              [
                26.2051752,
                48.2253155
              ],
              [
                26.1997253,
                48.2259655
              ],
              [
                26.1986304,
                48.2233418
              ],
              [
                26.2029961,
                48.2201204
              ],
              [
                26.2021315,
                48.218227
              ],
              [
                26.1963285,
                48.2169592
              ],
              [
                26.1876282,
                48.2214503
              ],
              [
                26.1822115,
                48.2215572
              ],
              [
                26.1824078,
                48.2252906
              ],
              [
                26.185005,
                48.2313108
              ],
              [
                26.1817546,
                48.2348701
              ],
              [
                26.1717077,
                48.2356147
              ],
              [
                26.1675456,
                48.2347444
              ],
              [
                26.1621056,
                48.2315437
              ],
              [
                26.1575057,
                48.2317323
              ],
              [
                26.1553239,
                48.2385957
              ],
              [
                26.1513812,
                48.2401617
              ],
              [
                26.1273962,
                48.2360314
              ],
              [
                26.0997897,
                48.2118212
              ],
              [
                26.07488,
                48.1976324
              ],
              [
                26.0702954,
                48.1863482
              ],
              [
                26.0445217,
                48.1766461
              ],
              [
                26.0571501,
                48.1476962
              ],
              [
                26.0527877,
                48.1335343
              ],
              [
                26.0646358,
                48.1236682
              ],
              [
                26.0767079,
                48.1053242
              ],
              [
                26.0754995,
                48.092068
              ],
              [
                26.0959188,
                48.0791123
              ],
              [
                26.1105875,
                48.0581314
              ],
              [
                26.1102174,
                48.0381142
              ],
              [
                26.1349655,
                48.0182627
              ],
              [
                26.1399641,
                47.9848977
              ],
              [
                26.1497047,
                47.9740097
              ],
              [
                26.1566707,
                47.963886
              ],
              [
                26.1564173,
                47.9591567
              ],
              [
                26.168063,
                47.9511226
              ],
              [
                26.1897492,
                47.9349056
              ],
              [
                26.2160323,
                47.9231043
              ],
              [
                26.2347619,
                47.9065826
              ],
              [
                26.2374959,
                47.8988551
              ],
              [
                26.2196859,
                47.8931222
              ],
              [
                26.2081635,
                47.8856183
              ],
              [
                26.1998949,
                47.8816219
              ],
              [
                26.1953063,
                47.8911934
              ],
              [
                26.1851133,
                47.8934015
              ],
              [
                26.1843139,
                47.9005656
              ],
              [
                26.1934044,
                47.9090119
              ],
              [
                26.1894378,
                47.9143159
              ],
              [
                26.1844797,
                47.9209442
              ],
              [
                26.1682359,
                47.9190243
              ],
              [
                26.1642197,
                47.9285314
              ],
              [
                26.1508576,
                47.9231116
              ],
              [
                26.142338,
                47.9305096
              ],
              [
                26.1274217,
                47.9330288
              ],
              [
                26.1254933,
                47.9364771
              ],
              [
                26.1135154,
                47.9307564
              ],
              [
                26.1087558,
                47.9246489
              ],
              [
                26.1154117,
                47.8971735
              ],
              [
                26.119764,
                47.8896443
              ],
              [
                26.1243972,
                47.8861088
              ],
              [
                26.1300753,
                47.8716218
              ],
              [
                26.1463554,
                47.8503329
              ],
              [
                26.1657597,
                47.8300903
              ],
              [
                26.1859799,
                47.8170672
              ],
              [
                26.2222123,
                47.793723
              ],
              [
                26.2485653,
                47.7791408
              ],
              [
                26.276293,
                47.7571478
              ],
              [
                26.2716642,
                47.7156388
              ],
              [
                26.2715282,
                47.6750703
              ],
              [
                26.2962041,
                47.6448345
              ],
              [
                26.3075533,
                47.6363853
              ],
              [
                26.3188715,
                47.6268142
              ],
              [
                26.325033,
                47.6159217
              ],
              [
                26.3539548,
                47.6023115
              ],
              [
                26.3739988,
                47.5968169
              ],
              [
                26.3932732,
                47.5988945
              ],
              [
                26.418667,
                47.6037965
              ],
              [
                26.4335653,
                47.6002323
              ],
              [
                26.4556802,
                47.590274
              ],
              [
                26.4742035,
                47.579813
              ],
              [
                26.4765145,
                47.5720541
              ],
              [
                26.4915932,
                47.5657823
              ],
              [
                26.5041837,
                47.5583379
              ],
              [
                26.4624097,
                47.5539511
              ],
              [
                26.442775,
                47.5483623
              ],
              [
                26.4100931,
                47.5512457
              ],
              [
                26.3953768,
                47.5490007
              ],
              [
                26.381457,
                47.556658
              ],
              [
                26.3589633,
                47.5554334
              ],
              [
                26.3439236,
                47.5535163
              ],
              [
                26.3224819,
                47.5614714
              ],
              [
                26.3103099,
                47.5704829
              ],
              [
                26.2912028,
                47.5300465
              ],
              [
                26.2857881,
                47.5042591
              ],
              [
                26.2754145,
                47.510109
              ],
              [
                26.2570292,
                47.5261085
              ],
              [
                26.2517779,
                47.5411057
              ],
              [
                26.229567,
                47.5691753
              ],
              [
                26.2030678,
                47.5750489
              ],
              [
                26.172237,
                47.5672323
              ],
              [
                26.1471508,
                47.5564629
              ],
              [
                26.1126568,
                47.5344623
              ],
              [
                26.1181394,
                47.5150107
              ],
              [
                26.1493873,
                47.4912459
              ],
              [
                26.1680844,
                47.4638121
              ],
              [
                26.1491378,
                47.4563554
              ],
              [
                26.1160896,
                47.4689701
              ],
              [
                26.0879928,
                47.4832926
              ],
              [
                26.0453487,
                47.4638357
              ],
              [
                26.0302426,
                47.4761358
              ],
              [
                25.9936522,
                47.4707416
              ],
              [
                25.9219119,
                47.4673181
              ],
              [
                25.8947739,
                47.4645125
              ],
              [
                25.8639532,
                47.4661614
              ],
              [
                25.8353657,
                47.4494336
              ],
              [
                25.8292242,
                47.4264106
              ],
              [
                25.8355265,
                47.4171073
              ],
              [
                25.8354987,
                47.403715
              ],
              [
                25.852969,
                47.384929
              ],
              [
                25.8350486,
                47.3569725
              ],
              [
                25.8253444,
                47.3237919
              ],
              [
                25.7664304,
                47.3154743
              ],
              [
                25.7232903,
                47.3093042
              ],
              [
                25.6911678,
                47.330175
              ],
              [
                25.6742009,
                47.3475809
              ],
              [
                25.6745659,
                47.3811549
              ],
              [
                25.6652949,
                47.3869078
              ],
              [
                25.6478951,
                47.3861644
              ],
              [
                25.6286437,
                47.389001
              ],
              [
                25.6258199,
                47.404861
              ],
              [
                25.6391609,
                47.4197603
              ],
              [
                25.6338858,
                47.4346612
              ],
              [
                25.616127,
                47.4385577
              ],
              [
                25.6033042,
                47.4561779
              ],
              [
                25.5819618,
                47.4620217
              ],
              [
                25.5538873,
                47.4575783
              ],
              [
                25.5329933,
                47.4321386
              ],
              [
                25.5427317,
                47.4150429
              ],
              [
                25.5143039,
                47.4067318
              ],
              [
                25.5080776,
                47.3960512
              ],
              [
                25.5021489,
                47.3918768
              ],
              [
                25.4912026,
                47.3923559
              ],
              [
                25.482819,
                47.3915774
              ],
              [
                25.4848459,
                47.3857627
              ],
              [
                25.4768718,
                47.383529
              ],
              [
                25.4608519,
                47.380846
              ],
              [
                25.4505065,
                47.3737607
              ],
              [
                25.4329062,
                47.3458994
              ],
              [
                25.416554,
                47.3394945
              ],
              [
                25.4022501,
                47.3429058
              ],
              [
                25.3757851,
                47.313947
              ],
              [
                25.3741505,
                47.2891847
              ],
              [
                25.3694175,
                47.2875162
              ],
              [
                25.324413,
                47.2892205
              ],
              [
                25.2686389,
                47.2793537
              ],
              [
                25.2573159,
                47.2520497
              ],
              [
                25.20407,
                47.212968
              ],
              [
                25.3016923,
                47.1742492
              ],
              [
                25.3936702,
                47.1751453
              ],
              [
                25.4314811,
                47.1675517
              ],
              [
                25.4618251,
                47.1375359
              ],
              [
                25.4781691,
                47.1377667
              ],
              [
                25.4946848,
                47.126856
              ],
              [
                25.5023928,
                47.1236094
              ],
              [
                25.5116535,
                47.1191555
              ],
              [
                25.523978,
                47.1142054
              ],
              [
                25.5329792,
                47.1063501
              ],
              [
                25.535384,
                47.0977916
              ],
              [
                25.5372851,
                47.0846328
              ],
              [
                25.5625043,
                47.086237
              ],
              [
                25.5820844,
                47.086468
              ],
              [
                25.6082934,
                47.0817773
              ],
              [
                25.6218411,
                47.0997241
              ],
              [
                25.6253885,
                47.095138
              ],
              [
                25.6416827,
                47.0932535
              ],
              [
                25.6477293,
                47.091209
              ],
              [
                25.6533542,
                47.0868752
              ],
              [
                25.6632567,
                47.0919653
              ],
              [
                25.6672315,
                47.0887144
              ],
              [
                25.6786915,
                47.0899651
              ],
              [
                25.6918212,
                47.0854185
              ],
              [
                25.7067943,
                47.0794252
              ],
              [
                25.717117,
                47.075893
              ],
              [
                25.7224515,
                47.0767283
              ],
              [
                25.7345996,
                47.0743484
              ],
              [
                25.7419383,
                47.0680041
              ],
              [
                25.744857,
                47.0598335
              ],
              [
                25.7440899,
                47.0537941
              ],
              [
                25.745473,
                47.0520926
              ],
              [
                25.7500054,
                47.0474769
              ],
              [
                25.7599295,
                47.0429991
              ],
              [
                25.7708584,
                47.0356255
              ],
              [
                25.7745312,
                47.0288957
              ],
              [
                25.7749205,
                47.0268399
              ],
              [
                25.7713082,
                47.0212975
              ],
              [
                25.7707931,
                47.0176958
              ],
              [
                25.7748804,
                47.0124126
              ],
              [
                25.7828032,
                47.008163
              ],
              [
                25.7917222,
                46.9970512
              ],
              [
                25.7932389,
                46.9814332
              ],
              [
                25.7948396,
                46.9787056
              ],
              [
                25.8029396,
                46.9672163
              ],
              [
                25.8080452,
                46.9656562
              ],
              [
                25.8102519,
                46.9668118
              ],
              [
                25.8201004,
                46.9769131
              ],
              [
                25.8282936,
                46.9742774
              ],
              [
                25.8403868,
                46.9628869
              ],
              [
                25.8833081,
                46.95805
              ],
              [
                25.9286283,
                46.9258167
              ],
              [
                25.9568692,
                46.8961168
              ],
              [
                25.9930439,
                46.8518679
              ],
              [
                26.0204022,
                46.8137797
              ],
              [
                26.0395926,
                46.778125
              ],
              [
                26.0581404,
                46.7462014
              ],
              [
                26.0777097,
                46.7143732
              ],
              [
                26.1131067,
                46.6987008
              ],
              [
                26.1217389,
                46.6771149
              ],
              [
                26.1466982,
                46.6621183
              ],
              [
                26.1525139,
                46.6507577
              ],
              [
                26.1595269,
                46.6256741
              ],
              [
                26.164287,
                46.6044129
              ],
              [
                26.1301566,
                46.5708386
              ],
              [
                26.110216,
                46.555629
              ],
              [
                26.0784394,
                46.545012
              ],
              [
                26.0553111,
                46.5293395
              ],
              [
                26.0543395,
                46.5222287
              ],
              [
                26.0712182,
                46.523438
              ],
              [
                26.0821376,
                46.5149777
              ],
              [
                26.0755497,
                46.502992
              ],
              [
                26.0866885,
                46.4908296
              ],
              [
                26.1087311,
                46.4767399
              ],
              [
                26.1151032,
                46.4498527
              ],
              [
                26.1293295,
                46.4398108
              ],
              [
                26.1457908,
                46.4416642
              ],
              [
                26.1765456,
                46.4322731
              ],
              [
                26.2143803,
                46.4115312
              ],
              [
                26.240033,
                46.3850406
              ],
              [
                26.2931475,
                46.3674172
              ],
              [
                26.2892726,
                46.3538969
              ],
              [
                26.2922619,
                46.3459638
              ],
              [
                26.2923822,
                46.3365631
              ],
              [
                26.2945134,
                46.3318403
              ],
              [
                26.2898126,
                46.3237301
              ],
              [
                26.2820928,
                46.3154002
              ],
              [
                26.2801948,
                46.2995721
              ],
              [
                26.2724061,
                46.2941266
              ],
              [
                26.2713161,
                46.2846466
              ],
              [
                26.2659875,
                46.2813441
              ],
              [
                26.2568288,
                46.2785868
              ],
              [
                26.2548161,
                46.2671318
              ],
              [
                26.2562617,
                46.2627652
              ],
              [
                26.2627349,
                46.2574216
              ],
              [
                26.2604323,
                46.2501638
              ],
              [
                26.2633186,
                46.2479157
              ],
              [
                26.280572,
                46.2471658
              ],
              [
                26.2888043,
                46.2453805
              ],
              [
                26.3228226,
                46.2374216
              ],
              [
                26.3346497,
                46.2170745
              ],
              [
                26.3417218,
                46.2093918
              ],
              [
                26.3670867,
                46.2124808
              ],
              [
                26.4031275,
                46.2090487
              ],
              [
                26.4196234,
                46.1973789
              ],
              [
                26.4060358,
                46.1709797
              ],
              [
                26.4489185,
                46.1753
              ],
              [
                26.4590822,
                46.1541605
              ],
              [
                26.4930399,
                46.1465752
              ],
              [
                26.5037577,
                46.0979939
              ],
              [
                26.5097507,
                46.0710678
              ],
              [
                26.5070892,
                46.0456134
              ],
              [
                26.5036058,
                46.0144204
              ],
              [
                26.4718491,
                45.9980939
              ],
              [
                26.4716522,
                45.972441
              ],
              [
                26.4631019,
                45.9468869
              ],
              [
                26.4563006,
                45.9335659
              ],
              [
                26.4453073,
                45.8913442
              ],
              [
                26.4186403,
                45.8672728
              ],
              [
                26.4234758,
                45.8605031
              ],
              [
                26.4264695,
                45.8497917
              ],
              [
                26.4305927,
                45.8414176
              ],
              [
                26.4291046,
                45.8347631
              ],
              [
                26.4446904,
                45.8202125
              ],
              [
                26.4357327,
                45.7854155
              ],
              [
                26.4431659,
                45.7404049
              ],
              [
                26.4647208,
                45.7215254
              ],
              [
                26.4796802,
                45.6993942
              ],
              [
                26.5023413,
                45.6713413
              ],
              [
                26.4629998,
                45.6650975
              ],
              [
                26.427981,
                45.6569392
              ],
              [
                26.375796,
                45.6420594
              ],
              [
                26.3497036,
                45.6377387
              ],
              [
                26.3304775,
                45.6118075
              ],
              [
                26.3106694,
                45.6133172
              ],
              [
                26.2883183,
                45.5938525
              ],
              [
                26.2787937,
                45.5881906
              ],
              [
                26.2657655,
                45.5954124
              ],
              [
                26.2481253,
                45.6025067
              ],
              [
                26.2436903,
                45.618116
              ],
              [
                26.232226,
                45.6241655
              ],
              [
                26.2148662,
                45.621971
              ],
              [
                26.1841081,
                45.6026436
              ],
              [
                26.1721397,
                45.5628166
              ],
              [
                26.1485168,
                45.5324992
              ],
              [
                26.1403447,
                45.5239527
              ],
              [
                26.1265442,
                45.5204729
              ],
              [
                26.1080049,
                45.5156617
              ],
              [
                26.083494,
                45.5121182
              ],
              [
                26.0683567,
                45.5045659
              ],
              [
                26.0664906,
                45.4893677
              ],
              [
                26.044359,
                45.4787134
              ],
              [
                26.0411391,
                45.4787766
              ],
              [
                26.0313375,
                45.48564
              ],
              [
                26.0257141,
                45.4872322
              ],
              [
                26.017728,
                45.4915981
              ],
              [
                26.0137214,
                45.491484
              ],
              [
                26.0056061,
                45.5061554
              ],
              [
                26.0012551,
                45.509498
              ],
              [
                25.994667,
                45.5137909
              ],
              [
                25.9879491,
                45.5132464
              ],
              [
                25.9815486,
                45.5112963
              ],
              [
                25.9788651,
                45.5120998
              ],
              [
                25.9761424,
                45.5117644
              ],
              [
                25.97198,
                45.5104997
              ],
              [
                25.9685379,
                45.5076879
              ],
              [
                25.9660154,
                45.5086188
              ],
              [
                25.9615645,
                45.5106886
              ],
              [
                25.954782,
                45.510859
              ],
              [
                25.9495956,
                45.5121749
              ],
              [
                25.9467246,
                45.5139514
              ],
              [
                25.9427099,
                45.5132417
              ],
              [
                25.9377693,
                45.5136955
              ],
              [
                25.9338129,
                45.5150944
              ],
              [
                25.9295588,
                45.5151416
              ],
              [
                25.9237121,
                45.5162592
              ],
              [
                25.9198519,
                45.5141366
              ],
              [
                25.9161623,
                45.508012
              ],
              [
                25.9070355,
                45.5037023
              ],
              [
                25.8945475,
                45.4929601
              ],
              [
                25.8920816,
                45.4854733
              ],
              [
                25.895983,
                45.4804619
              ],
              [
                25.8963493,
                45.4768982
              ],
              [
                25.8877175,
                45.468283
              ],
              [
                25.8878751,
                45.4635733
              ],
              [
                25.8876493,
                45.4596432
              ],
              [
                25.8835658,
                45.4559905
              ],
              [
                25.8848374,
                45.4477316
              ],
              [
                25.8786072,
                45.440498
              ],
              [
                25.8761582,
                45.4375339
              ],
              [
                25.8719366,
                45.4370091
              ],
              [
                25.8687418,
                45.4358319
              ],
              [
                25.8670014,
                45.4238532
              ],
              [
                25.8618974,
                45.4212759
              ],
              [
                25.8559871,
                45.4260569
              ],
              [
                25.8412183,
                45.429124
              ],
              [
                25.8277237,
                45.4299334
              ],
              [
                25.8255321,
                45.4339363
              ],
              [
                25.8278665,
                45.4375792
              ],
              [
                25.8266314,
                45.4417046
              ],
              [
                25.8204335,
                45.4484268
              ],
              [
                25.8190591,
                45.4536316
              ],
              [
                25.8198701,
                45.4550196
              ],
              [
                25.8147088,
                45.4589138
              ],
              [
                25.8138378,
                45.4623388
              ],
              [
                25.8104772,
                45.4666188
              ],
              [
                25.8075027,
                45.4687503
              ],
              [
                25.7983177,
                45.471067
              ],
              [
                25.7884231,
                45.4792
              ],
              [
                25.7781511,
                45.4764687
              ],
              [
                25.7639669,
                45.4651153
              ],
              [
                25.7540216,
                45.4671082
              ],
              [
                25.7358176,
                45.4665323
              ],
              [
                25.7266399,
                45.4663033
              ],
              [
                25.7195262,
                45.4708242
              ],
              [
                25.7069099,
                45.4733091
              ],
              [
                25.6788116,
                45.516227
              ],
              [
                25.6718168,
                45.5312986
              ],
              [
                25.6525339,
                45.5297735
              ],
              [
                25.6498308,
                45.5280863
              ],
              [
                25.6581139,
                45.507928
              ],
              [
                25.6289282,
                45.490346
              ],
              [
                25.6110844,
                45.5009034
              ],
              [
                25.6062246,
                45.5120493
              ],
              [
                25.5605575,
                45.5183947
              ],
              [
                25.5294888,
                45.517515
              ],
              [
                25.5086223,
                45.5095159
              ],
              [
                25.5082412,
                45.4750924
              ],
              [
                25.4857824,
                45.4586451
              ],
              [
                25.4657066,
                45.4513065
              ],
              [
                25.4540009,
                45.4403666
              ],
              [
                25.4115656,
                45.423877
              ],
              [
                25.4089603,
                45.4166723
              ],
              [
                25.4079675,
                45.4015692
              ],
              [
                25.4108432,
                45.3943539
              ],
              [
                25.4035122,
                45.3867219
              ],
              [
                25.3757032,
                45.3888919
              ],
              [
                25.3649169,
                45.3910292
              ],
              [
                25.3383014,
                45.3832363
              ],
              [
                25.3235389,
                45.3831158
              ],
              [
                25.3087465,
                45.3895356
              ],
              [
                25.3126896,
                45.3980929
              ],
              [
                25.3067711,
                45.4048349
              ],
              [
                25.3077091,
                45.4136412
              ],
              [
                25.2990556,
                45.4233211
              ],
              [
                25.2862158,
                45.4166274
              ],
              [
                25.281023,
                45.4218824
              ],
              [
                25.2682609,
                45.4238925
              ],
              [
                25.2556893,
                45.4213773
              ],
              [
                25.2527289,
                45.4283699
              ],
              [
                25.2618566,
                45.4341865
              ],
              [
                25.2653476,
                45.4414259
              ],
              [
                25.2558723,
                45.4442981
              ],
              [
                25.2568365,
                45.4537068
              ],
              [
                25.2492552,
                45.4639489
              ],
              [
                25.2286792,
                45.4723881
              ],
              [
                25.2422379,
                45.4891087
              ],
              [
                25.2398682,
                45.4999462
              ],
              [
                25.2294314,
                45.5155328
              ],
              [
                25.2205503,
                45.5210742
              ],
              [
                25.2073414,
                45.5280233
              ],
              [
                25.1940636,
                45.5220919
              ],
              [
                25.1863019,
                45.5271651
              ],
              [
                25.1641638,
                45.5355528
              ],
              [
                25.1510226,
                45.5422529
              ],
              [
                25.1471249,
                45.5588829
              ],
              [
                25.1325766,
                45.5618769
              ],
              [
                25.1293875,
                45.5700281
              ],
              [
                25.1095741,
                45.5755764
              ],
              [
                25.1110563,
                45.5815388
              ],
              [
                25.10374,
                45.5854867
              ],
              [
                25.0905973,
                45.5828489
              ],
              [
                25.0787415,
                45.5826895
              ],
              [
                25.0659023,
                45.5849347
              ],
              [
                25.0515452,
                45.5852409
              ],
              [
                25.0348356,
                45.5932689
              ],
              [
                25.0214502,
                45.5875318
              ],
              [
                25.0054147,
                45.5851057
              ],
              [
                24.9967385,
                45.5880877
              ],
              [
                24.9874823,
                45.5891183
              ],
              [
                24.9678672,
                45.5930954
              ],
              [
                24.9512872,
                45.5921644
              ],
              [
                24.9357449,
                45.583162
              ],
              [
                24.9164557,
                45.5949192
              ],
              [
                24.8898316,
                45.5951498
              ],
              [
                24.8706351,
                45.5935275
              ],
              [
                24.8543655,
                45.5906583
              ],
              [
                24.8360227,
                45.5947699
              ],
              [
                24.830624,
                45.6039696
              ],
              [
                24.8115288,
                45.6094823
              ],
              [
                24.7992679,
                45.6055753
              ],
              [
                24.7878649,
                45.6042019
              ],
              [
                24.7680837,
                45.6091398
              ],
              [
                24.7370768,
                45.6035346
              ],
              [
                24.7273883,
                45.6073458
              ],
              [
                24.7129197,
                45.6036264
              ],
              [
                24.688669,
                45.6024194
              ],
              [
                24.6744929,
                45.5958645
              ],
              [
                24.6609774,
                45.5973168
              ],
              [
                24.6464158,
                45.6042399
              ],
              [
                24.6271556,
                45.6023145
              ],
              [
                24.6216264,
                45.5991089
              ],
              [
                24.6061673,
                45.5986188
              ],
              [
                24.6041513,
                45.5948503
              ],
              [
                24.5926192,
                45.5943701
              ],
              [
                24.5874109,
                45.5882092
              ],
              [
                24.5674483,
                45.5794407
              ],
              [
                24.563457,
                45.5822483
              ],
              [
                24.5525847,
                45.5875828
              ],
              [
                24.5238571,
                45.5814513
              ],
              [
                24.5058941,
                45.5844839
              ],
              [
                24.4963454,
                45.577915
              ],
              [
                24.4803174,
                45.5790396
              ],
              [
                24.4613485,
                45.5804936
              ],
              [
                24.4486287,
                45.5905245
              ],
              [
                24.4314013,
                45.5827145
              ],
              [
                24.3977092,
                45.5839819
              ],
              [
                24.3548827,
                45.5833172
              ],
              [
                24.3407384,
                45.5828249
              ],
              [
                24.3171353,
                45.5727363
              ],
              [
                24.3074038,
                45.5662819
              ],
              [
                24.2920222,
                45.5712002
              ],
              [
                24.2722222,
                45.560165
              ],
              [
                24.2654027,
                45.5505413
              ],
              [
                24.2577516,
                45.543466
              ],
              [
                24.2472863,
                45.5448946
              ],
              [
                24.2274552,
                45.5459209
              ],
              [
                24.220105,
                45.53803
              ],
              [
                24.2146155,
                45.5308337
              ],
              [
                24.2059237,
                45.5238934
              ],
              [
                24.1880019,
                45.5219744
              ],
              [
                24.1712552,
                45.5224324
              ],
              [
                24.1484206,
                45.5243863
              ],
              [
                24.1299166,
                45.5209405
              ],
              [
                24.1219619,
                45.5225903
              ],
              [
                24.1168122,
                45.5200044
              ],
              [
                24.114117,
                45.5137797
              ],
              [
                24.1041156,
                45.5114708
              ],
              [
                24.0798678,
                45.5126481
              ],
              [
                24.0734173,
                45.5146017
              ],
              [
                24.0538137,
                45.5192903
              ],
              [
                24.0459629,
                45.5200904
              ],
              [
                24.0356618,
                45.5036762
              ],
              [
                24.0105993,
                45.4882744
              ],
              [
                23.974894,
                45.4808126
              ],
              [
                23.952735,
                45.4753019
              ],
              [
                23.9230525,
                45.4772017
              ],
              [
                23.8887204,
                45.4764795
              ],
              [
                23.8574782,
                45.4685346
              ],
              [
                23.8269226,
                45.4598662
              ],
              [
                23.8059017,
                45.4443854
              ],
              [
                23.7846941,
                45.4295161
              ],
              [
                23.7455555,
                45.4186729
              ],
              [
                23.7122534,
                45.42542
              ],
              [
                23.7067602,
                45.4398755
              ],
              [
                23.7073152,
                45.4517532
              ],
              [
                23.7303811,
                45.4907517
              ],
              [
                23.6847877,
                45.4991042
              ],
              [
                23.6560892,
                45.5073585
              ],
              [
                23.6277964,
                45.4988636
              ],
              [
                23.5914851,
                45.4913682
              ],
              [
                23.599617,
                45.4679002
              ],
              [
                23.5991166,
                45.451109
              ],
              [
                23.5895308,
                45.4481684
              ],
              [
                23.5759631,
                45.4269046
              ],
              [
                23.5906503,
                45.4205329
              ],
              [
                23.5915537,
                45.4047596
              ],
              [
                23.6024098,
                45.3864297
              ],
              [
                23.5860169,
                45.3548067
              ],
              [
                23.5628319,
                45.345272
              ],
              [
                23.5335902,
                45.3308824
              ],
              [
                23.5154968,
                45.3287304
              ],
              [
                23.4826675,
                45.3137402
              ],
              [
                23.4722571,
                45.3019542
              ],
              [
                23.4451256,
                45.2969882
              ],
              [
                23.4370474,
                45.3027606
              ],
              [
                23.424055,
                45.3059096
              ],
              [
                23.4095673,
                45.3109834
              ],
              [
                23.3824528,
                45.3300516
              ],
              [
                23.3477531,
                45.3294455
              ],
              [
                23.3308535,
                45.3133417
              ],
              [
                23.3272375,
                45.3077612
              ],
              [
                23.3218571,
                45.3045965
              ],
              [
                23.3125767,
                45.3006262
              ],
              [
                23.2986809,
                45.3039724
              ],
              [
                23.2874912,
                45.3064658
              ],
              [
                23.274182,
                45.30392
              ],
              [
                23.2576524,
                45.3028806
              ],
              [
                23.2248663,
                45.2913817
              ],
              [
                23.207942,
                45.2767518
              ],
              [
                23.1900924,
                45.2832803
              ],
              [
                23.1634221,
                45.2693575
              ],
              [
                23.1416692,
                45.2802133
              ],
              [
                23.1077118,
                45.2883964
              ],
              [
                23.0880623,
                45.286182
              ],
              [
                23.0342766,
                45.2721183
              ],
              [
                22.9847336,
                45.2936486
              ],
              [
                22.9756356,
                45.2878519
              ],
              [
                22.9586711,
                45.2713339
              ],
              [
                22.9267126,
                45.2777063
              ],
              [
                22.9164131,
                45.2780686
              ],
              [
                22.8954706,
                45.2735992
              ],
              [
                22.87058,
                45.2620012
              ],
              [
                22.8515257,
                45.2708207
              ],
              [
                22.8455177,
                45.2722704
              ],
              [
                22.8257768,
                45.2825377
              ],
              [
                22.8151339,
                45.2733576
              ],
              [
                22.8046627,
                45.2702167
              ],
              [
                22.7826903,
                45.2647801
              ],
              [
                22.7726817,
                45.2695857
              ],
              [
                22.7607178,
                45.2686462
              ],
              [
                22.7538515,
                45.264176
              ],
              [
                22.7427468,
                45.2661189
              ],
              [
                22.7358272,
                45.2554762
              ],
              [
                22.7158765,
                45.2582873
              ],
              [
                22.6796995,
                45.255802
              ],
              [
                22.669009,
                45.2363211
              ],
              [
                22.6452211,
                45.226795
              ],
              [
                22.6100444,
                45.2041144
              ],
              [
                22.5858311,
                45.1928774
              ],
              [
                22.5827505,
                45.1875274
              ],
              [
                22.5581911,
                45.1565989
              ],
              [
                22.5719193,
                45.141969
              ],
              [
                22.6050982,
                45.1382937
              ],
              [
                22.6507556,
                45.1281197
              ],
              [
                22.6609322,
                45.1117339
              ],
              [
                22.6272245,
                45.0780297
              ],
              [
                22.6001481,
                45.052911
              ],
              [
                22.5944802,
                45.045793
              ],
              [
                22.5885805,
                45.0428249
              ],
              [
                22.5770603,
                45.043411
              ],
              [
                22.5692237,
                45.0383181
              ],
              [
                22.5502373,
                45.0131019
              ],
              [
                22.5295361,
                44.996677
              ],
              [
                22.5197149,
                44.9800061
              ],
              [
                22.5180642,
                44.9733109
              ],
              [
                22.5179648,
                44.9678342
              ],
              [
                22.5137748,
                44.9584728
              ],
              [
                22.5010845,
                44.9550217
              ],
              [
                22.4938192,
                44.946083
              ],
              [
                22.4978411,
                44.9331555
              ],
              [
                22.490585,
                44.911013
              ],
              [
                22.4811322,
                44.9040678
              ],
              [
                22.4910623,
                44.8985893
              ],
              [
                22.4879015,
                44.8824649
              ],
              [
                22.4752243,
                44.8812088
              ],
              [
                22.4722575,
                44.86906
              ],
              [
                22.4675149,
                44.8595129
              ],
              [
                22.4582715,
                44.8542913
              ],
              [
                22.4609801,
                44.8463514
              ],
              [
                22.4521959,
                44.8314998
              ],
              [
                22.4444275,
                44.8183626
              ],
              [
                22.4235106,
                44.8017212
              ],
              [
                22.4121445,
                44.7923575
              ],
              [
                22.393121,
                44.7770351
              ],
              [
                22.4021784,
                44.7527324
              ],
              [
                22.4139386,
                44.7367844
              ],
              [
                22.4188858,
                44.7273077
              ],
              [
                22.4444309,
                44.7283684
              ],
              [
                22.4538039,
                44.7217927
              ],
              [
                22.472058,
                44.71405
              ],
              [
                22.419637,
                44.7083518
              ],
              [
                22.4057996,
                44.688953
              ],
              [
                22.3879303,
                44.6788532
              ],
              [
                22.3636694,
                44.6765175
              ],
              [
                22.3203431,
                44.6731227
              ],
              [
                22.3031024,
                44.6576985
              ],
              [
                22.3014609,
                44.6389998
              ],
              [
                22.2759357,
                44.6257692
              ],
              [
                22.2738393,
                44.6132622
              ],
              [
                22.2482313,
                44.5771328
              ],
              [
                22.2282488,
                44.5559327
              ],
              [
                22.2105189,
                44.5268013
              ],
              [
                22.1881696,
                44.4917663
              ],
              [
                22.1810562,
                44.4796825
              ],
              [
                22.1612827,
                44.4757605
              ],
              [
                22.1225764,
                44.4758897
              ],
              [
                22.0820273,
                44.5038663
              ],
              [
                22.071487,
                44.5243796
              ],
              [
                22.0580261,
                44.533213
              ],
              [
                22.0342676,
                44.5505093
              ],
              [
                22.0294455,
                44.5767523
              ],
              [
                22.0250719,
                44.5943866
              ],
              [
                22.0059159,
                44.6083485
              ],
              [
                21.9931924,
                44.6335065
              ],
              [
                21.9858754,
                44.6340864
              ],
              [
                21.9768613,
                44.6335366
              ],
              [
                21.9219089,
                44.6413079
              ],
              [
                21.8694618,
                44.650596
              ],
              [
                21.8437499,
                44.6546851
              ],
              [
                21.8161427,
                44.6509705
              ],
              [
                21.7977056,
                44.6582095
              ],
              [
                21.7749406,
                44.6612035
              ],
              [
                21.7505127,
                44.6568613
              ],
              [
                21.7177036,
                44.654819
              ],
              [
                21.6755494,
                44.6689717
              ],
              [
                21.6393997,
                44.6599461
              ],
              [
                21.621629,
                44.6692772
              ],
              [
                21.6131606,
                44.68663
              ],
              [
                21.6152899,
                44.7098527
              ],
              [
                21.6037782,
                44.7422828
              ],
              [
                21.582335,
                44.761439
              ],
              [
                21.5487357,
                44.7710072
              ],
              [
                21.5005604,
                44.7754925
              ],
              [
                21.4842311,
                44.7743149
              ],
              [
                21.4093467,
                44.7759648
              ],
              [
                21.3901356,
                44.7926263
              ],
              [
                21.3670231,
                44.8203201
              ],
              [
                21.3046908,
                44.8075522
              ],
              [
                21.2072385,
                44.7746002
              ],
              [
                21.1820521,
                44.7608361
              ],
              [
                21.1710923,
                44.7494601
              ],
              [
                21.1425502,
                44.7359432
              ],
              [
                21.1202914,
                44.7333889
              ],
              [
                21.0972792,
                44.7295789
              ],
              [
                21.0613712,
                44.7167301
              ],
              [
                21.0217614,
                44.721557
              ],
              [
                20.9912989,
                44.717597
              ],
              [
                20.9654539,
                44.7020546
              ],
              [
                20.946343,
                44.6882121
              ],
              [
                20.9217295,
                44.6709183
              ],
              [
                20.9101532,
                44.6665691
              ],
              [
                20.8595457,
                44.6604676
              ],
              [
                20.8388403,
                44.6581368
              ],
              [
                20.7917118,
                44.6583405
              ],
              [
                20.7722472,
                44.6594762
              ],
              [
                20.7503377,
                44.6685768
              ],
              [
                20.7331913,
                44.675613
              ],
              [
                20.7123681,
                44.6888373
              ],
              [
                20.6780588,
                44.7300724
              ],
              [
                20.6608574,
                44.7401555
              ],
              [
                20.6478365,
                44.7463564
              ],
              [
                20.6359225,
                44.7520296
              ],
              [
                20.6285908,
                44.7606588
              ],
              [
                20.6239061,
                44.7702339
              ],
              [
                20.6240189,
                44.7862284
              ],
              [
                20.6335903,
                44.7998266
              ],
              [
                20.6136869,
                44.8194481
              ],
              [
                20.6199087,
                44.8272419
              ],
              [
                20.6167227,
                44.8303192
              ],
              [
                20.6065602,
                44.8278513
              ],
              [
                20.5980209,
                44.8267551
              ],
              [
                20.5910974,
                44.8316184
              ],
              [
                20.584803,
                44.8459393
              ],
              [
                20.5609141,
                44.8457498
              ],
              [
                20.513769,
                44.837585
              ],
              [
                20.47938,
                44.8290502
              ],
              [
                20.4553922,
                44.8298133
              ],
              [
                20.4437741,
                44.8067683
              ],
              [
                20.4250158,
                44.7976709
              ],
              [
                20.4113835,
                44.79586
              ],
              [
                20.3876847,
                44.7925654
              ],
              [
                20.3694307,
                44.7841259
              ],
              [
                20.3525725,
                44.7691687
              ],
              [
                20.3371186,
                44.7528001
              ],
              [
                20.3071352,
                44.7344548
              ],
              [
                20.3069835,
                44.7198496
              ],
              [
                20.3074129,
                44.7080275
              ],
              [
                20.3073679,
                44.6896126
              ],
              [
                20.2921445,
                44.6699431
              ],
              [
                20.2705775,
                44.6608284
              ],
              [
                20.2448172,
                44.6659785
              ],
              [
                20.2283928,
                44.679081
              ],
              [
                20.2282602,
                44.6889736
              ],
              [
                20.2340904,
                44.6954176
              ],
              [
                20.242751,
                44.7046589
              ],
              [
                20.24061,
                44.709724
              ],
              [
                20.2332829,
                44.7140343
              ],
              [
                20.2219214,
                44.7136352
              ],
              [
                20.2122496,
                44.7080711
              ],
              [
                20.2046565,
                44.6935937
              ],
              [
                20.1962304,
                44.6814431
              ],
              [
                20.1832232,
                44.6729454
              ],
              [
                20.1672148,
                44.6716539
              ],
              [
                20.1583317,
                44.6802973
              ],
              [
                20.1606319,
                44.7034704
              ],
              [
                20.1496107,
                44.7132098
              ],
              [
                20.1308088,
                44.7150049
              ],
              [
                20.1022181,
                44.6965717
              ],
              [
                20.0719683,
                44.6907898
              ],
              [
                20.0458783,
                44.6851222
              ],
              [
                20.0273034,
                44.6745266
              ],
              [
                20.0005816,
                44.6589265
              ],
              [
                19.9854082,
                44.6414467
              ],
              [
                19.9661495,
                44.6300627
              ],
              [
                19.9497022,
                44.6299912
              ],
              [
                19.925537,
                44.6368974
              ],
              [
                19.9198336,
                44.6503303
              ],
              [
                19.9297184,
                44.6574636
              ],
              [
                19.9508567,
                44.6605473
              ],
              [
                19.9827844,
                44.6681122
              ],
              [
                20.0012012,
                44.6834524
              ],
              [
                19.996426,
                44.6922474
              ],
              [
                19.9723606,
                44.6907894
              ],
              [
                19.9561083,
                44.6912556
              ],
              [
                19.9408678,
                44.6884308
              ],
              [
                19.9206076,
                44.6929321
              ],
              [
                19.8758999,
                44.6972229
              ],
              [
                19.8503766,
                44.7226935
              ],
              [
                19.8050841,
                44.7465808
              ],
              [
                19.7602046,
                44.749767
              ],
              [
                19.7377033,
                44.7497469
              ],
              [
                19.7188357,
                44.7551963
              ],
              [
                19.6939952,
                44.7752132
              ],
              [
                19.6913396,
                44.7989639
              ],
              [
                19.6905214,
                44.8195666
              ],
              [
                19.6970734,
                44.8411837
              ],
              [
                19.7089369,
                44.8585611
              ],
              [
                19.714617,
                44.8693712
              ],
              [
                19.7265689,
                44.8868582
              ],
              [
                19.7174303,
                44.9006725
              ],
              [
                19.6972773,
                44.9060243
              ],
              [
                19.6764008,
                44.912337
              ],
              [
                19.6604347,
                44.9202875
              ],
              [
                19.6292738,
                44.9415691
              ],
              [
                19.590788,
                44.9515252
              ],
              [
                19.5669587,
                44.9602118
              ],
              [
                19.5542167,
                44.9623941
              ],
              [
                19.5298116,
                44.9708638
              ],
              [
                19.4670439,
                44.9770938
              ],
              [
                19.4487126,
                44.9586565
              ],
              [
                19.4319312,
                44.9602746
              ],
              [
                19.408747,
                44.9522346
              ],
              [
                19.3945089,
                44.9325241
              ],
              [
                19.4008265,
                44.9199661
              ],
              [
                19.3853502,
                44.9122817
              ],
              [
                19.3422318,
                44.9216558
              ],
              [
                19.3225225,
                44.9210339
              ],
              [
                19.3198989,
                44.9162499
              ],
              [
                19.3222866,
                44.9083498
              ],
              [
                19.357532,
                44.89924
              ],
              [
                19.3529426,
                44.8897908
              ],
              [
                19.3704851,
                44.8773356
              ],
              [
                19.3585225,
                44.867916
              ],
              [
                19.3674968,
                44.8537107
              ],
              [
                19.3475457,
                44.8580292
              ],
              [
                19.3468139,
                44.8397965
              ],
              [
                19.3566109,
                44.8350521
              ],
              [
                19.3515929,
                44.82624
              ],
              [
                19.3351052,
                44.8282737
              ],
              [
                19.3331936,
                44.8187825
              ],
              [
                19.3183786,
                44.8225114
              ],
              [
                19.3250693,
                44.8136974
              ],
              [
                19.3119269,
                44.8108156
              ],
              [
                19.3119335,
                44.802468
              ],
              [
                19.3180351,
                44.7980365
              ],
              [
                19.3149287,
                44.7933734
              ],
              [
                19.3057141,
                44.7952175
              ],
              [
                19.2959171,
                44.7833466
              ],
              [
                19.3139968,
                44.7804206
              ],
              [
                19.3176767,
                44.7852334
              ],
              [
                19.325801,
                44.7829438
              ],
              [
                19.3229187,
                44.7745266
              ],
              [
                19.3026078,
                44.7723214
              ],
              [
                19.3058981,
                44.7651555
              ],
              [
                19.3233966,
                44.7641783
              ],
              [
                19.3235796,
                44.7582206
              ],
              [
                19.3152722,
                44.7551857
              ],
              [
                19.3174867,
                44.751106
              ],
              [
                19.3305651,
                44.7485676
              ],
              [
                19.3223362,
                44.7400182
              ],
              [
                19.3107321,
                44.7411002
              ],
              [
                19.3009351,
                44.7281995
              ],
              [
                19.3124825,
                44.7229154
              ],
              [
                19.3121808,
                44.7165907
              ],
              [
                19.3003527,
                44.7140437
              ],
              [
                19.3026227,
                44.7091191
              ],
              [
                19.3071628,
                44.7089493
              ],
              [
                19.3097913,
                44.7060623
              ],
              [
                19.2997553,
                44.6951922
              ],
              [
                19.305968,
                44.6904359
              ],
              [
                19.3021448,
                44.6869534
              ],
              [
                19.2953347,
                44.6877178
              ],
              [
                19.2909141,
                44.6923045
              ],
              [
                19.2862545,
                44.6878877
              ],
              [
                19.2916309,
                44.6827061
              ],
              [
                19.2869714,
                44.6792231
              ],
              [
                19.2794444,
                44.677439
              ],
              [
                19.2777717,
                44.6677532
              ],
              [
                19.2826702,
                44.6618049
              ],
              [
                19.2772938,
                44.6571308
              ],
              [
                19.2726789,
                44.656966
              ],
              [
                19.2628372,
                44.6600203
              ],
              [
                19.2579046,
                44.6558695
              ],
              [
                19.2651073,
                44.6507565
              ],
              [
                19.266302,
                44.6464216
              ],
              [
                19.2578192,
                44.6346901
              ],
              [
                19.2504117,
                44.6339249
              ],
              [
                19.2381057,
                44.6234665
              ],
              [
                19.2226933,
                44.6197248
              ],
              [
                19.2150355,
                44.6200635
              ],
              [
                19.2150468,
                44.6163231
              ],
              [
                19.2235296,
                44.6147072
              ],
              [
                19.2278308,
                44.6109649
              ],
              [
                19.2194674,
                44.5933561
              ],
              [
                19.2144494,
                44.5917395
              ],
              [
                19.206803,
                44.5776142
              ],
              [
                19.1860142,
                44.5753164
              ],
              [
                19.1823104,
                44.5619532
              ],
              [
                19.1915101,
                44.5550576
              ],
              [
                19.1890011,
                44.5464582
              ],
              [
                19.1684284,
                44.5247226
              ],
              [
                19.1434807,
                44.5262746
              ],
              [
                19.1300994,
                44.5220155
              ],
              [
                19.1223335,
                44.5013973
              ],
              [
                19.1332058,
                44.4902332
              ],
              [
                19.1344497,
                44.4803949
              ],
              [
                19.1400159,
                44.471309
              ],
              [
                19.1369095,
                44.456131
              ],
              [
                19.1443171,
                44.4505022
              ],
              [
                19.1487377,
                44.4342099
              ],
              [
                19.1467066,
                44.4133046
              ],
              [
                19.1431117,
                44.4118402
              ],
              [
                19.1198245,
                44.403404
              ],
              [
                19.1077574,
                44.3960628
              ],
              [
                19.104651,
                44.3795844
              ],
              [
                19.1035758,
                44.3685678
              ],
              [
                19.1069211,
                44.366945
              ],
              [
                19.1108638,
                44.3689094
              ],
              [
                19.1191076,
                44.3676283
              ],
              [
                19.1192271,
                44.3641264
              ],
              [
                19.1097885,
                44.3595993
              ],
              [
                19.1138507,
                44.3442214
              ],
              [
                19.1330863,
                44.34012
              ],
              [
                19.1369095,
                44.3390091
              ],
              [
                19.1365511,
                44.3350782
              ],
              [
                19.1293826,
                44.330207
              ],
              [
                19.1300994,
                44.3188392
              ],
              [
                19.1379605,
                44.3113871
              ],
              [
                19.1489766,
                44.3091791
              ],
              [
                19.1557867,
                44.3037071
              ],
              [
                19.1611632,
                44.2958404
              ],
              [
                19.1614021,
                44.287716
              ],
              [
                19.1764561,
                44.279676
              ],
              [
                19.1866115,
                44.2821565
              ],
              [
                19.1976033,
                44.2902817
              ],
              [
                19.2089536,
                44.2911369
              ],
              [
                19.2167195,
                44.2876304
              ],
              [
                19.2228128,
                44.2688117
              ],
              [
                19.2396589,
                44.2612825
              ],
              [
                19.2624788,
                44.2665017
              ],
              [
                19.2796833,
                44.2767676
              ],
              [
                19.2904362,
                44.2712927
              ],
              [
                19.29868,
                44.2690683
              ],
              [
                19.3146898,
                44.2730037
              ],
              [
                19.3230531,
                44.2721482
              ],
              [
                19.3269704,
                44.2690462
              ],
              [
                19.3298632,
                44.2505004
              ],
              [
                19.3405866,
                44.2406595
              ],
              [
                19.3462314,
                44.2401443
              ],
              [
                19.3440809,
                44.2185703
              ],
              [
                19.3581758,
                44.2067981
              ],
              [
                19.3610464,
                44.1831103
              ],
              [
                19.3820742,
                44.1791689
              ],
              [
                19.4083589,
                44.169743
              ],
              [
                19.4195897,
                44.1426563
              ],
              [
                19.4487418,
                44.1315095
              ],
              [
                19.4597336,
                44.146943
              ],
              [
                19.4721591,
                44.1502007
              ],
              [
                19.4848235,
                44.144371
              ],
              [
                19.4714422,
                44.1294514
              ],
              [
                19.4745486,
                44.116415
              ],
              [
                19.4931869,
                44.1159003
              ],
              [
                19.5106304,
                44.0812368
              ],
              [
                19.5455173,
                44.0754003
              ],
              [
                19.5588986,
                44.0699066
              ],
              [
                19.5682178,
                44.05119
              ],
              [
                19.5765811,
                44.0455224
              ],
              [
                19.5830328,
                44.0498161
              ],
              [
                19.582077,
                44.0680181
              ],
              [
                19.5894845,
                44.0724819
              ],
              [
                19.5990426,
                44.0705934
              ],
              [
                19.6033437,
                44.0517052
              ],
              [
                19.6112291,
                44.0496444
              ],
              [
                19.6183977,
                44.0537661
              ],
              [
                19.6246104,
                44.0496444
              ],
              [
                19.6138576,
                44.0352161
              ],
              [
                19.6234157,
                44.0209562
              ],
              [
                19.6192191,
                44.0126865
              ],
              [
                19.5990426,
                44.0108176
              ],
              [
                19.5892455,
                44.0039429
              ],
              [
                19.5623485,
                43.9982492
              ],
              [
                19.5701294,
                43.9872686
              ],
              [
                19.5448005,
                43.9754046
              ],
              [
                19.5360099,
                43.9554579
              ],
              [
                19.4846194,
                43.9559525
              ],
              [
                19.4247122,
                43.9580127
              ],
              [
                19.4036844,
                43.9683324
              ],
              [
                19.3931845,
                43.9617708
              ],
              [
                19.3769218,
                43.9614528
              ],
              [
                19.3578057,
                43.9717718
              ],
              [
                19.3554161,
                43.9827769
              ],
              [
                19.3348663,
                43.9803697
              ],
              [
                19.3042804,
                43.9972179
              ],
              [
                19.2689155,
                43.9996244
              ],
              [
                19.2380161,
                44.0156293
              ],
              [
                19.2364181,
                43.9862155
              ],
              [
                19.2560121,
                43.9648927
              ],
              [
                19.2512331,
                43.9511319
              ],
              [
                19.2670039,
                43.9463149
              ],
              [
                19.2942445,
                43.9211913
              ],
              [
                19.3157501,
                43.8829694
              ],
              [
                19.3325371,
                43.8767718
              ],
              [
                19.3420348,
                43.856096
              ],
              [
                19.3754881,
                43.8343817
              ],
              [
                19.3718292,
                43.8235432
              ],
              [
                19.3920949,
                43.8104534
              ],
              [
                19.3931705,
                43.7981737
              ],
              [
                19.4199332,
                43.7961041
              ],
              [
                19.4323587,
                43.7785088
              ],
              [
                19.4634224,
                43.7643598
              ],
              [
                19.4868397,
                43.73398
              ],
              [
                19.5170759,
                43.7117904
              ],
              [
                19.5140802,
                43.6952925
              ],
              [
                19.5288952,
                43.6669518
              ],
              [
                19.5269836,
                43.6496644
              ],
              [
                19.5126465,
                43.6458605
              ],
              [
                19.5116984,
                43.6346406
              ],
              [
                19.5106559,
                43.6312107
              ],
              [
                19.4963978,
                43.6385978
              ],
              [
                19.4882734,
                43.6320261
              ],
              [
                19.5006989,
                43.6164585
              ],
              [
                19.4920966,
                43.5998487
              ],
              [
                19.5126465,
                43.5853114
              ],
              [
                19.4811049,
                43.5693855
              ],
              [
                19.429307,
                43.5807528
              ],
              [
                19.412451,
                43.5704459
              ],
              [
                19.4036098,
                43.570619
              ],
              [
                19.3965159,
                43.592494
              ],
              [
                19.366479,
                43.608264
              ],
              [
                19.3363,
                43.587648
              ],
              [
                19.3043402,
                43.5898979
              ],
              [
                19.2908991,
                43.6000218
              ],
              [
                19.2885693,
                43.5958686
              ],
              [
                19.2716154,
                43.596618
              ],
              [
                19.2622249,
                43.5895518
              ],
              [
                19.2483657,
                43.5931862
              ],
              [
                19.2540408,
                43.5748389
              ],
              [
                19.2466333,
                43.5482599
              ],
              [
                19.2506955,
                43.5298989
              ],
              [
                19.226442,
                43.527993
              ],
              [
                19.1971702,
                43.5357022
              ],
              [
                19.1786633,
                43.5329843
              ],
              [
                19.1527947,
                43.5366092
              ],
              [
                19.1245775,
                43.5203536
              ],
              [
                19.0514593,
                43.5019934
              ],
              [
                19.0426584,
                43.5035632
              ],
              [
                19.0396372,
                43.5201615
              ],
              [
                19.0434361,
                43.5247619
              ],
              [
                19.0289295,
                43.5356647
              ],
              [
                19.0223039,
                43.5452891
              ],
              [
                19.0135797,
                43.5415571
              ],
              [
                19.0052769,
                43.5583484
              ],
              [
                18.9885317,
                43.5553113
              ],
              [
                18.9797091,
                43.536157
              ],
              [
                18.9859218,
                43.5313064
              ],
              [
                18.9813439,
                43.529392
              ],
              [
                18.9788205,
                43.5266203
              ],
              [
                18.966296,
                43.5249626
              ],
              [
                18.953654,
                43.5226153
              ],
              [
                18.942791,
                43.5152796
              ],
              [
                18.9273786,
                43.5113806
              ],
              [
                18.9239104,
                43.5048706
              ],
              [
                18.9121149,
                43.5031863
              ],
              [
                18.9215755,
                43.4903861
              ],
              [
                18.9297562,
                43.4929047
              ],
              [
                18.9356073,
                43.4918748
              ],
              [
                18.9364714,
                43.5025241
              ],
              [
                18.9501556,
                43.5036953
              ],
              [
                18.9515127,
                43.4951752
              ],
              [
                18.9507624,
                43.4933523
              ],
              [
                18.9555173,
                43.4924445
              ],
              [
                18.9596312,
                43.485159
              ],
              [
                18.9570086,
                43.4764512
              ],
              [
                18.9619071,
                43.4700351
              ],
              [
                18.9610708,
                43.4602363
              ],
              [
                18.9561723,
                43.4568541
              ],
              [
                18.9561723,
                43.4526911
              ],
              [
                18.9689562,
                43.453038
              ],
              [
                18.9783948,
                43.4556399
              ],
              [
                18.9877545,
                43.4514314
              ],
              [
                18.9892671,
                43.4456653
              ],
              [
                18.9930904,
                43.4480941
              ],
              [
                18.9979889,
                43.4449714
              ],
              [
                18.9993031,
                43.4389858
              ],
              [
                19.005038,
                43.446793
              ],
              [
                19.0110118,
                43.4452316
              ],
              [
                19.0104144,
                43.4412413
              ],
              [
                19.0100559,
                43.437858
              ],
              [
                19.0186582,
                43.4307437
              ],
              [
                19.0203309,
                43.4244096
              ],
              [
                19.0187777,
                43.4168599
              ],
              [
                19.0215854,
                43.4125639
              ],
              [
                19.0205101,
                43.4084846
              ],
              [
                19.0266034,
                43.4030162
              ],
              [
                19.0357433,
                43.397721
              ],
              [
                19.0429118,
                43.396332
              ],
              [
                19.0432703,
                43.3922516
              ],
              [
                19.0411794,
                43.3876066
              ],
              [
                19.0435092,
                43.3853925
              ],
              [
                19.0415379,
                43.380443
              ],
              [
                19.0354917,
                43.3786625
              ],
              [
                19.0404028,
                43.3746247
              ],
              [
                19.0402834,
                43.3652013
              ],
              [
                19.0536049,
                43.3555159
              ],
              [
                19.0616696,
                43.3521278
              ],
              [
                19.0619085,
                43.3443953
              ],
              [
                19.0710869,
                43.3398536
              ],
              [
                19.0752898,
                43.3355755
              ],
              [
                19.0749314,
                43.327754
              ],
              [
                19.0834142,
                43.3191057
              ],
              [
                19.0796507,
                43.3073698
              ],
              [
                19.0772014,
                43.3050223
              ],
              [
                19.0775001,
                43.3024574
              ],
              [
                19.0806065,
                43.2999794
              ],
              [
                19.0616098,
                43.2939794
              ],
              [
                19.0478701,
                43.2920663
              ],
              [
                19.0427924,
                43.2893269
              ],
              [
                19.037242,
                43.2904876
              ],
              [
                19.0352056,
                43.2877615
              ],
              [
                19.0335927,
                43.2808036
              ],
              [
                19.0257073,
                43.2739753
              ],
              [
                19.0238554,
                43.2659719
              ],
              [
                19.0199127,
                43.2634923
              ],
              [
                19.0200322,
                43.2595335
              ],
              [
                19.0090404,
                43.2506144
              ],
              [
                19.0006173,
                43.2526594
              ],
              [
                18.984966,
                43.2627528
              ],
              [
                18.9866984,
                43.2736274
              ],
              [
                18.9823375,
                43.2807166
              ],
              [
                18.9726002,
                43.2842391
              ],
              [
                18.9616682,
                43.2879789
              ],
              [
                18.9556346,
                43.2878049
              ],
              [
                18.948944,
                43.3016314
              ],
              [
                18.9519906,
                43.3113255
              ],
              [
                18.9596371,
                43.3171064
              ],
              [
                18.9611305,
                43.3241036
              ],
              [
                18.9582034,
                43.3308393
              ],
              [
                18.9486453,
                43.3302744
              ],
              [
                18.931013,
                43.3448915
              ],
              [
                18.9235554,
                43.3511287
              ],
              [
                18.9144154,
                43.3597725
              ],
              [
                18.9098754,
                43.3606411
              ],
              [
                18.8974792,
                43.3545619
              ],
              [
                18.8789908,
                43.3565584
              ],
              [
                18.8717323,
                43.3538425
              ],
              [
                18.8632797,
                43.3541694
              ],
              [
                18.8608305,
                43.3520409
              ],
              [
                18.8486439,
                43.349478
              ],
              [
                18.8390777,
                43.3483612
              ],
              [
                18.8392053,
                43.3441346
              ],
              [
                18.8498387,
                43.336488
              ],
              [
                18.8536022,
                43.3243209
              ],
              [
                18.837422,
                43.3205582
              ],
              [
                18.8296472,
                43.3140204
              ],
              [
                18.8199697,
                43.3147593
              ],
              [
                18.80623,
                43.3069785
              ],
              [
                18.7882488,
                43.3040225
              ],
              [
                18.7695508,
                43.2942403
              ],
              [
                18.7329315,
                43.2808905
              ],
              [
                18.6884489,
                43.2549936
              ],
              [
                18.6942212,
                43.2506579
              ],
              [
                18.7058104,
                43.2362976
              ],
              [
                18.7173996,
                43.2319454
              ],
              [
                18.6872319,
                43.2215857
              ],
              [
                18.6820944,
                43.2106147
              ],
              [
                18.6678171,
                43.2039093
              ],
              [
                18.659394,
                43.1782563
              ],
              [
                18.648223,
                43.1472754
              ],
              [
                18.6523449,
                43.1274847
              ],
              [
                18.6584979,
                43.0727437
              ],
              [
                18.6602901,
                43.0373869
              ],
              [
                18.6528826,
                43.0379108
              ],
              [
                18.6450353,
                43.0354699
              ],
              [
                18.6229538,
                43.029658
              ],
              [
                18.613575,
                43.029003
              ],
              [
                18.591989,
                43.033085
              ],
              [
                18.5592134,
                43.0323654
              ],
              [
                18.5356766,
                43.0334571
              ],
              [
                18.535378,
                43.0279113
              ],
              [
                18.5183526,
                43.0200502
              ],
              [
                18.5107062,
                42.9993883
              ],
              [
                18.4984001,
                42.995893
              ],
              [
                18.4928445,
                42.9781076
              ],
              [
                18.4860941,
                42.9638143
              ],
              [
                18.4842422,
                42.9433084
              ],
              [
                18.4863331,
                42.9387604
              ],
              [
                18.482928,
                42.9283947
              ],
              [
                18.4949951,
                42.9154462
              ],
              [
                18.5046129,
                42.8926046
              ],
              [
                18.5096465,
                42.886888
              ],
              [
                18.48932,
                42.8802614
              ],
              [
                18.4913511,
                42.877022
              ],
              [
                18.4912913,
                42.8646757
              ],
              [
                18.486811,
                42.8616982
              ],
              [
                18.4824501,
                42.86091
              ],
              [
                18.479284,
                42.8628367
              ],
              [
                18.476775,
                42.8619171
              ],
              [
                18.4691883,
                42.8542538
              ],
              [
                18.4662014,
                42.8425161
              ],
              [
                18.4657235,
                42.8382673
              ],
              [
                18.4768347,
                42.8317401
              ],
              [
                18.4633937,
                42.8279724
              ],
              [
                18.4582562,
                42.8255189
              ],
              [
                18.4648871,
                42.8135128
              ],
              [
                18.4668585,
                42.8131622
              ],
              [
                18.4679338,
                42.8070268
              ],
              [
                18.4667988,
                42.8060188
              ],
              [
                18.4710999,
                42.8017674
              ],
              [
                18.4676948,
                42.7940966
              ],
              [
                18.4651261,
                42.7917733
              ],
              [
                18.4675753,
                42.7886608
              ],
              [
                18.4711596,
                42.7875209
              ],
              [
                18.4701441,
                42.7838821
              ],
              [
                18.472892,
                42.7761214
              ],
              [
                18.4771377,
                42.7751677
              ],
              [
                18.4777905,
                42.7716925
              ],
              [
                18.4731907,
                42.7569566
              ],
              [
                18.4756791,
                42.754443
              ],
              [
                18.4975041,
                42.7481836
              ],
              [
                18.501626,
                42.7431386
              ],
              [
                18.499117,
                42.7358993
              ],
              [
                18.513932,
                42.7348462
              ],
              [
                18.5197209,
                42.7285577
              ],
              [
                18.5279107,
                42.7239197
              ],
              [
                18.5344221,
                42.7227348
              ],
              [
                18.5429647,
                42.7227348
              ],
              [
                18.556346,
                42.7220326
              ],
              [
                18.5704441,
                42.719926
              ],
              [
                18.5613042,
                42.7100943
              ],
              [
                18.5609458,
                42.7018853
              ],
              [
                18.5553304,
                42.6985049
              ],
              [
                18.5518059,
                42.6902505
              ],
              [
                18.5462503,
                42.6918312
              ],
              [
                18.5506969,
                42.6757668
              ],
              [
                18.5489385,
                42.671762
              ],
              [
                18.556346,
                42.6657883
              ],
              [
                18.5642314,
                42.6619665
              ],
              [
                18.5645898,
                42.6562115
              ],
              [
                18.5688312,
                42.6562994
              ],
              [
                18.5715792,
                42.6511151
              ],
              [
                18.5746855,
                42.6428983
              ],
              [
                18.5642314,
                42.6436454
              ],
              [
                18.5516267,
                42.6412724
              ],
              [
                18.5436218,
                42.6380205
              ],
              [
                18.5377077,
                42.6370097
              ],
              [
                18.5366598,
                42.6344741
              ],
              [
                18.5286873,
                42.6310766
              ],
              [
                18.5201448,
                42.6183295
              ],
              [
                18.5308131,
                42.6110272
              ],
              [
                18.5340637,
                42.6026778
              ],
              [
                18.5498943,
                42.5934432
              ],
              [
                18.5549123,
                42.5801606
              ],
              [
                18.5978027,
                42.5906723
              ],
              [
                18.5997479,
                42.6052782
              ],
              [
                18.6318449,
                42.6141546
              ],
              [
                18.6448781,
                42.6141546
              ],
              [
                18.649998,
                42.59673
              ],
              [
                18.678837,
                42.57575
              ],
              [
                18.7018394,
                42.5679118
              ],
              [
                18.7293051,
                42.5613375
              ],
              [
                18.7485311,
                42.5600731
              ],
              [
                18.7784,
                42.5534979
              ],
              [
                18.7972826,
                42.5446455
              ],
              [
                18.8017458,
                42.5443926
              ],
              [
                18.8044924,
                42.5327561
              ],
              [
                18.8068956,
                42.5061865
              ],
              [
                18.8232039,
                42.4827705
              ],
              [
                18.8311003,
                42.4637782
              ],
              [
                18.8300703,
                42.4445267
              ],
              [
                18.8273237,
                42.4082876
              ],
              [
                18.8074111,
                42.3864833
              ],
              [
                18.7953949,
                42.3824259
              ],
              [
                18.8183974,
                42.3732957
              ],
              [
                18.8341902,
                42.3532553
              ],
              [
                18.8451764,
                42.3354927
              ],
              [
                18.8595959,
                42.3263557
              ],
              [
                18.884315,
                42.3210251
              ],
              [
                18.9090341,
                42.3207713
              ],
              [
                18.9368431,
                42.3068081
              ],
              [
                18.9423366,
                42.2809052
              ],
              [
                18.9553829,
                42.2539745
              ],
              [
                18.9958949,
                42.2071996
              ],
              [
                19.0168376,
                42.1821456
              ],
              [
                19.0068811,
                42.1696784
              ],
              [
                19.00195,
                42.159049
              ],
              [
                19.000313,
                42.1588604
              ],
              [
                18.999848,
                42.161078
              ],
              [
                18.994802,
                42.163642
              ],
              [
                18.988048,
                42.163723
              ],
              [
                18.981619,
                42.16706
              ],
              [
                18.968028,
                42.188707
              ],
              [
                18.953461,
                42.199856
              ],
              [
                18.913341,
                42.222235
              ],
              [
                18.901703,
                42.237494
              ],
              [
                18.894705,
                42.270494
              ],
              [
                18.885997,
                42.284369
              ],
              [
                18.871593,
                42.290473
              ],
              [
                18.854015,
                42.290473
              ],
              [
                18.838878,
                42.285712
              ],
              [
                18.831391,
                42.277533
              ],
              [
                18.826508,
                42.282213
              ],
              [
                18.820486,
                42.286689
              ],
              [
                18.817638,
                42.291164
              ],
              [
                18.801524,
                42.284369
              ],
              [
                18.793956,
                42.280341
              ],
              [
                18.788748,
                42.276028
              ],
              [
                18.786388,
                42.274115
              ],
              [
                18.778575,
                42.27147
              ],
              [
                18.771983,
                42.276923
              ],
              [
                18.762462,
                42.291164
              ],
              [
                18.729503,
                42.311591
              ],
              [
                18.714529,
                42.325263
              ],
              [
                18.714122,
                42.338935
              ],
              [
                18.708344,
                42.342475
              ],
              [
                18.699718,
                42.34984
              ],
              [
                18.693614,
                42.353217
              ],
              [
                18.693614,
                42.359442
              ],
              [
                18.695811,
                42.373765
              ],
              [
                18.678477,
                42.385972
              ],
              [
                18.658539,
                42.386623
              ],
              [
                18.653168,
                42.366278
              ],
              [
                18.646495,
                42.366278
              ],
              [
                18.638438,
                42.370307
              ],
              [
                18.61671,
                42.368069
              ],
              [
                18.612315,
                42.36994
              ],
              [
                18.607107,
                42.37641
              ],
              [
                18.5949,
                42.383734
              ],
              [
                18.580903,
                42.389838
              ],
              [
                18.570649,
                42.392971
              ],
              [
                18.573009,
                42.39643
              ],
              [
                18.57309,
                42.397528
              ],
              [
                18.574067,
                42.398261
              ],
              [
                18.578136,
                42.400377
              ],
              [
                18.552989,
                42.413642
              ],
              [
                18.545177,
                42.42357
              ],
              [
                18.550141,
                42.435126
              ],
              [
                18.562836,
                42.438544
              ],
              [
                18.644949,
                42.418362
              ],
              [
                18.656505,
                42.415513
              ],
              [
                18.685557,
                42.403998
              ],
              [
                18.70045,
                42.392971
              ],
              [
                18.708181,
                42.408515
              ],
              [
                18.706554,
                42.421047
              ],
              [
                18.683849,
                42.458808
              ],
              [
                18.683279,
                42.468085
              ],
              [
                18.687348,
                42.482896
              ],
              [
                18.654145,
                42.451809
              ],
              [
                18.608653,
                42.44538
              ],
              [
                18.502452,
                42.455634
              ],
              [
                18.502452,
                42.448188
              ],
              [
                18.521251,
                42.437974
              ],
              [
                18.51295,
                42.409003
              ],
              [
                18.529796,
                42.400377
              ],
              [
                18.510265,
                42.40526
              ],
              [
                18.49643,
                42.416327
              ],
              [
                18.474457,
                42.441352
              ],
              [
                18.460948,
                42.447943
              ],
              [
                18.427582,
                42.455268
              ],
              [
                18.413097,
                42.461859
              ],
              [
                18.411876,
                42.47602
              ],
              [
                18.238943,
                42.559068
              ],
              [
                18.220551,
                42.579169
              ],
              [
                18.220876,
                42.588324
              ],
              [
                18.223155,
                42.602118
              ],
              [
                18.223481,
                42.614691
              ],
              [
                18.21754,
                42.620103
              ],
              [
                18.166026,
                42.626939
              ],
              [
                18.124848,
                42.644599
              ],
              [
                18.108653,
                42.647406
              ],
              [
                18.091645,
                42.648261
              ],
              [
                18.07602,
                42.651313
              ],
              [
                18.063975,
                42.65762
              ],
              [
                18.057384,
                42.667914
              ],
              [
                18.077322,
                42.667914
              ],
              [
                18.055919,
                42.68301
              ],
              [
                18.047862,
                42.690619
              ],
              [
                18.043224,
                42.702053
              ],
              [
                18.028331,
                42.691311
              ],
              [
                18.003266,
                42.70067
              ],
              [
                17.961192,
                42.729397
              ],
              [
                17.901622,
                42.751899
              ],
              [
                17.880707,
                42.768744
              ],
              [
                17.892833,
                42.790839
              ],
              [
                17.865082,
                42.789944
              ],
              [
                17.834972,
                42.807196
              ],
              [
                17.806651,
                42.811916
              ],
              [
                17.800059,
                42.810981
              ],
              [
                17.792328,
                42.808539
              ],
              [
                17.785655,
                42.805162
              ],
              [
                17.780121,
                42.796942
              ],
              [
                17.773774,
                42.79857
              ],
              [
                17.767751,
                42.802314
              ],
              [
                17.765391,
                42.804429
              ],
              [
                17.7588,
                42.807603
              ],
              [
                17.735118,
                42.821967
              ],
              [
                17.720958,
                42.826239
              ],
              [
                17.739594,
                42.813056
              ],
              [
                17.748709,
                42.803412
              ],
              [
                17.761892,
                42.778713
              ],
              [
                17.761892,
                42.774319
              ],
              [
                17.755138,
                42.770941
              ],
              [
                17.748709,
                42.77204
              ],
              [
                17.748709,
                42.778144
              ],
              [
                17.750255,
                42.785712
              ],
              [
                17.748871,
                42.790839
              ],
              [
                17.72877,
                42.800767
              ],
              [
                17.678559,
                42.81623
              ],
              [
                17.633474,
                42.822943
              ],
              [
                17.580089,
                42.841254
              ],
              [
                17.525238,
                42.848619
              ],
              [
                17.44044,
                42.873358
              ],
              [
                17.442719,
                42.898627
              ],
              [
                17.417247,
                42.9112
              ],
              [
                17.350922,
                42.92178
              ],
              [
                17.271332,
                42.963365
              ],
              [
                17.237478,
                42.971381
              ],
              [
                17.221528,
                42.979804
              ],
              [
                17.213878,
                42.982611
              ],
              [
                17.201915,
                42.98432
              ],
              [
                17.095388,
                42.984442
              ],
              [
                17.062511,
                42.990058
              ],
              [
                17.046153,
                42.995063
              ],
              [
                17.027517,
                43.003567
              ],
              [
                17.017914,
                43.013821
              ],
              [
                17.028168,
                43.024156
              ],
              [
                17.028168,
                43.030992
              ],
              [
                17.018809,
                43.034084
              ],
              [
                17.01295,
                43.039211
              ],
              [
                17.008067,
                43.045315
              ],
              [
                17.001638,
                43.0515
              ],
              [
                17.023123,
                43.048651
              ],
              [
                17.055675,
                43.028957
              ],
              [
                17.073253,
                43.024156
              ],
              [
                17.158702,
                43.030992
              ],
              [
                17.240245,
                43.022773
              ],
              [
                17.390473,
                42.977729
              ],
              [
                17.425792,
                42.960883
              ],
              [
                17.454112,
                42.942288
              ],
              [
                17.45574,
                42.938422
              ],
              [
                17.455903,
                42.932929
              ],
              [
                17.456798,
                42.926988
              ],
              [
                17.460216,
                42.92178
              ],
              [
                17.464854,
                42.920722
              ],
              [
                17.476573,
                42.922431
              ],
              [
                17.481456,
                42.92178
              ],
              [
                17.499278,
                42.911851
              ],
              [
                17.50766,
                42.909084
              ],
              [
                17.518891,
                42.908149
              ],
              [
                17.522634,
                42.910224
              ],
              [
                17.522146,
                42.919623
              ],
              [
                17.526134,
                42.92178
              ],
              [
                17.532074,
                42.9206
              ],
              [
                17.541515,
                42.915473
              ],
              [
                17.54656,
                42.914293
              ],
              [
                17.55893,
                42.912828
              ],
              [
                17.568126,
                42.909084
              ],
              [
                17.583751,
                42.900702
              ],
              [
                17.622895,
                42.891303
              ],
              [
                17.641612,
                42.884467
              ],
              [
                17.65268,
                42.873358
              ],
              [
                17.658946,
                42.873358
              ],
              [
                17.673676,
                42.875067
              ],
              [
                17.715994,
                42.844184
              ],
              [
                17.741466,
                42.83926
              ],
              [
                17.710948,
                42.856635
              ],
              [
                17.701915,
                42.868476
              ],
              [
                17.713634,
                42.880805
              ],
              [
                17.707367,
                42.88703
              ],
              [
                17.678722,
                42.879381
              ],
              [
                17.653331,
                42.890937
              ],
              [
                17.652843,
                42.891181
              ],
              [
                17.556488,
                42.93476
              ],
              [
                17.573985,
                42.934272
              ],
              [
                17.601085,
                42.925238
              ],
              [
                17.617931,
                42.92178
              ],
              [
                17.603038,
                42.932563
              ],
              [
                17.580658,
                42.942084
              ],
              [
                17.580089,
                42.942328
              ],
              [
                17.549653,
                42.955308
              ],
              [
                17.534516,
                42.950629
              ],
              [
                17.515636,
                42.958889
              ],
              [
                17.498546,
                42.972154
              ],
              [
                17.488292,
                42.982611
              ],
              [
                17.47462,
                43.001166
              ],
              [
                17.470876,
                43.013414
              ],
              [
                17.479177,
                43.022406
              ],
              [
                17.501964,
                43.030992
              ],
              [
                17.487966,
                43.03498
              ],
              [
                17.47169,
                43.030463
              ],
              [
                17.45338,
                43.022773
              ],
              [
                17.433604,
                43.017401
              ],
              [
                17.440684,
                43.019965
              ],
              [
                17.460216,
                43.030992
              ],
              [
                17.45045,
                43.031155
              ],
              [
                17.440684,
                43.032294
              ],
              [
                17.432302,
                43.0362
              ],
              [
                17.426117,
                43.044623
              ],
              [
                17.433604,
                43.0515
              ],
              [
                17.427419,
                43.060858
              ],
              [
                17.426117,
                43.065172
              ],
              [
                17.404552,
                43.0515
              ],
              [
                17.37086,
                43.073879
              ],
              [
                17.316254,
                43.127265
              ],
              [
                17.172374,
                43.18183
              ],
              [
                17.138031,
                43.202338
              ],
              [
                17.121349,
                43.208808
              ],
              [
                17.113943,
                43.213202
              ],
              [
                17.107758,
                43.226386
              ],
              [
                17.100271,
                43.231676
              ],
              [
                17.09018,
                43.235175
              ],
              [
                17.080089,
                43.236518
              ],
              [
                17.073497,
                43.238959
              ],
              [
                17.066661,
                43.244859
              ],
              [
                17.056326,
                43.256985
              ],
              [
                17.054454,
                43.261217
              ],
              [
                17.051117,
                43.274237
              ],
              [
                17.04949,
                43.278022
              ],
              [
                17.045095,
                43.279771
              ],
              [
                17.0324,
                43.282375
              ],
              [
                17.028168,
                43.284247
              ],
              [
                16.93393,
                43.373603
              ],
              [
                16.906016,
                43.387274
              ],
              [
                16.895763,
                43.394599
              ],
              [
                16.88852,
                43.40119
              ],
              [
                16.880626,
                43.405951
              ],
              [
                16.752452,
                43.419501
              ],
              [
                16.693858,
                43.4383
              ],
              [
                16.625824,
                43.449042
              ],
              [
                16.534841,
                43.497138
              ],
              [
                16.533458,
                43.499701
              ],
              [
                16.532563,
                43.50434
              ],
              [
                16.53004,
                43.508775
              ],
              [
                16.524669,
                43.51081
              ],
              [
                16.518565,
                43.509711
              ],
              [
                16.509532,
                43.505072
              ],
              [
                16.504405,
                43.503974
              ],
              [
                16.466563,
                43.51081
              ],
              [
                16.391449,
                43.51081
              ],
              [
                16.391449,
                43.517646
              ],
              [
                16.411388,
                43.517808
              ],
              [
                16.434255,
                43.521877
              ],
              [
                16.455903,
                43.528957
              ],
              [
                16.473399,
                43.538153
              ],
              [
                16.456798,
                43.545885
              ],
              [
                16.433849,
                43.54975
              ],
              [
                16.336762,
                43.551174
              ],
              [
                16.324962,
                43.548529
              ],
              [
                16.306326,
                43.539944
              ],
              [
                16.299327,
                43.538153
              ],
              [
                16.281098,
                43.536038
              ],
              [
                16.239594,
                43.526557
              ],
              [
                16.117686,
                43.524482
              ],
              [
                16.117686,
                43.517646
              ],
              [
                16.150727,
                43.511379
              ],
              [
                16.164887,
                43.504096
              ],
              [
                16.172374,
                43.489691
              ],
              [
                16.11085,
                43.489691
              ],
              [
                16.113129,
                43.478909
              ],
              [
                16.098481,
                43.480048
              ],
              [
                16.066173,
                43.489691
              ],
              [
                16.039561,
                43.49079
              ],
              [
                16.028331,
                43.49494
              ],
              [
                16.014008,
                43.503974
              ],
              [
                16.007823,
                43.503974
              ],
              [
                16.007823,
                43.497138
              ],
              [
                15.995779,
                43.503363
              ],
              [
                15.973481,
                43.503119
              ],
              [
                15.966319,
                43.51081
              ],
              [
                15.965505,
                43.509101
              ],
              [
                15.965587,
                43.506171
              ],
              [
                15.964366,
                43.503892
              ],
              [
                15.959483,
                43.503974
              ],
              [
                15.961274,
                43.515041
              ],
              [
                15.966563,
                43.516913
              ],
              [
                15.974376,
                43.51675
              ],
              [
                15.983653,
                43.521064
              ],
              [
                15.98699,
                43.527289
              ],
              [
                15.984223,
                43.53205
              ],
              [
                15.98227,
                43.537299
              ],
              [
                15.987315,
                43.544908
              ],
              [
                15.970958,
                43.543524
              ],
              [
                15.965099,
                43.541938
              ],
              [
                15.959483,
                43.538153
              ],
              [
                15.956228,
                43.547919
              ],
              [
                15.94809,
                43.552883
              ],
              [
                15.925304,
                43.55858
              ],
              [
                15.941905,
                43.560004
              ],
              [
                15.944184,
                43.566718
              ],
              [
                15.935395,
                43.572943
              ],
              [
                15.917979,
                43.572903
              ],
              [
                15.917979,
                43.579088
              ],
              [
                15.922618,
                43.581122
              ],
              [
                15.927582,
                43.584296
              ],
              [
                15.93214,
                43.586575
              ],
              [
                15.92213,
                43.591986
              ],
              [
                15.917979,
                43.593329
              ],
              [
                15.925304,
                43.599555
              ],
              [
                15.917979,
                43.606391
              ],
              [
                15.925304,
                43.613837
              ],
              [
                15.918956,
                43.62873
              ],
              [
                15.929535,
                43.634223
              ],
              [
                15.966319,
                43.633734
              ],
              [
                15.966319,
                43.641181
              ],
              [
                15.921397,
                43.648139
              ],
              [
                15.904796,
                43.648017
              ],
              [
                15.916759,
                43.653632
              ],
              [
                15.926606,
                43.653022
              ],
              [
                15.934825,
                43.649848
              ],
              [
                15.942393,
                43.648017
              ],
              [
                15.952973,
                43.650865
              ],
              [
                15.951427,
                43.657416
              ],
              [
                15.942638,
                43.664293
              ],
              [
                15.93214,
                43.668443
              ],
              [
                15.945974,
                43.672309
              ],
              [
                15.952403,
                43.679755
              ],
              [
                15.95045,
                43.688544
              ],
              [
                15.938975,
                43.696438
              ],
              [
                15.939708,
                43.677639
              ],
              [
                15.931163,
                43.6765
              ],
              [
                15.906749,
                43.691474
              ],
              [
                15.892914,
                43.700507
              ],
              [
                15.885997,
                43.700344
              ],
              [
                15.876801,
                43.701646
              ],
              [
                15.870779,
                43.703192
              ],
              [
                15.864513,
                43.708157
              ],
              [
                15.850759,
                43.723944
              ],
              [
                15.844005,
                43.729926
              ],
              [
                15.803477,
                43.746405
              ],
              [
                15.792166,
                43.754462
              ],
              [
                15.771007,
                43.759955
              ],
              [
                15.706309,
                43.763414
              ],
              [
                15.692638,
                43.774604
              ],
              [
                15.68214,
                43.797187
              ],
              [
                15.658458,
                43.80508
              ],
              [
                15.632986,
                43.810452
              ],
              [
                15.617442,
                43.825507
              ],
              [
                15.647309,
                43.815863
              ],
              [
                15.663097,
                43.812974
              ],
              [
                15.678884,
                43.811835
              ],
              [
                15.678884,
                43.819281
              ],
              [
                15.673025,
                43.821234
              ],
              [
                15.668956,
                43.82099
              ],
              [
                15.666759,
                43.819973
              ],
              [
                15.665782,
                43.819281
              ],
              [
                15.638845,
                43.836127
              ],
              [
                15.574067,
                43.859524
              ],
              [
                15.546886,
                43.876573
              ],
              [
                15.545177,
                43.877631
              ],
              [
                15.524913,
                43.900458
              ],
              [
                15.512218,
                43.911078
              ],
              [
                15.497732,
                43.915513
              ],
              [
                15.482432,
                43.917141
              ],
              [
                15.473643,
                43.919135
              ],
              [
                15.466075,
                43.921698
              ],
              [
                15.455089,
                43.928046
              ],
              [
                15.449718,
                43.934394
              ],
              [
                15.445649,
                43.941352
              ],
              [
                15.438731,
                43.949652
              ],
              [
                15.384044,
                43.997382
              ],
              [
                15.358084,
                44.025702
              ],
              [
                15.33961,
                44.039374
              ],
              [
                15.319509,
                44.045233
              ],
              [
                15.277599,
                44.082343
              ],
              [
                15.278331,
                44.085598
              ],
              [
                15.233246,
                44.120917
              ],
              [
                15.222016,
                44.125637
              ],
              [
                15.212901,
                44.131049
              ],
              [
                15.208832,
                44.13817
              ],
              [
                15.212738,
                44.148261
              ],
              [
                15.196951,
                44.15648
              ],
              [
                15.144542,
                44.195461
              ],
              [
                15.160411,
                44.213202
              ],
              [
                15.152192,
                44.235297
              ],
              [
                15.131521,
                44.254625
              ],
              [
                15.110362,
                44.26435
              ],
              [
                15.122244,
                44.274807
              ],
              [
                15.140636,
                44.282457
              ],
              [
                15.157563,
                44.280341
              ],
              [
                15.16505,
                44.261217
              ],
              [
                15.176606,
                44.249945
              ],
              [
                15.197927,
                44.25731
              ],
              [
                15.207774,
                44.272773
              ],
              [
                15.185395,
                44.285386
              ],
              [
                15.193044,
                44.286851
              ],
              [
                15.194184,
                44.288642
              ],
              [
                15.194591,
                44.288804
              ],
              [
                15.199067,
                44.285386
              ],
              [
                15.206554,
                44.285386
              ],
              [
                15.201182,
                44.297512
              ],
              [
                15.19809,
                44.301663
              ],
              [
                15.247569,
                44.277981
              ],
              [
                15.268403,
                44.25845
              ],
              [
                15.279552,
                44.251776
              ],
              [
                15.295258,
                44.250678
              ],
              [
                15.281749,
                44.285386
              ],
              [
                15.290538,
                44.287421
              ],
              [
                15.294932,
                44.290229
              ],
              [
                15.297862,
                44.294013
              ],
              [
                15.302745,
                44.29914
              ],
              [
                15.289317,
                44.302191
              ],
              [
                15.278168,
                44.309801
              ],
              [
                15.268891,
                44.320461
              ],
              [
                15.261241,
                44.332587
              ],
              [
                15.280528,
                44.327541
              ],
              [
                15.308604,
                44.309272
              ],
              [
                15.336925,
                44.301663
              ],
              [
                15.408539,
                44.272284
              ],
              [
                15.42449,
                44.267971
              ],
              [
                15.503591,
                44.259223
              ],
              [
                15.525238,
                44.260688
              ],
              [
                15.528656,
                44.271796
              ],
              [
                15.514822,
                44.27851
              ],
              [
                15.449229,
                44.285386
              ],
              [
                15.444184,
                44.288479
              ],
              [
                15.414073,
                44.316555
              ],
              [
                15.406016,
                44.320624
              ],
              [
                15.307953,
                44.354397
              ],
              [
                15.293793,
                44.364814
              ],
              [
                15.15504,
                44.466702
              ],
              [
                15.108084,
                44.513861
              ],
              [
                15.080089,
                44.536078
              ],
              [
                15.052013,
                44.545478
              ],
              [
                15.047862,
                44.55036
              ],
              [
                15.01531,
                44.569078
              ],
              [
                15.007335,
                44.569729
              ],
              [
                15.001313,
                44.578518
              ],
              [
                14.901378,
                44.690172
              ],
              [
                14.8838,
                44.723619
              ],
              [
                14.895193,
                44.736151
              ],
              [
                14.893891,
                44.750963
              ],
              [
                14.887462,
                44.768378
              ],
              [
                14.8838,
                44.788764
              ],
              [
                14.881358,
                44.844062
              ],
              [
                14.8838,
                44.861477
              ],
              [
                14.905284,
                44.924628
              ],
              [
                14.914887,
                44.939927
              ],
              [
                14.921641,
                44.958808
              ],
              [
                14.914317,
                44.981431
              ],
              [
                14.856456,
                45.076483
              ],
              [
                14.852794,
                45.093655
              ],
              [
                14.84254,
                45.105536
              ],
              [
                14.827403,
                45.113959
              ],
              [
                14.765961,
                45.137356
              ],
              [
                14.657888,
                45.196601
              ],
              [
                14.6067,
                45.244371
              ],
              [
                14.592784,
                45.249823
              ],
              [
                14.57602,
                45.262274
              ],
              [
                14.568614,
                45.275946
              ],
              [
                14.582205,
                45.285346
              ],
              [
                14.570811,
                45.293647
              ],
              [
                14.534353,
                45.31269
              ],
              [
                14.552257,
                45.297675
              ],
              [
                14.555431,
                45.295885
              ],
              [
                14.551931,
                45.288072
              ],
              [
                14.543305,
                45.28384
              ],
              [
                14.533051,
                45.283881
              ],
              [
                14.524425,
                45.288764
              ],
              [
                14.510509,
                45.29975
              ],
              [
                14.402354,
                45.338609
              ],
              [
                14.363617,
                45.344631
              ],
              [
                14.345876,
                45.35163
              ],
              [
                14.329763,
                45.35399
              ],
              [
                14.311534,
                45.34398
              ],
              [
                14.290782,
                45.320502
              ],
              [
                14.271983,
                45.290107
              ],
              [
                14.258474,
                45.255764
              ],
              [
                14.247732,
                45.186469
              ],
              [
                14.234711,
                45.154568
              ],
              [
                14.23406,
                45.153062
              ],
              [
                14.232595,
                45.149359
              ],
              [
                14.209239,
                45.12637
              ],
              [
                14.179373,
                45.134508
              ],
              [
                14.195323,
                45.120592
              ],
              [
                14.193126,
                45.105618
              ],
              [
                14.180431,
                45.091457
              ],
              [
                14.164399,
                45.079901
              ],
              [
                14.158214,
                45.087348
              ],
              [
                14.154307,
                45.078925
              ],
              [
                14.154063,
                45.071967
              ],
              [
                14.158214,
                45.053209
              ],
              [
                14.154307,
                45.054999
              ],
              [
                14.147472,
                45.057278
              ],
              [
                14.143891,
                45.059394
              ],
              [
                14.143891,
                45.053209
              ],
              [
                14.159434,
                45.040351
              ],
              [
                14.166189,
                45.018948
              ],
              [
                14.163748,
                44.995754
              ],
              [
                14.151378,
                44.977484
              ],
              [
                14.139903,
                44.97134
              ],
              [
                14.131847,
                44.972073
              ],
              [
                14.124197,
                44.975409
              ],
              [
                14.113292,
                44.977484
              ],
              [
                14.101329,
                44.97427
              ],
              [
                14.089692,
                44.966498
              ],
              [
                14.080414,
                44.957261
              ],
              [
                14.075694,
                44.94953
              ],
              [
                14.068858,
                44.94953
              ],
              [
                14.071625,
                44.969062
              ],
              [
                14.0796,
                44.977932
              ],
              [
                14.083832,
                44.986396
              ],
              [
                14.075694,
                45.004828
              ],
              [
                14.054535,
                45.018459
              ],
              [
                14.051524,
                45.026028
              ],
              [
                14.053071,
                45.033149
              ],
              [
                14.051931,
                45.038031
              ],
              [
                14.040294,
                45.038967
              ],
              [
                14.044119,
                45.027167
              ],
              [
                14.039887,
                45.009426
              ],
              [
                14.044281,
                45.00141
              ],
              [
                14.054698,
                44.996527
              ],
              [
                14.064138,
                44.995754
              ],
              [
                14.071544,
                44.993354
              ],
              [
                14.075694,
                44.98371
              ],
              [
                14.064789,
                44.976142
              ],
              [
                14.050792,
                44.956488
              ],
              [
                14.044444,
                44.951402
              ],
              [
                14.040294,
                44.956366
              ],
              [
                14.034679,
                44.956366
              ],
              [
                14.038748,
                44.949408
              ],
              [
                14.040212,
                44.941067
              ],
              [
                14.039073,
                44.93183
              ],
              [
                14.034679,
                44.922309
              ],
              [
                14.026622,
                44.924058
              ],
              [
                14.022472,
                44.923489
              ],
              [
                14.022634,
                44.9206
              ],
              [
                14.027843,
                44.915432
              ],
              [
                14.027843,
                44.908637
              ],
              [
                14.022716,
                44.908271
              ],
              [
                14.021495,
                44.907375
              ],
              [
                14.021739,
                44.905097
              ],
              [
                14.020518,
                44.901109
              ],
              [
                14.01059,
                44.90526
              ],
              [
                13.988455,
                44.900784
              ],
              [
                13.972667,
                44.901109
              ],
              [
                13.980724,
                44.896552
              ],
              [
                13.98585,
                44.892076
              ],
              [
                13.993012,
                44.881293
              ],
              [
                13.986176,
                44.881293
              ],
              [
                13.986176,
                44.875067
              ],
              [
                13.993012,
                44.875067
              ],
              [
                13.993012,
                44.867621
              ],
              [
                13.98585,
                44.864163
              ],
              [
                13.981293,
                44.859809
              ],
              [
                13.972667,
                44.847154
              ],
              [
                13.97462,
                44.839667
              ],
              [
                13.976329,
                44.83747
              ],
              [
                13.976248,
                44.834906
              ],
              [
                13.972667,
                44.826646
              ],
              [
                13.983246,
                44.827053
              ],
              [
                13.989431,
                44.8251
              ],
              [
                13.993988,
                44.820502
              ],
              [
                14.000011,
                44.813056
              ],
              [
                13.963878,
                44.811835
              ],
              [
                13.9463,
                44.813788
              ],
              [
                13.931651,
                44.820502
              ],
              [
                13.929698,
                44.816352
              ],
              [
                13.929535,
                44.815253
              ],
              [
                13.924815,
                44.813056
              ],
              [
                13.918712,
                44.829047
              ],
              [
                13.909679,
                44.830959
              ],
              [
                13.899587,
                44.829047
              ],
              [
                13.890147,
                44.833482
              ],
              [
                13.883149,
                44.826646
              ],
              [
                13.893891,
                44.823391
              ],
              [
                13.904307,
                44.817288
              ],
              [
                13.909353,
                44.808987
              ],
              [
                13.90447,
                44.798774
              ],
              [
                13.913422,
                44.782416
              ],
              [
                13.917979,
                44.778266
              ],
              [
                13.903168,
                44.772406
              ],
              [
                13.899425,
                44.781968
              ],
              [
                13.89975,
                44.798285
              ],
              [
                13.896983,
                44.813056
              ],
              [
                13.889659,
                44.817084
              ],
              [
                13.860037,
                44.82567
              ],
              [
                13.849132,
                44.826646
              ],
              [
                13.851248,
                44.830024
              ],
              [
                13.853852,
                44.837063
              ],
              [
                13.855968,
                44.840277
              ],
              [
                13.852794,
                44.840766
              ],
              [
                13.845551,
                44.840155
              ],
              [
                13.842296,
                44.840277
              ],
              [
                13.849132,
                44.847154
              ],
              [
                13.842296,
                44.854641
              ],
              [
                13.831391,
                44.852729
              ],
              [
                13.815684,
                44.856594
              ],
              [
                13.799327,
                44.864569
              ],
              [
                13.78712,
                44.875067
              ],
              [
                13.794607,
                44.881293
              ],
              [
                13.804861,
                44.870592
              ],
              [
                13.819591,
                44.867662
              ],
              [
                13.833751,
                44.873358
              ],
              [
                13.842296,
                44.888129
              ],
              [
                13.815278,
                44.883531
              ],
              [
                13.804861,
                44.885403
              ],
              [
                13.794607,
                44.894965
              ],
              [
                13.794607,
                44.901109
              ],
              [
                13.798676,
                44.903957
              ],
              [
                13.803477,
                44.910631
              ],
              [
                13.808116,
                44.915432
              ],
              [
                13.796723,
                44.924872
              ],
              [
                13.774099,
                44.963813
              ],
              [
                13.732758,
                44.99494
              ],
              [
                13.681326,
                45.046373
              ],
              [
                13.67335,
                45.051093
              ],
              [
                13.660818,
                45.061225
              ],
              [
                13.643809,
                45.070502
              ],
              [
                13.62322,
                45.073065
              ],
              [
                13.627696,
                45.079413
              ],
              [
                13.633067,
                45.089423
              ],
              [
                13.636892,
                45.093573
              ],
              [
                13.612559,
                45.117865
              ],
              [
                13.63852,
                45.130032
              ],
              [
                13.726248,
                45.134508
              ],
              [
                13.706716,
                45.141099
              ],
              [
                13.683604,
                45.143378
              ],
              [
                13.636892,
                45.142035
              ],
              [
                13.61199,
                45.136786
              ],
              [
                13.600597,
                45.137274
              ],
              [
                13.595958,
                45.145413
              ],
              [
                13.597911,
                45.155951
              ],
              [
                13.600597,
                45.164618
              ],
              [
                13.599376,
                45.171291
              ],
              [
                13.589122,
                45.175482
              ],
              [
                13.593761,
                45.182278
              ],
              [
                13.594412,
                45.187323
              ],
              [
                13.590587,
                45.191799
              ],
              [
                13.582286,
                45.196601
              ],
              [
                13.582286,
                45.202826
              ],
              [
                13.590505,
                45.206488
              ],
              [
                13.594493,
                45.212633
              ],
              [
                13.594249,
                45.220771
              ],
              [
                13.589122,
                45.230699
              ],
              [
                13.595714,
                45.240546
              ],
              [
                13.595225,
                45.2508
              ],
              [
                13.588227,
                45.259589
              ],
              [
                13.57545,
                45.264879
              ],
              [
                13.578787,
                45.270982
              ],
              [
                13.584239,
                45.276068
              ],
              [
                13.592052,
                45.27912
              ],
              [
                13.602712,
                45.27912
              ],
              [
                13.602712,
                45.285346
              ],
              [
                13.59254,
                45.288804
              ],
              [
                13.584646,
                45.293199
              ],
              [
                13.578949,
                45.299018
              ],
              [
                13.57545,
                45.306464
              ],
              [
                13.585704,
                45.307807
              ],
              [
                13.594493,
                45.311103
              ],
              [
                13.609548,
                45.320136
              ],
              [
                13.597911,
                45.324368
              ],
              [
                13.571056,
                45.325019
              ],
              [
                13.561778,
                45.326361
              ],
              [
                13.550629,
                45.334296
              ],
              [
                13.54127,
                45.346137
              ],
              [
                13.540538,
                45.356757
              ],
              [
                13.554942,
                45.36107
              ],
              [
                13.554942,
                45.367336
              ],
              [
                13.543142,
                45.376166
              ],
              [
                13.513357,
                45.436225
              ],
              [
                13.515391,
                45.438137
              ],
              [
                13.518565,
                45.440334
              ],
              [
                13.520763,
                45.44302
              ],
              [
                13.515961,
                45.447455
              ],
              [
                13.515636,
                45.448147
              ],
              [
                13.517833,
                45.449774
              ],
              [
                13.520763,
                45.457261
              ],
              [
                13.504568,
                45.483873
              ],
              [
                13.501475,
                45.498603
              ],
              [
                13.507091,
                45.511908
              ],
              [
                13.513357,
                45.511908
              ],
              [
                13.523123,
                45.506252
              ],
              [
                13.568614,
                45.49079
              ],
              [
                13.585139,
                45.489247
              ],
              [
                13.589529,
                45.488837
              ],
              [
                13.591645,
                45.493109
              ],
              [
                13.589122,
                45.501614
              ],
              [
                13.595958,
                45.511908
              ],
              [
                13.595958,
                45.518134
              ],
              [
                13.586192,
                45.519477
              ],
              [
                13.578624,
                45.523383
              ],
              [
                13.572765,
                45.529975
              ],
              [
                13.568614,
                45.539252
              ],
              [
                13.58961,
                45.535793
              ],
              [
                13.675141,
                45.544745
              ],
              [
                13.75294,
                45.552883
              ],
              [
                13.75294,
                45.559068
              ],
              [
                13.742361,
                45.56977
              ],
              [
                13.727387,
                45.581204
              ],
              [
                13.711762,
                45.593207
              ],
              [
                13.718761,
                45.600653
              ],
              [
                13.730154,
                45.613105
              ],
              [
                13.757009,
                45.613674
              ],
              [
                13.786876,
                45.611151
              ],
              [
                13.808116,
                45.614325
              ],
              [
                13.795584,
                45.617011
              ],
              [
                13.786469,
                45.624335
              ],
              [
                13.77711,
                45.635443
              ],
              [
                13.739268,
                45.649115
              ],
              [
                13.75766,
                45.654975
              ],
              [
                13.753673,
                45.672309
              ],
              [
                13.739106,
                45.691596
              ],
              [
                13.726248,
                45.703762
              ],
              [
                13.647309,
                45.76203
              ],
              [
                13.628917,
                45.77261
              ],
              [
                13.574229,
                45.789618
              ],
              [
                13.55128,
                45.792426
              ],
              [
                13.534434,
                45.78205
              ],
              [
                13.524181,
                45.760077
              ],
              [
                13.528331,
                45.740546
              ],
              [
                13.554942,
                45.737209
              ],
              [
                13.5506338,
                45.7357506
              ],
              [
                13.5526625,
                45.733129
              ],
              [
                13.5571461,
                45.7226032
              ],
              [
                13.5540614,
                45.7175175
              ],
              [
                13.5379452,
                45.714133
              ],
              [
                13.5167446,
                45.7067538
              ],
              [
                13.502074,
                45.7026242
              ],
              [
                13.4714462,
                45.6949606
              ],
              [
                13.46237,
                45.6797383
              ],
              [
                13.4410992,
                45.6661487
              ],
              [
                13.4243042,
                45.6616525
              ],
              [
                13.3883904,
                45.6724814
              ],
              [
                13.3296865,
                45.6794588
              ],
              [
                13.2972473,
                45.6808043
              ],
              [
                13.2816807,
                45.6796924
              ],
              [
                13.235521,
                45.683046
              ]
            ]
          ],
          [
            [
              [
                16.858165,
                42.784003
              ],
              [
                16.921072,
                42.777167
              ],
              [
                16.93393,
                42.770941
              ],
              [
                16.936371,
                42.75552
              ],
              [
                16.924653,
                42.7414
              ],
              [
                16.905447,
                42.731757
              ],
              [
                16.884939,
                42.729397
              ],
              [
                16.882172,
                42.736396
              ],
              [
                16.874034,
                42.737616
              ],
              [
                16.858165,
                42.742987
              ],
              [
                16.847667,
                42.733588
              ],
              [
                16.834321,
                42.730943
              ],
              [
                16.820811,
                42.73607
              ],
              [
                16.809825,
                42.749823
              ],
              [
                16.822276,
                42.755113
              ],
              [
                16.824067,
                42.764065
              ],
              [
                16.818858,
                42.769355
              ],
              [
                16.809825,
                42.763495
              ],
              [
                16.802989,
                42.763495
              ],
              [
                16.810232,
                42.775336
              ],
              [
                16.828136,
                42.780951
              ],
              [
                16.858165,
                42.784003
              ]
            ]
          ],
          [
            [
              [
                17.658946,
                42.742987
              ],
              [
                17.679373,
                42.729885
              ],
              [
                17.730479,
                42.713446
              ],
              [
                17.748871,
                42.694566
              ],
              [
                17.385916,
                42.770941
              ],
              [
                17.37379,
                42.759996
              ],
              [
                17.35377,
                42.766669
              ],
              [
                17.334483,
                42.780341
              ],
              [
                17.323741,
                42.790839
              ],
              [
                17.341563,
                42.793402
              ],
              [
                17.37379,
                42.802639
              ],
              [
                17.392345,
                42.801703
              ],
              [
                17.38738,
                42.800238
              ],
              [
                17.382009,
                42.797838
              ],
              [
                17.371593,
                42.790839
              ],
              [
                17.38266,
                42.791653
              ],
              [
                17.393321,
                42.791164
              ],
              [
                17.403494,
                42.788764
              ],
              [
                17.412446,
                42.784003
              ],
              [
                17.419932,
                42.790839
              ],
              [
                17.43686,
                42.78262
              ],
              [
                17.486013,
                42.782172
              ],
              [
                17.523692,
                42.764838
              ],
              [
                17.574474,
                42.757514
              ],
              [
                17.597504,
                42.749823
              ],
              [
                17.594412,
                42.747748
              ],
              [
                17.593516,
                42.747219
              ],
              [
                17.590668,
                42.742987
              ],
              [
                17.648204,
                42.738511
              ],
              [
                17.658946,
                42.742987
              ]
            ]
          ],
          [
            [
              [
                17.131847,
                42.96955
              ],
              [
                17.148692,
                42.952582
              ],
              [
                17.164317,
                42.941474
              ],
              [
                17.200206,
                42.92178
              ],
              [
                17.19337,
                42.914293
              ],
              [
                17.174327,
                42.922024
              ],
              [
                17.153087,
                42.921129
              ],
              [
                17.107432,
                42.914293
              ],
              [
                17.01531,
                42.928616
              ],
              [
                16.972911,
                42.926703
              ],
              [
                16.898692,
                42.905829
              ],
              [
                16.85141,
                42.900702
              ],
              [
                16.739757,
                42.917182
              ],
              [
                16.691417,
                42.928209
              ],
              [
                16.672862,
                42.926744
              ],
              [
                16.672618,
                42.92178
              ],
              [
                16.655447,
                42.926256
              ],
              [
                16.638438,
                42.93476
              ],
              [
                16.706798,
                42.962104
              ],
              [
                16.706798,
                42.96955
              ],
              [
                16.687755,
                42.973944
              ],
              [
                16.648285,
                42.977769
              ],
              [
                16.631684,
                42.982611
              ],
              [
                16.65268,
                42.992377
              ],
              [
                16.674815,
                42.992906
              ],
              [
                16.69752,
                42.99018
              ],
              [
                16.72047,
                42.990058
              ],
              [
                16.741384,
                42.980618
              ],
              [
                16.768565,
                42.972235
              ],
              [
                16.824067,
                42.962104
              ],
              [
                16.878673,
                42.962104
              ],
              [
                16.892589,
                42.965318
              ],
              [
                16.915538,
                42.974514
              ],
              [
                17.032074,
                42.982611
              ],
              [
                17.111095,
                42.964301
              ],
              [
                17.131847,
                42.96955
              ]
            ]
          ],
          [
            [
              [
                16.241222,
                43.071967
              ],
              [
                16.245453,
                43.076361
              ],
              [
                16.249848,
                43.079413
              ],
              [
                16.253429,
                43.077867
              ],
              [
                16.254893,
                43.068549
              ],
              [
                16.252126,
                43.062405
              ],
              [
                16.245453,
                43.057766
              ],
              [
                16.233735,
                43.0515
              ],
              [
                16.221934,
                43.040269
              ],
              [
                16.210297,
                43.033271
              ],
              [
                16.121349,
                43.013373
              ],
              [
                16.087169,
                43.011461
              ],
              [
                16.063162,
                43.017401
              ],
              [
                16.084483,
                43.025946
              ],
              [
                16.087087,
                43.041409
              ],
              [
                16.079112,
                43.05329
              ],
              [
                16.069347,
                43.0515
              ],
              [
                16.063162,
                43.0515
              ],
              [
                16.048839,
                43.065172
              ],
              [
                16.052989,
                43.068305
              ],
              [
                16.057302,
                43.070217
              ],
              [
                16.062266,
                43.071275
              ],
              [
                16.069347,
                43.071967
              ],
              [
                16.09254,
                43.08275
              ],
              [
                16.130219,
                43.088446
              ],
              [
                16.170177,
                43.087714
              ],
              [
                16.199718,
                43.079413
              ],
              [
                16.194672,
                43.074408
              ],
              [
                16.192882,
                43.071967
              ],
              [
                16.215831,
                43.079169
              ],
              [
                16.228201,
                43.078681
              ],
              [
                16.241222,
                43.071967
              ]
            ]
          ],
          [
            [
              [
                16.693126,
                43.127265
              ],
              [
                16.670177,
                43.125474
              ],
              [
                16.559825,
                43.142971
              ],
              [
                16.475352,
                43.16649
              ],
              [
                16.44516,
                43.170803
              ],
              [
                16.427257,
                43.179877
              ],
              [
                16.416026,
                43.18183
              ],
              [
                16.371593,
                43.195502
              ],
              [
                16.375824,
                43.199937
              ],
              [
                16.380382,
                43.201972
              ],
              [
                16.391449,
                43.202338
              ],
              [
                16.403982,
                43.19717
              ],
              [
                16.415294,
                43.198472
              ],
              [
                16.439789,
                43.209784
              ],
              [
                16.446056,
                43.202338
              ],
              [
                16.449067,
                43.206488
              ],
              [
                16.460297,
                43.215969
              ],
              [
                16.460297,
                43.209784
              ],
              [
                16.49643,
                43.218085
              ],
              [
                16.527029,
                43.204291
              ],
              [
                16.554942,
                43.187934
              ],
              [
                16.583263,
                43.188666
              ],
              [
                16.555919,
                43.209784
              ],
              [
                16.529307,
                43.221625
              ],
              [
                16.520518,
                43.22899
              ],
              [
                16.535004,
                43.227729
              ],
              [
                16.562755,
                43.22899
              ],
              [
                16.583263,
                43.215969
              ],
              [
                16.587087,
                43.216254
              ],
              [
                16.596934,
                43.221747
              ],
              [
                16.60377,
                43.223456
              ],
              [
                16.616384,
                43.223538
              ],
              [
                16.646007,
                43.219916
              ],
              [
                16.659516,
                43.215969
              ],
              [
                16.66627,
                43.210842
              ],
              [
                16.672537,
                43.20303
              ],
              [
                16.680675,
                43.19477
              ],
              [
                16.693126,
                43.188666
              ],
              [
                16.693614,
                43.184027
              ],
              [
                16.692231,
                43.182807
              ],
              [
                16.689464,
                43.182807
              ],
              [
                16.68629,
                43.18183
              ],
              [
                16.705821,
                43.170803
              ],
              [
                16.727712,
                43.164618
              ],
              [
                16.751231,
                43.161933
              ],
              [
                16.848155,
                43.16234
              ],
              [
                16.864431,
                43.16885
              ],
              [
                16.878429,
                43.15884
              ],
              [
                16.896739,
                43.154771
              ],
              [
                16.958751,
                43.152411
              ],
              [
                17.018565,
                43.140855
              ],
              [
                17.109874,
                43.143785
              ],
              [
                17.155284,
                43.140326
              ],
              [
                17.19337,
                43.127265
              ],
              [
                16.943248,
                43.127265
              ],
              [
                16.693126,
                43.127265
              ]
            ]
          ],
          [
            [
              [
                16.500743,
                43.284247
              ],
              [
                16.421886,
                43.317572
              ],
              [
                16.405772,
                43.332709
              ],
              [
                16.413829,
                43.328843
              ],
              [
                16.419444,
                43.325181
              ],
              [
                16.42628,
                43.325181
              ],
              [
                16.426768,
                43.331488
              ],
              [
                16.429698,
                43.332465
              ],
              [
                16.434337,
                43.331732
              ],
              [
                16.439789,
                43.332709
              ],
              [
                16.434255,
                43.339911
              ],
              [
                16.434906,
                43.346422
              ],
              [
                16.441661,
                43.351223
              ],
              [
                16.453461,
                43.353176
              ],
              [
                16.439708,
                43.370917
              ],
              [
                16.42628,
                43.39411
              ],
              [
                16.447032,
                43.394843
              ],
              [
                16.453461,
                43.39411
              ],
              [
                16.493907,
                43.38231
              ],
              [
                16.687673,
                43.377021
              ],
              [
                16.809825,
                43.353176
              ],
              [
                16.809825,
                43.346381
              ],
              [
                16.796153,
                43.346381
              ],
              [
                16.806814,
                43.342475
              ],
              [
                16.816254,
                43.340237
              ],
              [
                16.824229,
                43.34101
              ],
              [
                16.830333,
                43.346381
              ],
              [
                16.839366,
                43.340888
              ],
              [
                16.858165,
                43.325181
              ],
              [
                16.868988,
                43.322577
              ],
              [
                16.877696,
                43.323432
              ],
              [
                16.885102,
                43.321967
              ],
              [
                16.892345,
                43.312201
              ],
              [
                16.879568,
                43.293931
              ],
              [
                16.872325,
                43.287991
              ],
              [
                16.864431,
                43.291693
              ],
              [
                16.846202,
                43.273383
              ],
              [
                16.813162,
                43.267768
              ],
              [
                16.628266,
                43.263739
              ],
              [
                16.563975,
                43.270087
              ],
              [
                16.500743,
                43.284247
              ]
            ]
          ],
          [
            [
              [
                16.391449,
                43.346381
              ],
              [
                16.375987,
                43.333441
              ],
              [
                16.348643,
                43.33869
              ],
              [
                16.281749,
                43.369371
              ],
              [
                16.23227,
                43.384467
              ],
              [
                16.207042,
                43.387274
              ],
              [
                16.206391,
                43.391791
              ],
              [
                16.207774,
                43.393134
              ],
              [
                16.210297,
                43.393215
              ],
              [
                16.213227,
                43.39411
              ],
              [
                16.20338,
                43.39997
              ],
              [
                16.20045,
                43.40705
              ],
              [
                16.205577,
                43.412909
              ],
              [
                16.220063,
                43.415229
              ],
              [
                16.277029,
                43.411933
              ],
              [
                16.298188,
                43.403632
              ],
              [
                16.302745,
                43.387274
              ],
              [
                16.329845,
                43.389716
              ],
              [
                16.348643,
                43.378323
              ],
              [
                16.36671,
                43.361151
              ],
              [
                16.391449,
                43.346381
              ]
            ]
          ],
          [
            [
              [
                15.678884,
                43.648017
              ],
              [
                15.740408,
                43.627509
              ],
              [
                15.681326,
                43.640326
              ],
              [
                15.672048,
                43.637437
              ],
              [
                15.663097,
                43.645697
              ],
              [
                15.61964,
                43.668931
              ],
              [
                15.60377,
                43.674709
              ],
              [
                15.611339,
                43.682115
              ],
              [
                15.615489,
                43.676988
              ],
              [
                15.61964,
                43.675442
              ],
              [
                15.650157,
                43.673041
              ],
              [
                15.661632,
                43.665473
              ],
              [
                15.669688,
                43.655748
              ],
              [
                15.678884,
                43.648017
              ]
            ]
          ],
          [
            [
              [
                15.261241,
                43.867092
              ],
              [
                15.266368,
                43.857001
              ],
              [
                15.342459,
                43.811835
              ],
              [
                15.35434,
                43.80036
              ],
              [
                15.367361,
                43.790107
              ],
              [
                15.395681,
                43.772406
              ],
              [
                15.386974,
                43.776842
              ],
              [
                15.327973,
                43.796332
              ],
              [
                15.30893,
                43.805609
              ],
              [
                15.288422,
                43.825507
              ],
              [
                15.261241,
                43.839789
              ],
              [
                15.247895,
                43.849026
              ],
              [
                15.233409,
                43.862209
              ],
              [
                15.227794,
                43.874457
              ],
              [
                15.240733,
                43.880764
              ],
              [
                15.261241,
                43.867092
              ]
            ]
          ],
          [
            [
              [
                15.302745,
                43.966376
              ],
              [
                15.29713,
                43.978095
              ],
              [
                15.270193,
                44.000312
              ],
              [
                15.261241,
                44.011054
              ],
              [
                15.280284,
                44.01081
              ],
              [
                15.296397,
                44.005601
              ],
              [
                15.349946,
                43.976304
              ],
              [
                15.378591,
                43.971666
              ],
              [
                15.384044,
                43.97016
              ],
              [
                15.386567,
                43.964423
              ],
              [
                15.389415,
                43.947659
              ],
              [
                15.391612,
                43.942206
              ],
              [
                15.397634,
                43.937201
              ],
              [
                15.411143,
                43.932929
              ],
              [
                15.418793,
                43.929145
              ],
              [
                15.426768,
                43.922065
              ],
              [
                15.435395,
                43.911282
              ],
              [
                15.442719,
                43.899075
              ],
              [
                15.446056,
                43.887519
              ],
              [
                15.438731,
                43.890692
              ],
              [
                15.431407,
                43.892768
              ],
              [
                15.423676,
                43.893988
              ],
              [
                15.41505,
                43.894436
              ],
              [
                15.407074,
                43.896145
              ],
              [
                15.403575,
                43.900214
              ],
              [
                15.401541,
                43.904771
              ],
              [
                15.397716,
                43.908108
              ],
              [
                15.372081,
                43.913886
              ],
              [
                15.358653,
                43.919379
              ],
              [
                15.349946,
                43.929145
              ],
              [
                15.35434,
                43.931464
              ],
              [
                15.356781,
                43.93537
              ],
              [
                15.343516,
                43.939643
              ],
              [
                15.32545,
                43.948432
              ],
              [
                15.309581,
                43.958441
              ],
              [
                15.302745,
                43.966376
              ]
            ]
          ],
          [
            [
              [
                15.254405,
                44.01789
              ],
              [
                15.241873,
                44.027777
              ],
              [
                15.23227,
                44.041449
              ],
              [
                15.223318,
                44.050279
              ],
              [
                15.212738,
                44.045233
              ],
              [
                15.206554,
                44.045233
              ],
              [
                15.205333,
                44.04975
              ],
              [
                15.20338,
                44.052476
              ],
              [
                15.201427,
                44.054999
              ],
              [
                15.199067,
                44.058824
              ],
              [
                15.189138,
                44.047797
              ],
              [
                15.169688,
                44.058661
              ],
              [
                15.148774,
                44.076361
              ],
              [
                15.121837,
                44.092231
              ],
              [
                15.087087,
                44.123725
              ],
              [
                15.068696,
                44.133979
              ],
              [
                15.070811,
                44.137641
              ],
              [
                15.071137,
                44.138495
              ],
              [
                15.072032,
                44.138821
              ],
              [
                15.075531,
                44.140815
              ],
              [
                15.071462,
                44.146389
              ],
              [
                15.062511,
                44.161933
              ],
              [
                15.225759,
                44.06623
              ],
              [
                15.247081,
                44.046698
              ],
              [
                15.254405,
                44.01789
              ]
            ]
          ],
          [
            [
              [
                14.842784,
                44.148261
              ],
              [
                14.850434,
                44.152248
              ],
              [
                14.85727,
                44.152045
              ],
              [
                14.86378,
                44.148139
              ],
              [
                14.869151,
                44.14053
              ],
              [
                14.85613,
                44.136868
              ],
              [
                14.835216,
                44.141669
              ],
              [
                14.819835,
                44.153022
              ],
              [
                14.822439,
                44.168687
              ],
              [
                14.827403,
                44.157904
              ],
              [
                14.83546,
                44.151028
              ],
              [
                14.842784,
                44.148261
              ]
            ]
          ],
          [
            [
              [
                15.144542,
                43.949652
              ],
              [
                15.216807,
                43.912787
              ],
              [
                15.220225,
                43.90119
              ],
              [
                15.195486,
                43.895209
              ],
              [
                15.145518,
                43.923896
              ],
              [
                15.133311,
                43.92121
              ],
              [
                15.137706,
                43.917873
              ],
              [
                15.14031,
                43.913031
              ],
              [
                15.144542,
                43.908108
              ],
              [
                15.169688,
                43.894965
              ],
              [
                15.175548,
                43.890937
              ],
              [
                15.183442,
                43.886949
              ],
              [
                15.191091,
                43.887519
              ],
              [
                15.196788,
                43.886379
              ],
              [
                15.199067,
                43.877631
              ],
              [
                15.194509,
                43.872626
              ],
              [
                15.184581,
                43.877102
              ],
              [
                15.175141,
                43.884263
              ],
              [
                15.172374,
                43.887519
              ],
              [
                15.136485,
                43.903022
              ],
              [
                15.121349,
                43.912584
              ],
              [
                15.106619,
                43.925442
              ],
              [
                15.066905,
                43.96955
              ],
              [
                15.042817,
                43.990424
              ],
              [
                15.003103,
                44.052314
              ],
              [
                14.983084,
                44.066311
              ],
              [
                14.955089,
                44.075588
              ],
              [
                14.870128,
                44.140815
              ],
              [
                14.867849,
                44.152045
              ],
              [
                14.862966,
                44.161038
              ],
              [
                14.84962,
                44.175605
              ],
              [
                14.855235,
                44.1765
              ],
              [
                14.85963,
                44.176011
              ],
              [
                14.863292,
                44.175605
              ],
              [
                14.882823,
                44.159166
              ],
              [
                14.939138,
                44.127143
              ],
              [
                14.944184,
                44.120266
              ],
              [
                14.948741,
                44.111151
              ],
              [
                14.954438,
                44.103217
              ],
              [
                14.962657,
                44.09984
              ],
              [
                14.976329,
                44.096666
              ],
              [
                14.985118,
                44.090969
              ],
              [
                14.993826,
                44.087836
              ],
              [
                15.007335,
                44.093004
              ],
              [
                15.002778,
                44.083157
              ],
              [
                15.000499,
                44.079413
              ],
              [
                15.014415,
                44.077948
              ],
              [
                15.022716,
                44.072211
              ],
              [
                15.026703,
                44.062323
              ],
              [
                15.027843,
                44.048651
              ],
              [
                15.031912,
                44.036363
              ],
              [
                15.041352,
                44.026435
              ],
              [
                15.088227,
                43.989651
              ],
              [
                15.099132,
                43.985093
              ],
              [
                15.11378,
                43.983791
              ],
              [
                15.116954,
                43.978827
              ],
              [
                15.144542,
                43.949652
              ]
            ]
          ],
          [
            [
              [
                14.876964,
                44.55976
              ],
              [
                14.865896,
                44.566352
              ],
              [
                14.761485,
                44.658637
              ],
              [
                14.743663,
                44.680487
              ],
              [
                14.733653,
                44.703192
              ],
              [
                14.738129,
                44.703111
              ],
              [
                14.741222,
                44.701606
              ],
              [
                14.779959,
                44.669501
              ],
              [
                14.845225,
                44.600531
              ],
              [
                14.8838,
                44.579657
              ],
              [
                14.880138,
                44.609198
              ],
              [
                14.904063,
                44.610012
              ],
              [
                14.938243,
                44.594143
              ],
              [
                14.966319,
                44.573432
              ],
              [
                14.989106,
                44.546617
              ],
              [
                15.003917,
                44.536078
              ],
              [
                15.041189,
                44.527493
              ],
              [
                15.051768,
                44.516181
              ],
              [
                15.061697,
                44.500718
              ],
              [
                15.075531,
                44.484076
              ],
              [
                15.055919,
                44.486233
              ],
              [
                15.028168,
                44.50316
              ],
              [
                15.007335,
                44.504543
              ],
              [
                15.011729,
                44.514879
              ],
              [
                15.014171,
                44.518744
              ],
              [
                14.972911,
                44.536119
              ],
              [
                14.952891,
                44.54149
              ],
              [
                14.942068,
                44.547431
              ],
              [
                14.928559,
                44.552314
              ],
              [
                14.911143,
                44.552314
              ],
              [
                14.911143,
                44.545478
              ],
              [
                14.965994,
                44.523871
              ],
              [
                15.048025,
                44.439439
              ],
              [
                15.09669,
                44.415188
              ],
              [
                15.080821,
                44.424547
              ],
              [
                15.064952,
                44.437934
              ],
              [
                15.051036,
                44.455268
              ],
              [
                15.041515,
                44.47663
              ],
              [
                15.083263,
                44.461859
              ],
              [
                15.176606,
                44.391303
              ],
              [
                15.199067,
                44.381049
              ],
              [
                15.213227,
                44.369208
              ],
              [
                15.241384,
                44.35106
              ],
              [
                15.254405,
                44.340033
              ],
              [
                15.235118,
                44.336249
              ],
              [
                15.211762,
                44.346137
              ],
              [
                15.187348,
                44.359809
              ],
              [
                15.16505,
                44.367377
              ],
              [
                15.16505,
                44.360541
              ],
              [
                15.182872,
                44.357856
              ],
              [
                15.20045,
                44.349514
              ],
              [
                15.215831,
                44.338121
              ],
              [
                15.227061,
                44.326361
              ],
              [
                15.206554,
                44.326361
              ],
              [
                15.208263,
                44.320746
              ],
              [
                15.210948,
                44.317328
              ],
              [
                15.215017,
                44.314927
              ],
              [
                15.220225,
                44.31273
              ],
              [
                15.198904,
                44.317043
              ],
              [
                15.154552,
                44.331
              ],
              [
                15.13087,
                44.332587
              ],
              [
                15.13087,
                44.326361
              ],
              [
                15.172374,
                44.305325
              ],
              [
                15.172374,
                44.29914
              ],
              [
                15.149262,
                44.303168
              ],
              [
                15.128754,
                44.311998
              ],
              [
                15.111176,
                44.324612
              ],
              [
                15.09669,
                44.340033
              ],
              [
                15.09669,
                44.346259
              ],
              [
                15.110362,
                44.346259
              ],
              [
                15.110362,
                44.353705
              ],
              [
                15.102306,
                44.357164
              ],
              [
                15.097179,
                44.361314
              ],
              [
                15.089203,
                44.374213
              ],
              [
                15.099783,
                44.373603
              ],
              [
                15.106944,
                44.37519
              ],
              [
                15.112153,
                44.379584
              ],
              [
                15.117198,
                44.387193
              ],
              [
                15.091645,
                44.399359
              ],
              [
                15.083018,
                44.401516
              ],
              [
                15.073578,
                44.400458
              ],
              [
                15.057791,
                44.394192
              ],
              [
                15.049001,
                44.39468
              ],
              [
                15.038341,
                44.403266
              ],
              [
                15.020763,
                44.429999
              ],
              [
                14.958832,
                44.466702
              ],
              [
                14.949718,
                44.468085
              ],
              [
                14.897472,
                44.490912
              ],
              [
                14.897472,
                44.497056
              ],
              [
                14.903168,
                44.498481
              ],
              [
                14.912852,
                44.502753
              ],
              [
                14.91863,
                44.504543
              ],
              [
                14.906261,
                44.520901
              ],
              [
                14.877615,
                44.551337
              ],
              [
                14.876964,
                44.55976
              ]
            ]
          ],
          [
            [
              [
                14.445567,
                44.565985
              ],
              [
                14.526622,
                44.50373
              ],
              [
                14.534353,
                44.484076
              ],
              [
                14.511974,
                44.482245
              ],
              [
                14.485037,
                44.500637
              ],
              [
                14.451915,
                44.531887
              ],
              [
                14.438162,
                44.538642
              ],
              [
                14.438162,
                44.545478
              ],
              [
                14.459239,
                44.541164
              ],
              [
                14.466075,
                44.538642
              ],
              [
                14.437999,
                44.564643
              ],
              [
                14.422618,
                44.573879
              ],
              [
                14.404063,
                44.579657
              ],
              [
                14.396983,
                44.569159
              ],
              [
                14.386567,
                44.565619
              ],
              [
                14.374685,
                44.567572
              ],
              [
                14.363048,
                44.573432
              ],
              [
                14.363048,
                44.579657
              ],
              [
                14.369884,
                44.579657
              ],
              [
                14.369884,
                44.57982
              ],
              [
                14.368663,
                44.582017
              ],
              [
                14.364757,
                44.587226
              ],
              [
                14.382579,
                44.603258
              ],
              [
                14.375987,
                44.623033
              ],
              [
                14.349376,
                44.655341
              ],
              [
                14.344574,
                44.668524
              ],
              [
                14.337087,
                44.699652
              ],
              [
                14.335785,
                44.716783
              ],
              [
                14.355724,
                44.707099
              ],
              [
                14.381114,
                44.698635
              ],
              [
                14.397472,
                44.685614
              ],
              [
                14.390391,
                44.662177
              ],
              [
                14.395193,
                44.653388
              ],
              [
                14.399587,
                44.637519
              ],
              [
                14.404063,
                44.610338
              ],
              [
                14.410004,
                44.600979
              ],
              [
                14.445567,
                44.565985
              ]
            ]
          ],
          [
            [
              [
                14.740489,
                44.778266
              ],
              [
                14.740489,
                44.770494
              ],
              [
                14.742931,
                44.765774
              ],
              [
                14.75408,
                44.757758
              ],
              [
                14.740896,
                44.76439
              ],
              [
                14.724946,
                44.767646
              ],
              [
                14.709972,
                44.76789
              ],
              [
                14.699474,
                44.765204
              ],
              [
                14.657888,
                44.798774
              ],
              [
                14.670421,
                44.799506
              ],
              [
                14.682872,
                44.798774
              ],
              [
                14.694835,
                44.796454
              ],
              [
                14.70574,
                44.792548
              ],
              [
                14.70574,
                44.798774
              ],
              [
                14.702322,
                44.802151
              ],
              [
                14.701427,
                44.804348
              ],
              [
                14.701345,
                44.807318
              ],
              [
                14.699474,
                44.813056
              ],
              [
                14.715831,
                44.803168
              ],
              [
                14.719981,
                44.798774
              ],
              [
                14.726817,
                44.798774
              ],
              [
                14.714122,
                44.818427
              ],
              [
                14.705821,
                44.82685
              ],
              [
                14.692068,
                44.833482
              ],
              [
                14.689789,
                44.836737
              ],
              [
                14.685802,
                44.847154
              ],
              [
                14.706798,
                44.844957
              ],
              [
                14.726817,
                44.840277
              ],
              [
                14.724132,
                44.844428
              ],
              [
                14.719981,
                44.854641
              ],
              [
                14.739024,
                44.85342
              ],
              [
                14.753266,
                44.845852
              ],
              [
                14.756114,
                44.835679
              ],
              [
                14.740489,
                44.826646
              ],
              [
                14.740489,
                44.820502
              ],
              [
                14.748057,
                44.816799
              ],
              [
                14.787364,
                44.789252
              ],
              [
                14.811534,
                44.779202
              ],
              [
                14.822439,
                44.77143
              ],
              [
                14.851248,
                44.737291
              ],
              [
                14.85906,
                44.717353
              ],
              [
                14.84962,
                44.703192
              ],
              [
                14.821462,
                44.720649
              ],
              [
                14.77296,
                44.760321
              ],
              [
                14.740489,
                44.778266
              ]
            ]
          ],
          [
            [
              [
                14.513927,
                44.662177
              ],
              [
                14.508067,
                44.653306
              ],
              [
                14.508556,
                44.645331
              ],
              [
                14.514985,
                44.642157
              ],
              [
                14.527517,
                44.647895
              ],
              [
                14.534353,
                44.634263
              ],
              [
                14.527354,
                44.627143
              ],
              [
                14.520356,
                44.621527
              ],
              [
                14.513357,
                44.618842
              ],
              [
                14.502289,
                44.620266
              ],
              [
                14.472992,
                44.620266
              ],
              [
                14.427908,
                44.656562
              ],
              [
                14.394542,
                44.707587
              ],
              [
                14.397227,
                44.751614
              ],
              [
                14.392751,
                44.752509
              ],
              [
                14.389903,
                44.754055
              ],
              [
                14.38738,
                44.755805
              ],
              [
                14.383556,
                44.757758
              ],
              [
                14.374522,
                44.753852
              ],
              [
                14.368175,
                44.761054
              ],
              [
                14.364268,
                44.7744
              ],
              [
                14.363048,
                44.806545
              ],
              [
                14.361583,
                44.815985
              ],
              [
                14.356619,
                44.81977
              ],
              [
                14.346039,
                44.820502
              ],
              [
                14.329845,
                44.83393
              ],
              [
                14.314138,
                44.893785
              ],
              [
                14.2942,
                44.908637
              ],
              [
                14.295177,
                44.913072
              ],
              [
                14.296235,
                44.91592
              ],
              [
                14.301524,
                44.922309
              ],
              [
                14.292491,
                44.940334
              ],
              [
                14.301524,
                44.943427
              ],
              [
                14.325206,
                44.93651
              ],
              [
                14.332286,
                44.932196
              ],
              [
                14.350271,
                44.912909
              ],
              [
                14.35963,
                44.908637
              ],
              [
                14.377126,
                44.908149
              ],
              [
                14.38738,
                44.909003
              ],
              [
                14.39324,
                44.914781
              ],
              [
                14.397227,
                44.929104
              ],
              [
                14.393565,
                44.93476
              ],
              [
                14.389008,
                44.950344
              ],
              [
                14.39031,
                44.960395
              ],
              [
                14.404063,
                44.94953
              ],
              [
                14.411388,
                44.956366
              ],
              [
                14.391449,
                44.969428
              ],
              [
                14.37672,
                44.986884
              ],
              [
                14.34669,
                45.047553
              ],
              [
                14.340831,
                45.055609
              ],
              [
                14.287446,
                45.10106
              ],
              [
                14.278494,
                45.113349
              ],
              [
                14.27768,
                45.127997
              ],
              [
                14.288585,
                45.14883
              ],
              [
                14.299571,
                45.16234
              ],
              [
                14.31365,
                45.172431
              ],
              [
                14.331879,
                45.175849
              ],
              [
                14.356212,
                45.169257
              ],
              [
                14.364106,
                45.15762
              ],
              [
                14.360525,
                45.117621
              ],
              [
                14.363048,
                45.093573
              ],
              [
                14.36964,
                45.075507
              ],
              [
                14.387706,
                45.039049
              ],
              [
                14.412283,
                45.003648
              ],
              [
                14.417654,
                44.997992
              ],
              [
                14.430837,
                44.990302
              ],
              [
                14.453868,
                44.987982
              ],
              [
                14.466075,
                44.98371
              ],
              [
                14.473481,
                44.971422
              ],
              [
                14.471039,
                44.953925
              ],
              [
                14.462576,
                44.935981
              ],
              [
                14.451915,
                44.922309
              ],
              [
                14.459239,
                44.915432
              ],
              [
                14.449962,
                44.898017
              ],
              [
                14.448497,
                44.883734
              ],
              [
                14.451915,
                44.850898
              ],
              [
                14.464854,
                44.821438
              ],
              [
                14.466563,
                44.804836
              ],
              [
                14.451915,
                44.798774
              ],
              [
                14.457042,
                44.787746
              ],
              [
                14.469249,
                44.773098
              ],
              [
                14.472911,
                44.765204
              ],
              [
                14.473888,
                44.754543
              ],
              [
                14.467621,
                44.742133
              ],
              [
                14.466075,
                44.729804
              ],
              [
                14.472179,
                44.707953
              ],
              [
                14.485606,
                44.692084
              ],
              [
                14.501313,
                44.678168
              ],
              [
                14.513927,
                44.662177
              ]
            ]
          ],
          [
            [
              [
                14.723399,
                44.943345
              ],
              [
                14.706391,
                44.946723
              ],
              [
                14.657888,
                44.970038
              ],
              [
                14.628917,
                44.978176
              ],
              [
                14.624522,
                44.9855
              ],
              [
                14.62379,
                45.00141
              ],
              [
                14.626313,
                45.037258
              ],
              [
                14.62086,
                45.0456
              ],
              [
                14.603282,
                45.038967
              ],
              [
                14.603282,
                45.032172
              ],
              [
                14.616954,
                45.024644
              ],
              [
                14.590668,
                45.023261
              ],
              [
                14.510509,
                45.032172
              ],
              [
                14.485362,
                45.038031
              ],
              [
                14.460134,
                45.052395
              ],
              [
                14.438731,
                45.070502
              ],
              [
                14.425059,
                45.087348
              ],
              [
                14.433116,
                45.095852
              ],
              [
                14.44158,
                45.099799
              ],
              [
                14.451182,
                45.10102
              ],
              [
                14.462657,
                45.10102
              ],
              [
                14.466482,
                45.105292
              ],
              [
                14.465831,
                45.114691
              ],
              [
                14.467052,
                45.124091
              ],
              [
                14.476329,
                45.128363
              ],
              [
                14.514008,
                45.129055
              ],
              [
                14.530121,
                45.134833
              ],
              [
                14.521251,
                45.14883
              ],
              [
                14.53419,
                45.162177
              ],
              [
                14.539561,
                45.170396
              ],
              [
                14.541759,
                45.1789
              ],
              [
                14.539399,
                45.186835
              ],
              [
                14.535899,
                45.194159
              ],
              [
                14.536876,
                45.201728
              ],
              [
                14.548025,
                45.210273
              ],
              [
                14.549815,
                45.221422
              ],
              [
                14.548839,
                45.23017
              ],
              [
                14.543793,
                45.235745
              ],
              [
                14.534353,
                45.237535
              ],
              [
                14.548839,
                45.248725
              ],
              [
                14.563324,
                45.249742
              ],
              [
                14.595876,
                45.237535
              ],
              [
                14.58546,
                45.23786
              ],
              [
                14.582205,
                45.237535
              ],
              [
                14.583995,
                45.23017
              ],
              [
                14.587169,
                45.224351
              ],
              [
                14.591319,
                45.219875
              ],
              [
                14.595876,
                45.216498
              ],
              [
                14.610688,
                45.198065
              ],
              [
                14.62379,
                45.175482
              ],
              [
                14.597423,
                45.166449
              ],
              [
                14.612559,
                45.159247
              ],
              [
                14.643728,
                45.156806
              ],
              [
                14.665294,
                45.161811
              ],
              [
                14.670909,
                45.143459
              ],
              [
                14.658946,
                45.108344
              ],
              [
                14.665294,
                45.087348
              ],
              [
                14.678071,
                45.07746
              ],
              [
                14.695974,
                45.073432
              ],
              [
                14.740489,
                45.073065
              ],
              [
                14.740001,
                45.044338
              ],
              [
                14.799815,
                45.005194
              ],
              [
                14.814952,
                44.977484
              ],
              [
                14.808767,
                44.977484
              ],
              [
                14.797211,
                44.97134
              ],
              [
                14.784679,
                44.969306
              ],
              [
                14.772227,
                44.97134
              ],
              [
                14.760916,
                44.977484
              ],
              [
                14.747244,
                44.970038
              ],
              [
                14.747244,
                44.963813
              ],
              [
                14.760753,
                44.955146
              ],
              [
                14.756847,
                44.948717
              ],
              [
                14.742035,
                44.944729
              ],
              [
                14.723399,
                44.943345
              ]
            ]
          ],
          [
            [
              [
                16.310313,
                43.507758
              ],
              [
                16.334158,
                43.501532
              ],
              [
                16.375255,
                43.49018
              ],
              [
                16.370779,
                43.48432
              ],
              [
                16.333344,
                43.481391
              ],
              [
                16.281993,
                43.487942
              ],
              [
                16.267345,
                43.486884
              ],
              [
                16.2588,
                43.483547
              ],
              [
                16.24643,
                43.481431
              ],
              [
                16.230642,
                43.483222
              ],
              [
                16.218272,
                43.486314
              ],
              [
                16.211436,
                43.490058
              ],
              [
                16.211762,
                43.495551
              ],
              [
                16.218923,
                43.497748
              ],
              [
                16.223318,
                43.497382
              ],
              [
                16.229991,
                43.496161
              ],
              [
                16.2435,
                43.49494
              ],
              [
                16.252208,
                43.499945
              ],
              [
                16.248057,
                43.508287
              ],
              [
                16.264415,
                43.512885
              ],
              [
                16.310313,
                43.507758
              ]
            ]
          ],
          [
            [
              [
                14.759776,
                44.29206
              ],
              [
                14.773448,
                44.285142
              ],
              [
                14.791677,
                44.272528
              ],
              [
                14.789724,
                44.266913
              ],
              [
                14.775401,
                44.266588
              ],
              [
                14.765961,
                44.265041
              ],
              [
                14.759939,
                44.259833
              ],
              [
                14.748546,
                44.261664
              ],
              [
                14.738129,
                44.272121
              ],
              [
                14.739594,
                44.280178
              ],
              [
                14.749685,
                44.280219
              ],
              [
                14.753184,
                44.283515
              ],
              [
                14.753184,
                44.291002
              ],
              [
                14.759776,
                44.29206
              ]
            ]
          ],
          [
            [
              [
                14.613455,
                44.340806
              ],
              [
                14.643565,
                44.325751
              ],
              [
                14.661388,
                44.308661
              ],
              [
                14.6574,
                44.305243
              ],
              [
                14.640798,
                44.311835
              ],
              [
                14.598888,
                44.339057
              ],
              [
                14.595063,
                44.347113
              ],
              [
                14.613455,
                44.340806
              ]
            ]
          ],
          [
            [
              [
                14.797862,
                44.377672
              ],
              [
                14.805675,
                44.367825
              ],
              [
                14.811209,
                44.350043
              ],
              [
                14.801036,
                44.343085
              ],
              [
                14.785167,
                44.346869
              ],
              [
                14.774181,
                44.352484
              ],
              [
                14.756196,
                44.364
              ],
              [
                14.757823,
                44.37226
              ],
              [
                14.76824,
                44.384223
              ],
              [
                14.763438,
                44.415351
              ],
              [
                14.7671,
                44.416653
              ],
              [
                14.771658,
                44.417873
              ],
              [
                14.782888,
                44.418931
              ],
              [
                14.79477,
                44.414496
              ],
              [
                14.803233,
                44.405504
              ],
              [
                14.805024,
                44.395738
              ],
              [
                14.799653,
                44.387641
              ],
              [
                14.796723,
                44.381293
              ],
              [
                14.797862,
                44.377672
              ]
            ]
          ],
          [
            [
              [
                14.244151,
                44.661444
              ],
              [
                14.265798,
                44.679511
              ],
              [
                14.280447,
                44.677558
              ],
              [
                14.28004,
                44.667792
              ],
              [
                14.274181,
                44.661689
              ],
              [
                14.260916,
                44.659491
              ],
              [
                14.259451,
                44.658189
              ],
              [
                14.257335,
                44.656724
              ],
              [
                14.256847,
                44.653062
              ],
              [
                14.258474,
                44.647854
              ],
              [
                14.256358,
                44.642401
              ],
              [
                14.256684,
                44.63703
              ],
              [
                14.259044,
                44.634101
              ],
              [
                14.265798,
                44.625393
              ],
              [
                14.271169,
                44.612535
              ],
              [
                14.264008,
                44.611558
              ],
              [
                14.252208,
                44.616848
              ],
              [
                14.239757,
                44.619859
              ],
              [
                14.232595,
                44.626044
              ],
              [
                14.233572,
                44.634833
              ],
              [
                14.235606,
                44.642239
              ],
              [
                14.244151,
                44.661444
              ]
            ]
          ]
        ]
      }
    }
  ],
  "metadata": {
    "referenceDate": "1914-07-28",
    "completionStatus": "complete-under-modern-coastline-policy",
    "geometryPolicy": {
      "terrestrialBorders": "1914 reconstructed historical borders",
      "adriaticCoastline": "Current Pando canonical Natural Earth v5.1.1 coastline, intentionally retained pending optional future shoreline reconstruction",
      "bodensee": "Current Pando canonical boundary retained by project decision",
      "stelvioTripoint": "Historical Piz da las Trais Linguas / Dreisprachenspitze tripoint fixed at [10.452726, 46.530948]; local Italy side corrected with surviving Trentino-Alto Adige regional boundary before rejoining HistoGIS"
    },
    "sourceBasis": [
      "ACDH-CH HistoGIS historical state/crownland boundaries (CC BY 4.0)",
      "Pando assets/data/countries-ne-5.1.1.geojson / Natural Earth v5.1.1 for modern coastline and Bodensee",
      "Modern Trentino-Alto Adige regional boundary for local Stelvio historical-frontier correction"
    ],
    "qa": {
      "geometryType": "MultiPolygon",
      "featureCount": 1,
      "componentCount": 24,
      "mainRingVertices": 7076,
      "coordinateCount": 7898,
      "allRingsClosed": true,
      "selfIntersectionCount": 0,
      "areaKm2Approx": 674638.812
    }
  }
}