{"type":"FeatureCollection","name":"pandolab-german-empire-1914-modern-coast-r1","features":[{"type":"Feature","id":"historical-country:deutsches-reich:1914-modern-coast-r1","properties":{"name":"Deutsches Reich","englishName":"German Empire","referenceDate":"1914-07-31","status":"working-base-modern-coastline","coastlineBasis":"Current website DEU/DNK/POL/RUS/LTU coastline; historical land borders retained outside coastal surgery zone","coastlineNote":"Intermediate geometry only. Modern coastline will later be replaced by a reconstructed 1914 coastline.","heligoland":"High-resolution modern Helgoland/Düne geometry retained."},"geometry":{"type":"MultiPolygon","coordinates":[[[[6.0139833992725915,50.22265936494979],[6.008479030199139,50.26642806368983],[6.013243674556421,50.30984143935452],[6.0101538729472015,50.314380150701105],[5.9860607616854695,50.318845668988885],[5.976750894142325,50.327867960459294],[5.978689651694046,50.33085751376694],[5.995351257167486,50.33361558529453],[6.019509519731081,50.348396556538816],[6.021072546035664,50.35378731570642],[6.013499506519189,50.36670250994337],[5.985033152309476,50.37832546775816],[5.9776048398505806,50.392823135101665],[5.9859047945872605,50.40813761700496],[5.97518860181063,50.43377573801358],[5.980935734941708,50.4466547430542],[5.985634058263485,50.44834221571649],[6.014627009479026,50.44789762885531],[6.016723256798727,50.45033256038042],[6.012065450168747,50.4737869431445],[6.013558430080435,50.4956098212281],[6.016220244051672,50.49918407793605],[6.059721577315936,50.525053454134834],[6.095688702230675,50.52867509177551],[6.113756442549372,50.5268627669177],[6.123495681409244,50.52959176967346],[6.134638479734175,50.53838878131328],[6.139353219387647,50.54747205468822],[6.13465515885546,50.54936770873817],[6.113743090995889,50.58539584628323],[6.11030238976199,50.58827218523318],[6.082275212503029,50.59680980834276],[6.063240453983462,50.59940888720361],[6.0450607083688555,50.614524298565655],[6.036659948421356,50.61452388542753],[6.021851614745541,50.60859620293404],[6.009589843343222,50.61619652701156],[6.013872689937014,50.630972207354574],[6.003864244028131,50.650584575704436],[5.984403129797562,50.668326255714135],[5.9752767168720196,50.678659631209904],[5.971092553137342,50.69360364568034],[5.990649317441801,50.70921032697301],[6.003796889445559,50.71723247135903],[6.017642505919096,50.72956407908937],[6.019189622727096,50.73942424452299],[6.013067033100462,50.75322006838049],[6.011607987801577,50.75490013567699],[6.011607987801581,50.754900135677005],[6.006760923150652,50.760507837232346],[6.000592489099501,50.767643295512954],[6.008021095228676,50.788975124967315],[6.006545678677228,50.791741871958216],[5.984662553427021,50.7961172094162],[5.982799816363103,50.797813987508185],[5.982811943929347,50.802516714181145],[5.986646523393583,50.80398936412513],[6.021332526527702,50.80719820810166],[6.0264357441469585,50.81039073362006],[6.026301767383099,50.830881135910836],[6.039580224888676,50.84465988468185],[6.059756192373948,50.84866859406928],[6.0704448244364695,50.84842075918503],[6.077500194547016,50.851121292440055],[6.091488323803379,50.874226919748374],[6.090321112855575,50.87966900857082],[6.079549409550661,50.892710983352394],[6.0788546469119735,50.89817589956936],[6.088569217268547,50.9157757498295],[6.038736497577474,50.93014756963412],[6.027244921914738,50.93344530780514],[6.022657908553917,50.94002314415351],[6.023313323073598,50.95748293495482],[6.033887288309551,50.97382734524595],[6.032682032994669,50.977320634425915],[6.014720980256286,50.98025951991958],[5.990364093757429,50.97900450504855],[5.967746643097091,50.98200399450631],[5.9667317694178665,50.98132167040143],[5.94929958756808,50.98437825661686],[5.911197014045803,50.97286532936222],[5.905762800219541,50.972960865512015],[5.903073755000354,50.97488847132762],[5.904412198589869,50.981440530519414],[5.90871735241727,50.99893099661858],[5.896854942816246,51.01736133577565],[5.875153025730035,51.04299557566354],[5.8787167286533775,51.048776508198365],[5.901088493624295,51.05687668354752],[5.924628707707555,51.06465531094179],[5.9399451269205175,51.05592785780401],[5.947391460156137,51.042103760691205],[5.951390689207407,51.03975796468001],[5.965638196729334,51.03999752538181],[5.979184816025619,51.0520103589324],[5.983984015612671,51.06595081557902],[6.010628527155031,51.086374485075694],[6.036409749248458,51.09900855657051],[6.055780471062629,51.110118967170266],[6.0862106115726515,51.12357381392484],[6.105755963164864,51.13349312674247],[6.1337726506837065,51.14383654947452],[6.169948119038236,51.144538610086805],[6.175211933218322,51.14645817305933],[6.181348241540492,51.15065801716],[6.181332865116621,51.15465526086673],[6.1593619903199945,51.16595718154939],[6.174401711103604,51.1818082143031],[6.161185598165039,51.18803860854468],[6.156552320284993,51.18816894995918],[6.1254438572161485,51.17949245920645],[6.100835230549958,51.1732596389494],[6.093269914172736,51.17477909909231],[6.082034256385586,51.18563094643297],[6.07583392979457,51.20436617577616],[6.078534062185092,51.21283805835448],[6.095207729213338,51.225629293626824],[6.0952063144165844,51.22562918510869],[6.095082740834895,51.225629624502524],[6.086464838711292,51.2357580531099],[6.090748714889797,51.24669089979898],[6.116673791117352,51.2664561178192],[6.1439024078871896,51.29104236567065],[6.159532800907206,51.31742368466235],[6.184087603720649,51.333531740914246],[6.1945192449407775,51.34119452449453],[6.202315772204293,51.344139897882044],[6.203900796551651,51.34756417847656],[6.223547885732369,51.36198066390176],[6.225253035042413,51.36730428131709],[6.222973598360826,51.37933511393876],[6.213632254013986,51.41030333265379],[6.217277597973864,51.449177847029475],[6.217032334509433,51.49619248149155],[6.211846146833326,51.51754340577012],[6.207604507252049,51.5235830958768],[6.178154546670562,51.54664842154529],[6.139883806623168,51.57688353229501],[6.109593379294649,51.5967931128523],[6.097701100258407,51.60741460858438],[6.0978691008148544,51.61436966925232],[6.102885953884112,51.62031564245207],[6.119199807657144,51.63918615085798],[6.117020626109672,51.64860145675694],[6.1057924107871635,51.653989982723566],[6.048082720777406,51.670714564902056],[6.029810730604397,51.6950922569378],[6.028093751818419,51.69737950303875],[6.029368300399831,51.703695294264975],[6.039973618457231,51.71146104917499],[6.040107602846658,51.71435157354238],[6.032579826772037,51.72290929883133],[5.991898832997587,51.74047548480103],[5.9694404304060535,51.74348837979325],[5.9607825495393625,51.745125923400934],[5.957854728794895,51.75122599135032],[5.96349469048238,51.759256650446225],[5.985508212341903,51.76756306873817],[5.9886247967025765,51.77105771052156],[5.986382371171497,51.78186658224148],[5.964069596889169,51.80512822571001],[5.950241549874642,51.81513142742784],[5.9471648741084255,51.82086644395396],[5.95111688456383,51.83005986087188],[5.962967095937224,51.834838415939124],[5.996687465086163,51.83418935396126],[6.029309804368666,51.84180929083261],[6.067141896385013,51.85688584463739],[6.075362401027829,51.85690973460213],[6.107213656518568,51.84872849778551],[6.140221946801013,51.84621561123804],[6.163953267014849,51.84435476537949],[6.146829844843061,51.86928643030103],[6.128832255431455,51.885269469368055],[6.127333102341413,51.88896811421893],[6.126485117396556,51.89249802399103],[6.130382461493636,51.89507470479355],[6.134437607537277,51.897695687925115],[6.167328764842224,51.904150767977356],[6.178270395185552,51.90222589053251],[6.19449180161117,51.89487235738748],[6.218461840635378,51.880578776085606],[6.263564319314931,51.87386461784202],[6.281914371848163,51.87267466366869],[6.3074181449776345,51.86171437720769],[6.352788605437891,51.85259890613686],[6.376170816120135,51.842412947538],[6.398805621775942,51.838138644138034],[6.410152379630292,51.83824919378643],[6.409584378699349,51.8390179097923],[6.402067005691631,51.84917250537205],[6.392945595856236,51.86173563869103],[6.395886028198851,51.86391508201842],[6.4077983368528315,51.864922034642994],[6.434873135413451,51.85858060357604],[6.4421836578600145,51.85832231823214],[6.465557500737058,51.85749325118001],[6.478185957293709,51.85704424427102],[6.490136753560431,51.85989094377685],[6.525758425340944,51.87524817030285],[6.568457846842305,51.887946878625925],[6.636204473165192,51.90058653957091],[6.687115496821631,51.91266719709171],[6.699020064190852,51.912694793702606],[6.727673804906912,51.89871201501125],[6.733475946002314,51.898396025040775],[6.752107759637038,51.907471438895094],[6.751678297667559,51.91032105181957],[6.785041609946952,51.92544553919238],[6.8002182668835305,51.952305172555654],[6.82869834133489,51.962733423102044],[6.832273123319762,51.9689680602836],[6.826783168377307,51.98918675705156],[6.794849306451553,52.00682109952095],[6.735444163509859,52.03631174894756],[6.699975336260904,52.0424549517098],[6.691799157899836,52.04680829251019],[6.691795190758693,52.05076713643126],[6.702177962794608,52.06457463018367],[6.737702522858928,52.0745028208962],[6.758883366377785,52.09151813153629],[6.763862544085519,52.11424234197293],[6.770129791902584,52.11720780056077],[6.797523130900878,52.116445301128024],[6.850834512965528,52.11522109333518],[6.873306272910168,52.12155869890676],[6.890279995965448,52.15131748798123],[6.9054629662119025,52.161638504398454],[6.9506766032939264,52.17251404779999],[6.969967717526007,52.18167144505543],[6.994498256500892,52.215989566472565],[7.001015056583533,52.21959062342689],[7.039796765317354,52.223910468676586],[7.065200321260826,52.236366842626104],[7.058685082629576,52.239025328109136],[7.038218221123708,52.269963749283086],[7.039090219019775,52.301283708512386],[7.065891020733306,52.3482295946541],[7.069037394141058,52.37237179136728],[7.062818997631244,52.38378092763729],[7.036260508163473,52.413039866237575],[6.9997041891831815,52.4436298597818],[6.990074039202641,52.46368002026981],[6.983257993749022,52.46537396362039],[6.965608420264209,52.45223668100828],[6.957198523104162,52.44707439639321],[6.93870158411317,52.435714299710355],[6.891726712807045,52.442574281941],[6.836560752204001,52.45624120871833],[6.786642340714717,52.45821111445472],[6.7285904991274865,52.47110474802319],[6.7015713539031125,52.4808935891401],[6.697914637601513,52.49712837641721],[6.695515327188946,52.50777249145063],[6.692796113096557,52.5254456827396],[6.678998044959348,52.54267871313968],[6.694070826702596,52.55526073064889],[6.713022900301302,52.55194449621646],[6.716293337131123,52.560934045848235],[6.722905580941668,52.56295570703185],[6.739435523309988,52.5596710502862],[6.754481637764288,52.56450615228363],[6.757678873500252,52.5667613492619],[6.757550087923805,52.570656661606186],[6.721159363433426,52.589803259172555],[6.721765250220413,52.617206874358395],[6.734003898175122,52.63739311767511],[6.749693355920655,52.64523294695289],[6.764150118254712,52.64706503183812],[6.792942076513601,52.643575543317226],[6.859200318049791,52.645881174827906],[6.893618900789379,52.64439851523374],[6.90998337149934,52.6413932283996],[6.91463210141348,52.637938201041614],[6.9269152348731735,52.63044350778051],[6.923324770587761,52.632634670755465],[6.967719000000003,52.636659],[6.982808000000001,52.632783],[7.018464999999998,52.62598800000001],[7.036655000000001,52.647382],[7.043992999999998,52.682624999999994],[7.0532949999999985,52.790577000000006],[7.061977000000003,52.824012],[7.072150999999999,52.841317],[7.0798570000000005,52.854424],[7.161918999999999,52.93263600000001],[7.183623000000003,52.966122000000006],[7.192821000000001,52.998006000000004],[7.194372000000002,53.03384400000001],[7.185070000000003,53.105442],[7.181349000000002,53.114174999999996],[7.176491999999999,53.11939400000001],[7.172667999999999,53.125751],[7.171944,53.137714],[7.174425000000003,53.14577499999999],[7.1885840000000005,53.167788999999985],[7.195404999999999,53.18499800000001],[7.198506000000001,53.200578],[7.1974719999999985,53.21662400000001],[7.194590999999996,53.245022000000006],[7.204437999999997,53.248277000000016],[7.215830999999999,53.255601000000006],[7.2246200000000025,53.262926],[7.233571999999998,53.273627],[7.236989999999998,53.285548999999996],[7.229502999999999,53.296576],[7.254730999999999,53.319525],[7.2683209999999985,53.323676000000006],[7.291515000000004,53.323920000000015],[7.313161999999998,53.320502],[7.3476669999999995,53.307359000000005],[7.366547000000003,53.302802],[7.342540000000003,53.32404199999999],[7.302908000000001,53.33274999999999],[7.0752060000000006,53.337592],[7.038259000000003,53.348578],[7.023611000000003,53.37641000000001],[7.023284999999999,53.450506999999995],[7.02768,53.467352999999996],[7.047047999999999,53.497707],[7.051443000000002,53.5126],[7.059744000000003,53.52171500000001],[7.079355999999999,53.521552],[7.119640000000004,53.516303],[7.125011000000002,53.524359],[7.134532,53.527410999999994],[7.141775,53.537177],[7.139984999999999,53.549791000000006],[7.131114000000003,53.556952],[7.101899000000004,53.56574100000001],[7.088878000000002,53.57371700000001],[7.086762000000001,53.58685900000001],[7.100921999999998,53.597886],[7.133148999999998,53.61127400000001],[7.169444000000003,53.635484],[7.188975000000004,53.64350000000001],[7.2260849999999985,53.666489999999996],[7.305024000000001,53.684801],[7.458831999999998,53.695136],[7.469574,53.690740999999996],[7.4802349999999995,53.68203400000001],[7.503917000000003,53.678656],[7.651378000000001,53.69696700000001],[7.951426999999999,53.72191],[8.031422999999997,53.708075],[8.031422999999998,53.700629],[8.024913000000003,53.67255299999999],[8.052907999999999,53.636298000000004],[8.094085999999997,53.60472200000002],[8.127615,53.590766],[8.127615000000002,53.584621],[8.119151000000002,53.571926],[8.134613000000003,53.56745000000001],[8.156748999999994,53.563666000000005],[8.167979000000006,53.553209],[8.164887,53.53522400000001],[8.155446999999995,53.52602800000001],[8.133799999999995,53.516303],[8.115732999999997,53.51072800000001],[8.076345,53.508612000000014],[8.058766999999998,53.502021],[8.076996000000001,53.468695],[8.086192,53.45612200000001],[8.099783000000004,53.44741400000001],[8.112477999999996,53.451077],[8.123871000000001,53.45400600000001],[8.140635999999997,53.45359900000001],[8.152354000000004,53.44977399999999],[8.171397000000006,53.436591],[8.178559,53.433743],[8.186696999999997,53.42951100000001],[8.194835000000001,53.420111],[8.205333000000003,53.41071199999998],[8.219736999999999,53.406439999999996],[8.236501,53.406724],[8.248708999999998,53.40839300000001],[8.259451,53.412299000000004],[8.271739,53.41950099999999],[8.292817,53.440497],[8.315115000000008,53.47492100000001],[8.320486000000008,53.509223],[8.291515000000004,53.529363999999994],[8.252208000000001,53.523098000000005],[8.231212,53.525214],[8.233165000000005,53.539862],[8.241709999999992,53.556301000000005],[8.248871000000007,53.590277],[8.257335000000001,53.604438],[8.270681,53.61286],[8.287608,53.61688899999999],[8.329355999999999,53.618109],[8.348481000000005,53.61286],[8.363292000000003,53.600572],[8.375499000000005,53.58690000000001],[8.387706000000003,53.57713500000001],[8.428071000000001,53.564764999999994],[8.513438,53.55475499999999],[8.552094000000004,53.543606],[8.552094,53.53620000000001],[8.528168000000004,53.523912],[8.506196,53.507960999999995],[8.490001000000001,53.48639600000001],[8.483897000000006,53.457343000000016],[8.485037000000007,53.40119000000001],[8.490896000000001,53.376450999999996],[8.504405000000007,53.35805899999999],[8.507335000000003,53.38279899999999],[8.496755000000002,53.445258],[8.497569000000007,53.474758],[8.512869000000007,53.49648700000001],[8.535817999999995,53.506171],[8.556651,53.518215],[8.565766000000004,53.546698],[8.560802000000006,53.551702999999996],[8.535167000000003,53.590766000000016],[8.527517,53.59662500000001],[8.517100000000005,53.61017499999999],[8.508311000000004,53.62514900000001],[8.501230999999997,53.644192],[8.487071000000002,53.66693800000001],[8.483897000000008,53.68358],[8.486094999999997,53.70042600000001],[8.492197999999995,53.71515500000001],[8.529633000000004,53.770697],[8.556162999999993,53.83095899999999],[8.573253,53.85765200000001],[8.587576000000006,53.870429],[8.607107,53.881537000000016],[8.629242000000003,53.889390000000006],[8.651865999999998,53.892483000000006],[8.672699,53.891588],[8.684581000000003,53.88849499999999],[8.709158000000002,53.87197499999999],[8.744639999999997,53.854153],[8.782480999999999,53.842475],[8.860688000000005,53.831],[8.903575000000004,53.83173200000001],[8.976248000000007,53.842434000000004],[9.016286999999995,53.840522],[9.035003999999997,53.853583],[9.114512999999997,53.865139],[9.193613999999997,53.86469100000001],[9.210703999999996,53.87197500000001],[9.224294000000006,53.865912000000016],[9.240733000000004,53.864163000000005],[9.274668999999992,53.865139],[9.283375999999993,53.86164],[9.305349,53.84455],[9.402680000000005,53.74241800000001],[9.442882000000006,53.714301000000006],[9.470958000000005,53.700629],[9.484711000000006,53.690090000000005],[9.498383000000004,53.65985699999999],[9.567068000000004,53.59959500000001],[9.582367,53.591295],[9.600922000000004,53.58633],[9.624766000000006,53.584621000000006],[9.637217999999995,53.581],[9.696625000000001,53.55662700000001],[9.764007999999997,53.547675],[9.819020999999994,53.540351],[9.832042,53.543606],[9.819591000000004,53.556627],[9.782074000000001,53.569729],[9.692392999999997,53.575914],[9.655772000000004,53.584621000000006],[9.583669,53.61245399999999],[9.550792000000001,53.634589],[9.539073000000005,53.66649000000001],[9.536142999999994,53.69375200000001],[9.532236999999995,53.711168],[9.522226999999997,53.71661999999999],[9.475270999999996,53.732164],[9.460216000000004,53.73541900000001],[9.435802000000002,53.74868399999998],[9.412446000000006,53.77875400000001],[9.396658000000006,53.811021000000004],[9.395193000000004,53.831],[9.358735000000003,53.839545000000015],[9.295584,53.871894],[9.257823000000004,53.885565],[9.220470000000004,53.89077400000001],[9.093434999999998,53.892483],[9.055430999999995,53.90289899999999],[9.029959000000002,53.907131000000014],[9.018321000000002,53.902737],[9.007822999999998,53.892483],[8.984630000000008,53.897040000000004],[8.949474,53.912909000000006],[8.916026000000006,53.937405000000005],[8.833344000000002,54.03644399999999],[8.871836999999996,54.046941999999994],[8.890636000000002,54.04779700000001],[8.914560999999996,54.043890999999995],[8.953867999999996,54.02830600000001],[8.975352,54.024075],[8.997244000000007,54.03021900000001],[9.004893000000006,54.041164],[9.013030999999994,54.060981],[9.018565000000006,54.08242400000001],[9.018321000000007,54.097886],[9.006684000000002,54.10813999999999],[8.988129000000006,54.11786500000001],[8.974456999999994,54.128079],[8.977306000000002,54.139472000000005],[8.977305999999997,54.14569699999999],[8.952891000000003,54.150092],[8.917979,54.146308],[8.885427,54.13703000000001],[8.867441999999995,54.12518999999999],[8.860687999999996,54.12519],[8.833343999999993,54.15314399999999],[8.815684000000005,54.175605],[8.812836,54.180487],[8.820974000000005,54.200507],[8.836273999999998,54.21775999999999],[8.846689999999997,54.233546999999994],[8.839610000000006,54.248725000000015],[8.839609999999999,54.255561],[8.851899,54.261054],[8.894215999999995,54.268215],[8.911469000000002,54.269192],[8.922048000000006,54.274237],[8.937511000000002,54.286689000000024],[8.953135999999995,54.302558],[8.963144999999999,54.317612999999994],[8.940278000000003,54.315009],[8.902599000000002,54.29584400000002],[8.881114,54.290268999999995],[8.883066999999995,54.29360599999999],[8.885916,54.30072700000001],[8.887950000000009,54.30394100000001],[8.857594999999998,54.301825],[8.805430999999995,54.292426],[8.774669000000006,54.29026900000001],[8.738942999999997,54.29389100000001],[8.723480999999994,54.29026900000001],[8.690196000000006,54.27147],[8.678476999999997,54.269192000000004],[8.651865999999997,54.27484799999999],[8.623383000000008,54.29010700000001],[8.602711999999999,54.312079],[8.599864000000006,54.338080000000005],[8.614024000000008,54.34837499999998],[8.641367999999998,54.355657999999984],[8.672048,54.35928],[8.695566999999999,54.358588000000005],[8.69556700000001,54.365424],[8.677582,54.367906],[8.663829,54.375555999999996],[8.650644999999995,54.37799699999999],[8.634776000000006,54.36542399999999],[8.626230999999999,54.37641],[8.629161000000005,54.38768100000001],[8.638438,54.39813900000001],[8.648448,54.406399],[8.669770000000005,54.40082399999999],[8.750824000000005,54.41380400000001],[8.860687999999996,54.41380400000001],[8.886077999999994,54.417792000000006],[8.907236999999997,54.425523000000005],[8.949473999999995,54.447333],[8.988048000000003,54.458441],[9.004731000000003,54.46588800000001],[9.011485000000002,54.482123],[9.011567000000005,54.50633400000001],[8.986095000000006,54.529283],[8.904470000000007,54.58063400000002],[8.892833000000007,54.59125399999999],[8.887950000000005,54.60187400000001],[8.878754000000002,54.60651300000001],[8.858165000000005,54.606147],[8.837086999999999,54.60268799999999],[8.825856999999996,54.598131],[8.819021000000008,54.60561799999999],[8.853281999999993,54.61928900000001],[8.818370000000007,54.673651],[8.805431,54.687567],[8.776703000000003,54.697983999999984],[8.722667000000005,54.725531000000004],[8.688730999999999,54.735296999999996],[8.688731000000008,54.742174],[8.694346999999997,54.76024000000002],[8.681326000000004,54.78058500000001],[8.661876000000007,54.800605000000004],[8.648448000000004,54.817857],[8.642750999999993,54.844184],[8.647226999999999,54.867377],[8.660775999999995,54.896311000000004],[8.668793000000004,54.91352],[8.661388000000004,54.92031500000001],[8.674814999999995,54.947943],[8.666351999999996,54.973333999999994],[8.650400999999999,54.997992],[8.640961000000006,55.02338300000001],[8.644786000000005,55.055732],[8.656504999999996,55.082505999999995],[8.670909000000004,55.10712300000001],[8.681895000000006,55.133205],[8.575531,55.14411],[8.563650000000006,55.143378],[8.559906000000003,55.13507700000001],[8.557384,55.096380999999994],[8.551117000000007,55.091376000000004],[8.541352,55.090277],[8.528574999999996,55.081976999999995],[8.514822,55.07078700000001],[8.499359999999992,55.065579000000014],[8.483896999999995,55.067613],[8.470224999999997,55.07859900000001],[8.458831999999996,55.103461],[8.460215999999996,55.127387],[8.466481999999994,55.151597],[8.470225000000003,55.177558],[8.488942999999999,55.19717],[8.530527999999999,55.200751000000004],[8.572602,55.193671],[8.593761000000006,55.18097600000001],[8.580332999999996,55.178941],[8.569509000000004,55.17377400000001],[8.552094000000004,55.160549],[8.555185999999997,55.14935899999999],[8.614757000000006,55.14435500000001],[8.669280999999996,55.136908000000005],[8.689463999999992,55.141588000000006],[8.687184999999996,55.16059000000001],[8.668793,55.194648],[8.655935000000001,55.237494],[8.648447999999998,55.28026],[8.650400999999999,55.29173399999999],[8.659352999999996,55.305813000000015],[8.661387999999999,55.314439],[8.659678999999997,55.327216],[8.648448,55.352281000000005],[8.643519082271439,55.376916837377394],[8.64926496274484,55.377384774016676],[8.667373727258148,55.377858914771714],[8.691534151413574,55.377827108181606],[8.691630539503468,55.378258232285916],[8.694112530356856,55.38605544379538],[8.698535725403335,55.39678722000712],[8.699319609528757,55.39807832425283],[8.700688080185053,55.40579992001681],[8.704386520735577,55.41622551612043],[8.709873334643095,55.42639225484154],[8.71709635129493,55.43620098878943],[8.725986324078612,55.44555599152194],[8.736457563561354,55.45436590015144],[8.749457514992214,55.464212544901166],[8.759466501419768,55.47116587152158],[8.770462808521483,55.47761993294158],[8.786772051327366,55.48642104634061],[8.792076535583595,55.4802028890398],[8.80641328000339,55.461017910441285],[8.813258644200632,55.45031180180684],[8.81807793598522,55.43925494782167],[8.825306485888989,55.417881074772815],[8.827553105328372,55.40944873147568],[8.834942911969252,55.37165402157688],[8.84288803657876,55.353736691659336],[8.846220607491318,55.34455194816492],[8.848140404994151,55.33523707194034],[8.849789800514403,55.32245747513803],[8.85020599690641,55.31113867706041],[8.848541626200303,55.29985781226931],[8.846467185476572,55.29123481882411],[8.842644188324199,55.27988645750592],[8.83925210171777,55.27356075736593],[8.840386870464712,55.2669017795105],[8.849188997777008,55.26600389372143],[8.857916982690934,55.26622885756219],[8.873773282086034,55.271155152873355],[8.888131562999114,55.27697285826744],[8.905740929146342,55.2781291051384],[8.91919987960175,55.2883314215588],[8.927227003792046,55.2958795957541],[8.914548145951477,55.309291455376574],[8.914171516570237,55.30953373765513],[8.913882913713346,55.309809233451894],[8.899525632580234,55.3201464900636],[8.902968058427335,55.342826334217946],[8.884617219487165,55.35068235960135],[8.877715569876349,55.35882919836479],[8.8802325665941,55.366622758897655],[8.88951479502798,55.36804864206852],[8.88782981868932,55.38950376830827],[8.90084602885268,55.39933480024529],[8.921081639392352,55.41023499973313],[8.921556541926472,55.41049098822256],[8.933739135499577,55.41704863670719],[8.953805757531262,55.428720525690856],[8.958792835708492,55.431026914864184],[8.974647728419265,55.43705345395177],[8.99274485346843,55.438251660727275],[9.032132947589222,55.43731199121575],[9.074729986370757,55.43229226124527],[9.080295886497428,55.43163530292913],[9.111293106640355,55.43294177390547],[9.116152697070515,55.43478515738574],[9.145851855986418,55.440256709380265],[9.170253976481304,55.44791639429347],[9.172067887349542,55.447999478442455],[9.187724476792832,55.44550750846962],[9.206236910045996,55.43808459583989],[9.218304998644955,55.43175261833963],[9.21437846028175,55.42403964790385],[9.214423142073391,55.42396164826306],[9.229618270498316,55.40686735593975],[9.230552019421335,55.406486649111294],[9.260292559806473,55.39436773063419],[9.285225148704802,55.3854598344388],[9.301435582026354,55.37966375066138],[9.301799165960983,55.379389994642736],[9.30905679861595,55.3789333496801],[9.330238650328633,55.37808243940499],[9.332373379967207,55.377461603867864],[9.351533349913591,55.371888035265215],[9.364693690400133,55.36860597808165],[9.372308714812146,55.36710539159078],[9.379207152474995,55.37010704018413],[9.39537040762351,55.382150609549434],[9.41088580459502,55.3826847021598],[9.410621604612897,55.38145925538736],[9.411297418205411,55.38459375400358],[9.409389853165294,55.387994218436546],[9.406025823136428,55.39499249808748],[9.397055373526713,55.39820761673034],[9.382044707085404,55.404180681995356],[9.368112151020686,55.41095004606544],[9.355387790724626,55.41845277643554],[9.343990676336176,55.42661908662817],[9.334027708048088,55.43537297463282],[9.3255926253041,55.44463291979797],[9.31876510971275,55.45431263217358],[9.313610010785911,55.46432184778277],[9.310176702784826,55.47456716282516],[9.308498580016709,55.48495289938681],[9.308592696871527,55.495381994859756],[9.310459557719984,55.50575690696275],[9.314083060513713,55.51598052601134],[9.318771258141423,55.524727279331756],[9.33489784656519,55.517305632918216],[9.346969515885847,55.51096134044201],[9.360327831060834,55.50319214574041],[9.37223827841174,55.494698079757185],[9.378189813464749,55.489443340610954],[9.38387022199402,55.489794237522894],[9.424644835135126,55.49119377503686],[9.44309472058806,55.4913119065155],[9.449114721369284,55.49101629617703],[9.45982639589054,55.49148462417914],[9.479554922103764,55.491176222464276],[9.498619931592842,55.48973945730105],[9.498057000000005,55.489447],[9.515635999999999,55.483140000000006],[9.534433999999994,55.483832],[9.536088024045013,55.48407839978602],[9.547758698881342,55.4821084335129],[9.554847475858105,55.480911015355915],[9.564991944764802,55.47979262075425],[9.591036394120517,55.47862198518387],[9.609140592222957,55.47730423187078],[9.626936613646148,55.4750007916008],[9.644258456441596,55.47173315592566],[9.660944645570314,55.467531806611014],[9.664171487170124,55.46649756690767],[9.659922999999996,55.45303],[9.648935999999997,55.44106700000001],[9.635265,55.435736000000006],[9.601409999999996,55.431829999999984],[9.586761999999997,55.427436],[9.592051999999999,55.416327],[9.604340000000008,55.40119000000001],[9.607920999999997,55.393256],[9.605154000000004,55.38202499999999],[9.599293999999997,55.373358],[9.600841000000008,55.365912],[9.621104000000004,55.358547],[9.633473999999994,55.351996],[9.645273999999997,55.34271900000001],[9.648284999999994,55.33291299999999],[9.634613000000005,55.32501899999999],[9.634613,55.317572],[9.644866999999996,55.310940000000016],[9.681894999999999,55.274644],[9.694184000000002,55.271633],[9.706064999999995,55.26508200000001],[9.710297000000002,55.24868399999999],[9.706554000000004,55.237006],[9.699474,55.229803999999994],[9.692881999999996,55.221015],[9.689788999999998,55.204901],[9.684418000000003,55.197576999999995],[9.671559999999998,55.19245],[9.655771999999999,55.189439],[9.642100000000005,55.188422],[9.583343999999997,55.194648],[9.569835,55.19253199999999],[9.561533999999995,55.18720100000001],[9.554941999999995,55.18056899999999],[9.545908999999996,55.17414],[9.521821000000003,55.16543200000001],[9.507172000000002,55.161933],[9.494394999999994,55.160549],[9.486338999999994,55.15623599999999],[9.486339000000003,55.147406],[9.494640000000006,55.140082],[9.511892,55.140082],[9.511891999999994,55.133205],[9.482431999999996,55.13377499999999],[9.468761000000008,55.13178100000002],[9.456554000000002,55.125718],[9.466644999999993,55.121405],[9.479176999999993,55.11969599999999],[9.508067000000006,55.119534],[9.521331999999996,55.11587099999999],[9.535818000000006,55.10687899999999],[9.559581000000007,55.08539499999999],[9.533702000000005,55.065823],[9.516612000000004,55.05654500000001],[9.498057,55.050686],[9.452403000000006,55.045356000000005],[9.434336999999998,55.03754300000001],[9.442881999999996,55.02338300000001],[9.455251000000004,55.02317899999999],[9.511892000000005,55.036363],[9.537364000000004,55.03538600000002],[9.545909,55.036363],[9.553232999999999,55.039618],[9.560231999999994,55.04442],[9.568533000000002,55.04877400000001],[9.579925999999997,55.050685999999985],[9.601573,55.045396],[9.641856000000002,55.019721],[9.662608000000006,55.009711],[9.717540000000007,55.001166000000005],[9.730968000000004,54.99542900000001],[9.738616999999994,54.980862],[9.760753000000001,54.904975000000015],[9.763194000000002,54.900458],[9.761566999999998,54.89740599999998],[9.751963999999994,54.893012],[9.737071000000007,54.892768000000004],[9.722991999999994,54.897650000000006],[9.711436000000003,54.89858600000001],[9.703461000000006,54.886176],[9.715994000000006,54.88377500000001],[9.727875000000006,54.879462],[9.737803999999995,54.873521000000004],[9.744477,54.866277999999994],[9.748301999999995,54.857856],[9.750255000000001,54.846259],[9.745941999999998,54.836005],[9.731211999999996,54.83152900000002],[9.719573999999998,54.83584200000001],[9.705332999999994,54.85456],[9.696624999999996,54.85887300000001],[9.655039999999994,54.857082],[9.642100000000005,54.85887300000001],[9.623302000000004,54.86530200000001],[9.624684999999998,54.869289],[9.632823000000004,54.873114000000015],[9.634612999999998,54.879340000000006],[9.616953999999994,54.894231999999995],[9.610361999999997,54.903225000000006],[9.617524000000005,54.90729400000001],[9.644215999999997,54.913275000000006],[9.638844999999996,54.92475],[9.615001,54.932685000000006],[9.586762000000004,54.92772],[9.581228000000007,54.92178],[9.568044000000006,54.901434999999985],[9.556813999999997,54.890325999999995],[9.550548000000001,54.882717],[9.545908999999995,54.87934000000001],[9.538341,54.877916],[9.522146000000005,54.87929899999999],[9.515147000000004,54.87592200000001],[9.498057000000005,54.864324999999994],[9.456390999999998,54.843817],[9.442882,54.83152900000001],[9.436290000000001,54.810452],[9.437503000000001,54.81041100000001],[9.451427000000008,54.810370000000006],[9.510996999999998,54.827826],[9.529959000000003,54.841497999999994],[9.554373000000005,54.847113],[9.566904999999995,54.860175],[9.579925999999999,54.86627800000001],[9.583180999999994,54.83026799999999],[9.631602000000003,54.819892],[9.693044000000008,54.81802000000001],[9.734630000000005,54.80731800000001],[9.752126000000002,54.799628000000006],[9.778087,54.793158000000005],[9.801768000000003,54.78339299999999],[9.812185,54.766059],[9.823740999999998,54.756741],[9.849864000000002,54.759344999999996],[9.895356,54.769477],[9.891448999999993,54.790269],[9.915050000000004,54.791205000000005],[9.947520000000006,54.779526999999995],[9.970470000000002,54.762641],[9.984141,54.72850200000001],[9.990489,54.720526],[9.999521999999995,54.71295800000001],[10.018240000000004,54.70123899999999],[10.005381999999997,54.695502],[9.992198,54.696479],[9.979827999999998,54.69977399999999],[9.97047,54.701239],[9.971038999999994,54.699042],[9.946299999999994,54.687649],[9.943126000000005,54.687567],[9.936697000000006,54.68500400000001],[9.932384000000004,54.685248],[9.929942000000002,54.683092],[9.929454000000007,54.673896],[9.944101999999999,54.67332600000001],[9.970225000000005,54.67792399999998],[9.996349000000002,54.678778],[10.011404,54.66706000000001],[10.022146000000001,54.672430999999996],[10.033539000000003,54.672919],[10.039073000000007,54.66681499999999],[10.031911999999995,54.652777],[10.036956999999996,54.63890200000001],[10.037608000000002,54.619086],[10.031912,54.577704000000004],[10.026866000000004,54.559962999999996],[10.020030000000004,54.54584400000001],[10.010426999999995,54.53432899999999],[9.997812999999995,54.523668000000015],[9.965587000000005,54.50617100000001],[9.925303999999997,54.493109000000004],[9.882008999999998,54.484849],[9.840099000000004,54.48212300000001],[9.840099000000006,54.475287],[9.883310999999999,54.462104000000004],[10.124685,54.495754],[10.143403000000005,54.491848],[10.203868000000007,54.46100500000001],[10.183929999999995,54.449368],[10.183849000000002,54.438422],[10.191742000000001,54.42617400000001],[10.197032000000007,54.41010200000001],[10.191253999999994,54.396715],[10.177094000000002,54.384263],[10.159028000000006,54.375312],[10.141774999999997,54.37226000000001],[10.144379000000002,54.370022000000006],[10.147797000000008,54.36831300000001],[10.148284999999994,54.36518000000001],[10.141774999999997,54.358588000000005],[10.152517000000007,54.35179300000001],[10.155527999999999,54.34341100000002],[10.151622000000007,54.33397000000001],[10.141774999999999,54.32440800000001],[10.163747999999996,54.32916900000001],[10.180349000000003,54.341132000000016],[10.203868000000005,54.372260000000004],[10.217133000000002,54.405422],[10.224376000000001,54.413804000000006],[10.234386000000006,54.41771100000001],[10.272146000000003,54.420071],[10.285818,54.424749999999996],[10.292490999999998,54.430161999999996],[10.297618000000003,54.435736000000006],[10.306895,54.441106999999995],[10.318369999999994,54.44330500000001],[10.360849999999997,54.44110700000001],[10.382822999999997,54.43476],[10.443369999999991,54.406399000000015],[10.601084999999994,54.36542399999999],[10.690196,54.316230000000004],[10.731293000000004,54.310207],[10.77711,54.315131],[10.810801999999999,54.32737900000001],[10.867930999999997,54.35858799999999],[10.90089,54.371039],[10.935313000000004,54.379543000000005],[11.018809000000006,54.385891],[11.018809000000006,54.379096000000004],[11.000823999999998,54.378567],[10.975840999999997,54.37840400000001],[10.993175,54.373847000000005],[11.010509000000006,54.377183],[11.033946000000002,54.36762100000001],[11.104176999999998,54.39289000000001],[11.135509000000008,54.385891],[11.098398999999992,54.361518],[11.087738,54.35175199999999],[11.081798000000003,54.354640999999994],[11.066579999999997,54.35858799999999],[11.077403,54.342231],[11.086599000000007,54.302436],[11.094493,54.283515],[11.087087000000007,54.270901],[11.087737999999993,54.253892],[11.094493000000007,54.22508400000001],[11.090179999999997,54.207994],[11.080576999999996,54.198879000000005],[11.070974000000005,54.192572],[11.066580000000002,54.183904999999996],[10.950450000000007,54.139471999999984],[10.910330000000005,54.109198],[10.892833000000007,54.102525],[10.852387,54.09430600000002],[10.84457399999999,54.094468000000006],[10.836110999999995,54.089993],[10.829356000000004,54.092841],[10.822276,54.097357],[10.813323999999996,54.097886],[10.805431,54.094875],[10.801442999999997,54.092230999999984],[10.762869000000002,54.05683],[10.752615000000002,54.050116],[10.752614999999993,54.043891],[10.765879999999997,54.024359000000004],[10.780447000000006,54.009955000000005],[10.799653000000005,54.00055599999999],[10.826914999999996,53.995429],[10.865571,53.997789000000004],[10.875499000000001,53.995429],[10.882578999999993,53.98505299999999],[10.883556000000006,53.973131],[10.88738,53.963935],[10.90211,53.96137100000001],[10.906015999999992,53.961208000000006],[10.917654000000004,53.960761],[10.922618000000007,53.96137100000001],[10.935395000000003,53.96727100000001],[10.964692,53.985419],[10.981212000000003,53.98924400000001],[11.000255000000001,53.99160400000001],[11.053476999999999,54.00849],[11.175059000000001,54.018012000000006],[11.183848999999995,54.016018],[11.190766000000002,54.01032099999999],[11.197275999999999,53.99624300000001],[11.204355999999999,53.98924400000001],[11.239919000000002,53.983466],[11.245372000000001,53.97842],[11.240732999999997,53.955634],[11.242931000000002,53.945217],[11.255626000000007,53.940863],[11.285411000000002,53.939683],[11.293712000000006,53.940863],[11.334158000000002,53.96137100000001],[11.341806999999994,53.95831900000002],[11.352061000000008,53.944159],[11.358246000000007,53.940863],[11.399913,53.940863],[11.400401000000002,53.93773],[11.438731,53.909124999999996],[11.446299999999995,53.906155],[11.457693000000003,53.906155],[11.458995,53.916692999999995],[11.469086000000003,53.932765999999994],[11.476816999999997,53.952704],[11.472422999999997,53.968817000000016],[11.479827999999998,53.97614200000001],[11.489512999999999,53.98061800000001],[11.497895,53.98183800000001],[11.495942000000003,53.986314],[11.493500000000001,53.997626000000004],[11.491709999999996,54.00234600000002],[11.52589,54.022773000000015],[11.525890000000002,54.03021900000001],[11.519054000000004,54.03021900000001],[11.519054000000004,54.036443999999996],[11.544606999999997,54.03017800000001],[11.553233000000008,54.03021900000001],[11.573496999999994,54.039049000000006],[11.591319000000007,54.065619000000005],[11.604746999999996,54.071234],[11.612804000000006,54.07290299999999],[11.619394999999999,54.077297],[11.624521999999995,54.08364499999999],[11.628916999999998,54.091051],[11.629568,54.096014999999994],[11.622081000000003,54.09955499999999],[11.622081,54.10468199999998],[11.625254999999996,54.10980899999999],[11.629405,54.113227000000016],[11.633149000000003,54.11591200000001],[11.657887999999994,54.142239],[11.689707999999998,54.155219000000024],[11.728770000000003,54.158515],[11.812265999999996,54.14980700000001],[12.050628999999995,54.179918],[12.088144999999999,54.19407800000001],[12.093272000000004,54.165432],[12.089528999999997,54.137641000000016],[12.091644999999998,54.11399999999999],[12.115001,54.09788600000001],[12.105316999999998,54.11001199999999],[12.100352000000004,54.135972],[12.095062999999994,54.145697],[12.105479000000004,54.15737500000001],[12.134287999999996,54.166978000000015],[12.142833000000005,54.180487],[12.131601999999996,54.181138],[12.12086,54.179999],[12.110606000000002,54.17743600000001],[12.101328999999996,54.173651],[12.108897,54.18301],[12.142832999999994,54.209174],[12.163096999999997,54.21991599999999],[12.186860000000005,54.243354000000004],[12.200937999999994,54.24872500000001],[12.214041000000003,54.25096299999999],[12.289398999999998,54.275092],[12.327321999999995,54.293769],[12.342133,54.303941],[12.378183999999994,54.344916],[12.438324,54.395818999999996],[12.444834999999994,54.40546299999999],[12.486094999999997,54.447333],[12.501964000000001,54.473578],[12.513438000000004,54.482245],[12.533865000000006,54.48826699999998],[12.533865,54.48212300000001],[12.527028999999999,54.482123],[12.548349999999994,54.462063],[12.591482,54.451727999999996],[12.819102000000006,54.451727999999996],[12.856619000000004,54.441106999999995],[12.879649000000006,54.448798],[12.908375999999993,54.444648],[12.921153000000004,54.433498],[12.896332000000001,54.420071],[12.870778999999999,54.416815],[12.763682000000005,54.42218699999999],[12.720957999999994,54.43158600000001],[12.694590999999994,54.43366100000001],[12.686778000000004,54.431627],[12.676117000000003,54.422553],[12.670421000000001,54.42007100000001],[12.650076000000006,54.420071],[12.624197000000008,54.422919000000014],[12.614512999999999,54.419745000000006],[12.608409000000005,54.406399000000015],[12.602224000000001,54.413804000000006],[12.596933999999997,54.411933],[12.588064000000003,54.407456999999994],[12.581716000000005,54.406399],[12.583506999999997,54.397854],[12.587657000000004,54.394029],[12.594005000000003,54.39276799999999],[12.602224000000003,54.392076],[12.598643000000003,54.39154700000001],[12.595875999999993,54.39150600000001],[12.594411999999998,54.390204],[12.594736999999997,54.385891],[12.575530999999994,54.391995],[12.554047000000006,54.39081499999999],[12.535980999999998,54.383734000000004],[12.527028999999999,54.37225999999999],[12.510753000000006,54.38426299999999],[12.490976999999994,54.390082],[12.454762999999998,54.392076],[12.438487000000004,54.387519],[12.424978000000003,54.375922],[12.418467999999995,54.360663],[12.424000999999993,54.344916],[12.409679000000004,54.34662500000001],[12.403818999999995,54.348090000000006],[12.396739000000002,54.351752000000005],[12.389903000000007,54.34491600000001],[12.396495000000003,54.332953],[12.391612000000002,54.32111200000001],[12.379079999999995,54.312445000000004],[12.362559000000003,54.310206999999984],[12.369639999999997,54.29657600000001],[12.37794,54.285875],[12.380138000000006,54.27708599999999],[12.368826,54.269192],[12.412446000000001,54.25141000000001],[12.436778000000004,54.24770700000001],[12.458181000000003,54.255561],[12.442638000000008,54.255194],[12.430837,54.25861200000001],[12.410330000000002,54.269192],[12.416840000000002,54.280951],[12.426279999999995,54.289618000000004],[12.451427000000006,54.303941],[12.457285999999991,54.306301],[12.468272000000002,54.308336],[12.472423000000003,54.310207],[12.475596999999993,54.315131000000015],[12.476573000000005,54.327786],[12.478688999999994,54.33185499999998],[12.495616,54.340277],[12.560557000000003,54.358588000000005],[12.547047999999998,54.364488000000016],[12.540781999999993,54.365424],[12.540781999999997,54.372260000000004],[12.559337,54.376288],[12.566090999999997,54.375922],[12.574229000000006,54.372260000000004],[12.574228999999994,54.379096000000004],[12.592947000000004,54.369330000000005],[12.622732000000001,54.373928000000014],[12.677257000000003,54.392076],[12.675059000000008,54.39541299999999],[12.672374000000007,54.402981],[12.670421000000001,54.406399000000015],[12.680837000000002,54.410875000000004],[12.692556000000002,54.41364200000001],[12.70484500000001,54.414618000000004],[12.717540000000007,54.413804000000006],[12.717539999999996,54.406399],[12.702484999999998,54.40411999999999],[12.692392999999996,54.396185999999986],[12.686534000000002,54.384752000000006],[12.684092999999997,54.372260000000004],[12.696624999999997,54.384955000000005],[12.701181999999998,54.391669],[12.704600000000003,54.399604],[12.713551999999998,54.390082],[12.723805999999996,54.38125200000002],[12.735036999999998,54.378159999999994],[12.746104000000008,54.385891],[12.757822999999998,54.37978800000001],[12.768565,54.380072],[12.778331000000001,54.384752000000006],[12.787120000000009,54.392075999999996],[12.789887000000002,54.384345],[12.794688000000008,54.377143],[12.800955000000002,54.37075400000001],[12.818043999999999,54.35797800000001],[12.821788000000003,54.356147],[12.825368999999998,54.35724499999999],[12.835459999999992,54.358588000000005],[12.854666000000002,54.357856],[12.864757,54.359565],[12.875987000000006,54.36542399999999],[12.884531999999998,54.37348099999999],[12.894867000000001,54.38971600000001],[12.903818999999997,54.399604],[12.929373,54.414374],[12.969086000000003,54.429389],[13.008799999999995,54.438056],[13.034190000000002,54.433660999999994],[13.021494999999994,54.426459],[13.021006999999997,54.41453700000001],[13.028575000000005,54.40184200000001],[13.040375000000001,54.392076],[13.083668999999997,54.37897400000001],[13.095550999999999,54.37225999999999],[13.076671000000001,54.35252500000001],[13.080739999999995,54.33714400000001],[13.109222999999998,54.310207],[13.112070999999995,54.29930199999999],[13.112070999999997,54.288478999999995],[13.114918999999997,54.28001499999999],[13.125987000000004,54.27659700000001],[13.170664999999998,54.276597],[13.170665000000007,54.269192],[13.161305999999994,54.269029],[13.154633,54.26732],[13.143403,54.263007],[13.176117,54.264838000000005],[13.228363000000002,54.247382],[13.263193999999999,54.24249900000001],[13.288829000000003,54.234280000000005],[13.321788000000002,54.194525],[13.348887999999997,54.180487],[13.333343999999993,54.17401799999999],[13.321544,54.16681500000001],[13.346528000000006,54.166937999999995],[13.383799999999997,54.178126999999996],[13.403494000000004,54.173651],[13.395681000000003,54.161933],[13.390880000000005,54.15729399999999],[13.382986000000004,54.15314399999999],[13.394786,54.14891200000002],[13.402110000000004,54.151313],[13.408702,54.154608],[13.417734999999993,54.15314399999999],[13.423188000000001,54.148098],[13.437672999999998,54.12519],[13.450368999999998,54.11041900000001],[13.465098999999997,54.098456],[13.483571999999993,54.09129500000001],[13.507091000000004,54.09105100000001],[13.507091,54.097886],[13.498870999999998,54.102484],[13.487477999999996,54.113918000000005],[13.479258999999994,54.11835400000001],[13.479258999999995,54.12519],[13.602711999999991,54.13947199999999],[13.632335000000001,54.14752800000001],[13.683441999999994,54.16803600000001],[13.711924999999999,54.173651],[13.716482000000005,54.168443],[13.714692000000005,54.164049],[13.708263000000004,54.16087500000001],[13.698253000000003,54.159329],[13.698253000000001,54.15314399999999],[13.728769999999997,54.143866],[13.808116000000004,54.10468199999998],[13.808116000000002,54.097886],[13.793711999999994,54.083197000000006],[13.785492000000007,54.063910000000014],[13.773204000000005,54.046332],[13.746104000000006,54.036443999999996],[13.758148999999996,54.030992],[13.78712,54.009101],[13.797618000000003,53.99892800000001],[13.803476999999992,53.996324000000016],[13.831798000000001,53.98924400000001],[13.83863399999999,53.98631399999999],[13.843110000000006,53.97956],[13.846201999999998,53.972235],[13.849132000000003,53.967597],[13.850270999999998,53.964016],[13.848969000000002,53.95945900000001],[13.848643000000001,53.955552000000004],[13.852549999999994,53.953843000000006],[13.866873000000004,53.95465700000001],[13.870128000000006,53.953843000000006],[13.875499000000003,53.951238999999994],[13.881601999999994,53.949042],[13.887949999999993,53.947576999999995],[13.893565,53.947089],[13.906015999999994,53.943061],[13.907562999999998,53.933539],[13.901378000000005,53.922309],[13.890146999999997,53.912909000000006],[13.818532999999997,53.87799699999999],[13.808116000000005,53.865139],[13.817067999999995,53.85293200000001],[13.83578499999999,53.847480000000004],[13.854339999999993,53.844916000000005],[13.862804000000006,53.841254],[13.869151000000004,53.83030800000002],[13.883800000000003,53.81769400000001],[13.899913000000007,53.809149000000005],[13.910655000000002,53.81049200000001],[13.984222999999998,53.773993],[14.017344999999999,53.76951699999999],[14.033539000000005,53.757514000000015],[14.037445999999992,53.755276],[14.061534,53.756415],[14.068857999999999,53.75527600000001],[14.094005000000006,53.746323999999994],[14.106130000000004,53.74335399999999],[14.186534000000002,53.739814],[14.214692000000005,53.74485900000001],[14.226573000000002,53.758694],[14.234140999999996,53.761785999999994],[14.250173000000007,53.759955],[14.264495999999998,53.75161400000001],[14.267425999999999,53.73541900000001],[14.259532000000002,53.727973000000006],[14.212737999999993,53.708075],[14.225351999999997,53.703762],[14.240001,53.70075099999999],[14.256195999999997,53.69944900000001],[14.263901000000008,53.699976],[14.273691999999995,53.700629000000006],[14.291676999999998,53.70526800000001],[14.304860999999999,53.712551],[14.306163,53.720689],[14.288585000000001,53.727973000000006],[14.29835,53.731431],[14.301605999999996,53.734849],[14.298350000000001,53.738267],[14.288585000000005,53.74164499999999],[14.2942,53.749091],[14.304047000000002,53.743883],[14.318043999999993,53.73973200000001],[14.330414000000005,53.73419800000002],[14.342051999999995,53.714911],[14.356211999999998,53.70844100000001],[14.383555999999992,53.700629],[14.403575000000005,53.687812],[14.414561,53.682359000000005],[14.458669000000008,53.677883],[14.512379999999997,53.66644900000001],[14.53101599999999,53.657782],[14.546235,53.644761],[14.579111999999997,53.607245],[14.590586999999992,53.598375000000004],[14.595876000000002,53.601304000000006],[14.597016000000002,53.617335999999995],[14.601572999999997,53.626654],[14.610037,53.63275800000001],[14.62379,53.639227999999996],[14.623057000000001,53.643012],[14.622812999999994,53.64695900000001],[14.62379,53.652818],[14.613047999999992,53.654689999999995],[14.587412999999998,53.656073],[14.575938000000003,53.659654],[14.544932000000003,53.70404700000001],[14.551443000000004,53.726142],[14.575937999999997,53.76951700000001],[14.587412999999996,53.763495],[14.597341000000002,53.765204],[14.608246,53.769029],[14.623789999999993,53.76951700000001],[14.616709999999994,53.794745000000006],[14.620372000000001,53.81484600000001],[14.627288999999992,53.83270899999999],[14.630625999999994,53.851508],[14.623789999999996,53.851508],[14.621349,53.83954500000001],[14.613536000000007,53.831610000000005],[14.589609999999999,53.817327999999996],[14.595875999999995,53.810491999999996],[14.587087,53.812649],[14.580089,53.815334],[14.574474000000004,53.81907799999999],[14.569102000000006,53.82416400000001],[14.574229,53.82709400000002],[14.583263000000004,53.83421500000001],[14.589610000000006,53.83783600000002],[14.575856999999997,53.854803999999994],[14.552094000000006,53.862779],[14.441173000000006,53.869615],[14.425547999999997,53.879827999999996],[14.438161999999995,53.899319],[14.434906000000005,53.901313],[14.434093000000006,53.90159700000001],[14.433767,53.902411],[14.431894999999995,53.906155000000005],[14.422048000000004,53.896145000000004],[14.414235999999995,53.894721],[14.405772,53.89740599999999],[14.393809,53.899319],[14.385101999999998,53.897284],[14.378266000000004,53.89232],[14.371593,53.88589099999999],[14.363048000000001,53.87938100000001],[14.392914000000001,53.87596299999999],[14.409189999999997,53.87156800000001],[14.417653999999999,53.865139],[14.415701000000002,53.853013],[14.405283999999991,53.844184000000006],[14.392588999999997,53.84072499999999],[14.383555999999999,53.844672],[14.356212,53.83445900000002],[14.342621,53.83185499999999],[14.328298,53.830999999999996],[14.328298000000002,53.824164],[14.342051999999999,53.82099000000001],[14.341318999999999,53.818915],[14.328298000000002,53.81732800000001],[14.318858000000004,53.818183],[14.303070999999992,53.82306499999999],[14.291351999999993,53.824164],[14.274668999999994,53.830797],[14.226572999999995,53.871975],[14.203135999999997,53.87832300000001],[14.200818999999997,53.87815699999999],[14.087413000000005,53.87042900000001],[14.065115000000006,53.87238200000001],[14.048349999999994,53.87938100000001],[14.025076000000004,53.863837],[13.995860000000002,53.85374600000001],[13.938486999999997,53.844672],[13.875255000000003,53.84406200000001],[13.840098999999997,53.850286999999994],[13.821787999999998,53.86513900000001],[13.834726999999999,53.867987],[13.855479000000004,53.877387],[13.887706000000005,53.881537000000016],[13.922373999999998,53.89337800000001],[13.931650999999995,53.899319000000006],[13.938975000000003,53.928208999999995],[13.901866000000002,53.96979400000001],[13.90447,53.995429],[13.954844999999995,53.99359799999999],[13.972667000000005,53.98924400000001],[13.965831000000003,53.98183800000001],[13.968271999999999,53.976264],[13.960297000000006,53.95673200000001],[13.958995000000002,53.94086299999999],[13.974620000000003,53.95734300000001],[13.987478000000001,53.96141200000002],[14.027843000000004,53.96137100000001],[14.022634,53.95897],[14.018565000000006,53.95636600000002],[14.015880000000001,53.952704],[14.014333999999995,53.947089],[14.048349999999994,53.940863],[14.040294000000005,53.95384299999999],[14.053070999999997,53.97842],[14.051280000000006,54.00507199999999],[14.037445999999994,54.021715000000015],[14.014334000000005,54.01601799999999],[14.006195999999997,54.03229399999999],[13.995291000000005,54.045722],[13.9817,54.056342],[13.965831000000007,54.06378800000001],[13.946055999999997,54.06659599999999],[13.926116999999994,54.064032],[13.915863000000002,54.056383000000004],[13.924815000000002,54.043891],[13.924815000000006,54.036443999999996],[13.916270000000003,54.03363699999999],[13.907236999999997,54.02749300000001],[13.899913000000003,54.019721000000004],[13.896983000000004,54.012274000000005],[13.890880000000008,54.010159],[13.855968000000004,54.002346],[13.858084,54.01577400000001],[13.865570999999992,54.024075],[13.873545999999996,54.029975],[13.876313000000003,54.036443999999996],[13.871104000000008,54.04865100000001],[13.863617000000001,54.04999399999999],[13.854991000000002,54.046332],[13.823008999999995,54.03790899999999],[13.808279,54.02631300000001],[13.794200000000005,54.018134],[13.774098999999998,54.022773000000015],[13.782074000000005,54.042141],[13.809254999999997,54.075100000000006],[13.814952000000007,54.10126400000001],[13.806163000000002,54.11664500000001],[13.765310000000005,54.141912999999995],[13.75293999999999,54.15314399999999],[13.762218000000003,54.164455],[13.777599000000004,54.17401799999999],[13.796153000000007,54.17829],[13.814951999999995,54.17365100000001],[13.823741,54.163967000000014],[13.844085999999997,54.13129300000001],[13.855967999999995,54.118354],[13.882498000000005,54.10244399999999],[13.948416,54.079779],[13.986175999999995,54.071234],[14.016612000000002,54.06000400000001],[14.192392999999992,53.946112],[14.209483000000008,53.93862500000001],[14.210052999999997,53.93846300000001],[14.226573,53.93402699999999],[14.237478000000001,53.928656],[14.268077000000003,53.92182],[14.367035000000003,53.91697800000001],[14.406749,53.92182],[14.445566999999999,53.93402699999999],[14.517345,53.965237],[14.781912000000005,54.034613000000014],[15.01010200000001,54.06980999999999],[15.288340999999999,54.138861],[15.468516,54.16714100000001],[15.665781999999993,54.198432000000004],[15.859710999999999,54.24998599999999],[16.020843999999997,54.261786],[16.131520999999992,54.283515],[16.118907,54.276028000000004],[16.069347000000004,54.263007],[16.091075,54.253973999999985],[16.17921,54.26300700000001],[16.179209999999998,54.269192],[16.172373999999998,54.269192],[16.172373999999994,54.27659700000001],[16.220063000000007,54.276597],[16.219574000000005,54.28148000000001],[16.218516000000008,54.282375],[16.216645,54.28205],[16.213226999999996,54.283515000000016],[16.215179999999997,54.299628],[16.192148999999997,54.300279],[16.137705999999998,54.290268999999995],[16.172130000000003,54.300238],[16.213552000000004,54.31610700000001],[16.27540099999999,54.358588000000005],[16.262868999999988,54.343695],[16.240489,54.330023999999995],[16.231781000000005,54.32257699999999],[16.240896000000006,54.32453000000001],[16.259044,54.326728],[16.274912999999994,54.33047100000002],[16.288829,54.340237],[16.323903999999995,54.34992100000001],[16.336762000000007,54.35858799999999],[16.32488,54.373114],[16.305024000000003,54.373481000000005],[16.296234999999992,54.36725499999999],[16.281586000000004,54.358588000000005],[16.323984999999997,54.401312999999995],[16.439788999999994,54.48826700000001],[16.43978899999999,54.48212300000001],[16.434418000000004,54.47235700000001],[16.444508999999993,54.469874999999995],[16.46062299999999,54.47345600000001],[16.473399000000004,54.482123],[16.479746999999996,54.49555099999999],[16.473888000000002,54.499661],[16.460947999999988,54.49648699999999],[16.446056,54.48826700000001],[16.466563000000004,54.51215200000001],[16.501313000000003,54.532416],[16.569590999999992,54.55719599999999],[16.77849399999999,54.575141],[16.859629999999996,54.59394],[16.902191999999992,54.598131000000016],[16.939952,54.60602400000001],[17.035818,54.66706],[17.33741300000001,54.749010000000006],[17.715668000000004,54.790432],[17.885426999999996,54.824122999999986],[18.152353999999992,54.838324],[18.316904999999995,54.838324],[18.339529,54.833482],[18.375824,54.815130999999994],[18.389171,54.81110300000001],[18.410167000000005,54.80829499999999],[18.751719999999995,54.69009],[18.813974999999992,54.643215000000005],[18.824066999999996,54.63222900000001],[18.834321,54.616685000000004],[18.835296999999997,54.603095],[18.817638,54.598131],[18.813242999999993,54.601549000000006],[18.80835999999999,54.608832],[18.802256999999994,54.616034],[18.784028000000006,54.623521],[18.77182099999999,54.64227900000001],[18.755382000000008,54.654486000000006],[18.707774,54.701239],[18.698496999999996,54.70380300000001],[18.663422000000004,54.707994],[18.654552000000002,54.710150000000006],[18.645029999999995,54.719550000000005],[18.616709999999998,54.725246],[18.556977000000003,54.749010000000006],[18.49822,54.76536699999999],[18.488780000000006,54.773179000000006],[18.456308999999994,54.787665],[18.447764999999997,54.789984000000004],[18.435557,54.786811],[18.429209999999998,54.781684],[18.41505,54.75311899999999],[18.413097000000008,54.746527],[18.413096999999997,54.73192],[18.418467999999994,54.72821700000001],[18.442393,54.72199100000001],[18.447765,54.71824800000001],[18.459809,54.706041],[18.474457000000005,54.687567],[18.473887999999995,54.679918],[18.47006299999999,54.67328500000001],[18.470388000000003,54.666734000000005],[18.48194399999999,54.65961300000001],[18.475921999999997,54.640082],[18.487315,54.631781],[18.506358,54.63410100000001],[18.52296,54.64655200000001],[18.517099999999996,54.62995],[18.525156999999997,54.61668499999999],[18.537608000000006,54.605455000000006],[18.562836000000004,54.56000399999999],[18.570649,54.55035999999999],[18.56674199999999,54.52741100000001],[18.567556,54.48786000000001],[18.574067,54.450385],[18.588064000000003,54.43366100000001],[18.603769999999994,54.43060899999999],[18.634287999999994,54.41693800000001],[18.649912999999998,54.413804000000006],[18.663340999999996,54.412991],[18.680023999999996,54.40998],[18.694346999999997,54.404527],[18.700449999999993,54.39581900000001],[18.717296,54.38202499999999],[18.885915999999995,54.350165000000004],[18.92318800000001,54.348538],[18.954356,54.358588000000005],[18.962901,54.353502],[18.974619999999994,54.349757999999994],[19.002126000000004,54.344916],[19.37720799999999,54.37763100000001],[19.459972,54.40102800000001],[19.499278000000004,54.406399],[19.531016000000005,54.414944],[19.592540000000003,54.452378999999986],[19.609548000000007,54.456732],[19.60963,54.456732],[19.626474999999992,54.46100500000001],[19.626475000000003,54.46845099999999],[19.734060000000003,54.525702],[19.83187900000001,54.598131],[19.883149,54.656195],[19.888681999999992,54.660224],[19.892833,54.661038000000005],[19.896332000000005,54.662177000000014],[19.900157,54.66706],[19.901052,54.671697999999985],[19.899262000000004,54.68301000000001],[19.900157,54.68756700000001],[19.905610000000003,54.69481000000001],[19.915211999999993,54.70254099999999],[19.930186,54.719428],[19.956308999999997,54.75690300000001],[19.961681,54.773179000000006],[19.958832000000005,54.796820000000004],[19.952322000000002,54.816311000000006],[19.925792,54.86713300000001],[19.922211,54.87661399999999],[19.920664999999996,54.88959400000001],[19.934337,54.916938],[19.940765999999993,54.934394],[19.95671599999999,54.95185000000001],[19.976736,54.964586000000004],[19.995860000000008,54.968084999999995],[20.021658,54.951238999999994],[20.033701999999998,54.94818800000001],[20.074961999999996,54.95441300000001],[20.143564999999995,54.95180900000001],[20.20582100000001,54.95844099999999],[20.365570999999996,54.946194000000006],[20.406993000000003,54.951606],[20.482432000000003,54.975531],[20.634043999999992,55.04877400000001],[20.808442,55.17625600000001],[20.822275999999995,55.180976000000015],[20.92456900000001,55.282658],[20.924814999999988,55.282904],[20.999521999999995,55.357001000000004],[21.041515,55.416082999999986],[21.082366999999994,55.49762599999999],[21.093109999999992,55.58169199999999],[21.099376,55.59870000000001],[21.093923000000007,55.603461],[21.099376,55.612982],[21.090668,55.633124],[21.093515999999994,55.695543000000015],[21.085216000000006,55.722846],[21.117441999999997,55.699773999999984],[21.131520999999985,55.655585000000016],[21.133556,55.568305],[21.131358000000002,55.555731999999985],[21.122080999999994,55.539008],[21.119883999999995,55.527045],[21.119884000000006,55.489447],[21.10840900000001,55.47308999999999],[21.092621,55.456610000000005],[21.087168999999996,55.441067000000004],[21.106212,55.427436],[21.106212000000006,55.421209999999995],[21.091807,55.410712],[21.073497000000003,55.391791000000005],[21.05762799999999,55.36945200000002],[21.050955,55.348862999999994],[21.037851999999997,55.328599000000004],[20.988942999999992,55.291327],[20.989431000000007,55.273116],[20.989512999999995,55.270413000000005],[20.951915000000003,55.254705999999985],[20.941091000000007,55.248684000000004],[20.94312600000001,55.24530699999999],[20.943370000000012,55.244534],[20.937022000000002,55.237738],[20.913097000000004,55.23322199999999],[20.903330999999998,55.225816],[20.905528,55.218573],[20.895274,55.216254000000006],[20.890636000000008,55.21259200000001],[20.888437999999997,55.20600000000002],[20.884043999999996,55.19806500000001],[20.876963999999997,55.19183999999999],[20.860688,55.181342],[20.853038,55.17414],[20.834808999999993,55.152045],[20.823741000000005,55.143134],[20.773611,55.114488],[20.687835999999997,55.050686],[20.558116,54.98175700000001],[20.548675999999993,54.977973000000006],[20.539887,54.97663000000001],[20.533376000000004,54.973577999999996],[20.530935000000007,54.964667],[20.533945999999993,54.959662],[20.541352000000003,54.952053],[20.550466,54.94476999999999],[20.558116000000005,54.94082300000001],[20.576915,54.93891],[20.763682,54.94769900000001],[20.805186000000003,54.94082300000001],[20.860361999999995,54.911322000000006],[20.969085999999997,54.89980700000001],[21.039316999999993,54.903998],[21.050955,54.91038600000001],[21.055918999999985,54.91445499999999],[21.066172999999996,54.910101999999995],[21.07602,54.903388],[21.078948999999994,54.89980700000001],[21.090667999999994,54.901557000000004],[21.09693400000001,54.905463],[21.100840999999996,54.90998000000002],[21.106211999999992,54.91352],[21.19027800000001,54.926907000000014],[21.23015399999999,54.93891],[21.243418999999996,54.96124900000002],[21.236339000000005,54.98078],[21.219411999999995,55.013251],[21.195078999999993,55.135403000000004],[21.191905,55.14345900000001],[21.191580000000005,55.14716200000001],[21.18344199999999,55.168647],[21.18132599999999,55.17108800000001],[21.181325999999995,55.193345],[21.18344200000001,55.201728],[21.188812999999993,55.208319],[21.201671000000008,55.214423000000004],[21.210297,55.211493000000004],[21.216645,55.20526799999999],[21.222911,55.201483],[21.236827,55.20062899999999],[21.248871,55.201483],[21.259043999999996,55.20498299999999],[21.267589000000005,55.21173700000001],[21.271331999999994,55.22028200000001],[21.273284999999994,55.232651999999995],[21.272309,55.243842],[21.267589000000005,55.248684000000004],[21.269054000000008,55.253567000000004],[21.26449599999999,55.27655699999999],[21.264415000000003,55.284002999999984],[21.270843999999993,55.288031],[21.278087000000006,55.286566],[21.285330000000005,55.28705500000001],[21.291189,55.29706500000001],[21.289236000000002,55.305243000000004],[21.282480999999994,55.31684],[21.274181000000006,55.32733799999999],[21.267588999999997,55.331855000000004],[21.259451,55.336249],[21.256357999999995,55.34674700000001],[21.257091000000006,55.36937100000001],[21.246593000000004,55.370185],[21.188812999999996,55.33860899999999],[21.183359999999993,55.34617699999999],[21.183278999999995,55.348375000000004],[21.186045999999994,55.34918900000001],[21.224293999999997,55.39931900000001],[21.232757999999997,55.40692800000001],[21.248302000000002,55.41787300000001],[21.248383,55.442327999999996],[21.236582999999996,55.482652],[21.224293999999997,55.512397],[21.222910999999993,55.520209],[21.218516000000005,55.52362699999999],[21.208994999999998,55.529608],[21.199392,55.53766500000001],[21.195078999999996,55.547186999999994],[21.19605599999999,55.55939399999999],[21.197765000000004,55.56732799999999],[21.19808999999999,55.574774],[21.195079000000003,55.58511000000001],[21.157562999999996,55.641749999999995],[21.150156999999993,55.659329],[21.147227,55.67816800000001],[21.140798000000004,55.68813699999998],[21.099376000000007,55.729071],[21.089529,55.73525599999999],[21.08073999999999,55.738593],[21.074391999999992,55.74494000000001],[21.069834999999998,55.769721000000004],[21.060556999999996,55.789252000000005],[21.044688,55.87372500000001],[21.044687999999994,55.917711],[21.046886000000008,55.928656],[21.056162999999994,55.942532],[21.058360000000008,55.95185],[21.05835750026999,56.00124700884321],[21.074645191297098,56.00121657264707],[21.093408332406653,56.00014686930213],[21.097907478453376,55.99976456961271],[21.155210656235983,55.99488227496994],[21.173246543447924,55.992841752969554],[21.190842164543284,55.9898441873368],[21.207835437587182,55.98591722642111],[21.217561994402256,55.98302971888753],[21.2323108782722,55.98341256595718],[21.25162657968014,55.98282439465083],[21.25217241502575,55.98277664995802],[21.250849141410967,55.98253058384938],[21.250702199405485,55.952121992108836],[21.24897831672082,55.9380220266462],[21.246737085797346,55.928707876408495],[21.242594245561197,55.916686361584404],[21.236804583089338,55.906351793489875],[21.236674273975602,55.87964291748081],[21.249579274051467,55.80912954122526],[21.238017232414347,55.87231314172117],[21.27935868972692,55.85239350599744],[21.319508367028998,55.82962728026254],[21.349297888529744,55.79928155267806],[21.375595080380343,55.78531800007546],[21.378657298674522,55.749849971482334],[21.35727943812285,55.74245360313568],[21.356369389701733,55.73913722598357],[21.385495535980475,55.72125706675847],[21.426454331668225,55.672109878283266],[21.460892340092787,55.613898376039394],[21.514030599042204,55.56794546062406],[21.512409810495473,55.53104504363391],[21.53390493522707,55.508694555967],[21.566205441930634,55.48584729414213],[21.573684463928846,55.4691324617581],[21.58582769977955,55.45861772971432],[21.576316539316746,55.44981261405913],[21.600364751455427,55.440744559033455],[21.617836177014226,55.42203884670333],[21.60368616822495,55.40285487677138],[21.629873818305086,55.372705536723956],[21.689004413216434,55.3530572532411],[21.7139082590887,55.326571573242326],[21.721363880189433,55.30076637066226],[21.744860136077552,55.28991754540255],[21.766826570326305,55.29830050380261],[21.760337414460924,55.3143547096003],[21.785255239197237,55.32189961165259],[21.825152115495584,55.32224978758066],[21.83497714396221,55.32802299258678],[21.86460887146741,55.32501346267405],[21.875602929706563,55.3103761524111],[21.882485480988546,55.2960731819194],[21.874712281627577,55.285955428039294],[21.91500417237395,55.275958628255836],[21.935787180524724,55.27079562982544],[22.029876698303813,55.24987894490562],[22.07809518542313,55.23391516437587],[22.131593880019658,55.226451357949664],[22.191277596076407,55.22680698727705],[22.2224647991378,55.21401111648608],[22.20355169813301,55.19905827957107],[22.204676503259986,55.18563602955719],[22.187594059235135,55.17883214056201],[22.199884686699765,55.15897090149983],[22.24445788104156,55.15977329264166],[22.252162530880643,55.16021485323236],[22.34640375702177,55.1533623751156],[22.42410194372079,55.135312124347074],[22.476802425009662,55.137318930798905],[22.55546570722664,55.138823611773276],[22.56850274630207,55.12512673554271],[22.595397425636648,55.12037263767373],[22.604264176338045,55.10285297919839],[22.61954377692935,55.09373404563836],[22.595750743809152,55.067133273172644],[22.605201541670393,55.037499762662435],[22.615800817790625,55.0183157664633],[22.6380052080374,55.00798476962992],[22.630665820783673,54.999208551456206],[22.649326546145918,54.96871931657341],[22.67048627507603,54.96624558355802],[22.665962069546044,54.98727443875815],[22.68015000924765,54.98745049730799],[22.694155861177602,54.98027522225129],[22.698600759760616,54.970323301395176],[22.711195484999173,54.97264416924795],[22.734925246780016,54.961842093552626],[22.733456439247405,54.94927843808266],[22.7486500274338,54.94014769030806],[22.772353494603617,54.93563237795821],[22.753293712930716,54.92657810985687],[22.757327690620663,54.91844374468473],[22.78230772594139,54.92636870007377],[22.79583519607602,54.91498842504843],[22.791280735153407,54.905830803643326],[22.80112321267562,54.902974119782414],[22.81559640145546,54.9119570147151],[22.816339263289294,54.91160963442474],[22.85350165540116,54.894242894936625],[22.853303773526473,54.88588930462722],[22.84158036396713,54.86703810710226],[22.845092770793368,54.86331006757908],[22.871830534640967,54.85491114737697],[22.865621965285527,54.84351359590899],[22.871271287136658,54.837620426329984],[22.879046825250647,54.83553968675604],[22.890446489382775,54.8167451222085],[22.872827450505735,54.79382734359459],[22.880114076997042,54.790176099677794],[22.859878929037254,54.78423743580765],[22.849391975604696,54.7684448961684],[22.83283079358702,54.76456090987792],[22.82380248485893,54.7677119846653],[22.8129401669663,54.7627125211267],[22.816021720147436,54.75591459552233],[22.808590246765178,54.75053280331726],[22.80056764530478,54.756112367701135],[22.783355437985865,54.747144445934744],[22.783394597922157,54.74713740988164],[22.780190149305206,54.73905512521222],[22.752774232567912,54.733147511166436],[22.74569689256832,54.726010470666765],[22.752954534300592,54.70682582711342],[22.739522384936727,54.6990625153699],[22.737013854782198,54.681950106076414],[22.74374256715653,54.67237879608576],[22.742028123328566,54.66595622277922],[22.7582003854421,54.655954916595796],[22.75704323915186,54.64825349943546],[22.754598089929058,54.63194685831034],[22.735849090890756,54.62346634879842],[22.726386172508274,54.60339173914753],[22.70758153314946,54.59849955504662],[22.694349253047832,54.583542947428185],[22.716608097631887,54.558834601929874],[22.691953854024906,54.53175029159488],[22.691416422829857,54.51804921797113],[22.699986522420442,54.50771770944013],[22.71163279465795,54.46243900236858],[22.708321892353524,54.449902111063494],[22.70834362508149,54.44990251916613],[22.722905094786928,54.4509376181602],[22.741942915212814,54.44922704655684],[22.773635018980844,54.390884116992964],[22.780514859970026,54.378199439782136],[22.809290075938506,54.34391103159742],[22.792361599918067,54.33408650584724],[22.77690218252264,54.32591967536071],[22.76643501052652,54.30953045973353],[22.750218446529246,54.29066941784753],[22.72798836007007,54.28149512811507],[22.68896541131071,54.27525853756468],[22.65163661938321,54.28876059103949],[22.623980527700564,54.26493030208583],[22.598667301197736,54.261805788626894],[22.571845143465648,54.27255465144695],[22.542628758438887,54.26617677966613],[22.530342558698415,54.248034549843624],[22.530377715387235,54.24803324231626],[22.530374065974566,54.22805904627459],[22.5464025012286,54.21110381361859],[22.572107369022895,54.20404447552018],[22.592212087657657,54.175364657423515],[22.593021728356618,54.14302119831377],[22.619895817236213,54.113135193779826],[22.63538127037409,54.106950174101165],[22.63626240982556,54.09911205076266],[22.630965410161824,54.09302285725838],[22.606780231142938,54.082034404595255],[22.60064551681469,54.06925487462754],[22.601983730753453,54.06342776489387],[22.604214170419905,54.05371165436035],[22.61949850925355,54.04862788332143],[22.66510701464674,54.03259202647597],[22.67941464225199,54.01337854393761],[22.693475305534935,53.99717220674166],[22.69801802955897,53.97166205930451],[22.713795271014483,53.96605633760738],[22.72275078136378,53.95221785393098],[22.722769066769555,53.9522175727122],[22.752243639600355,53.944770570553956],[22.78223554431828,53.91993595242092],[22.786793699243553,53.88306319262927],[22.77835863235317,53.862313923300114],[22.730282310463416,53.83123418736645],[22.73036227693625,53.82350634405059],[22.730575404405375,53.80270051075055],[22.696307966656764,53.759782806852854],[22.622375061920437,53.73726441803993],[22.61493522693436,53.71750438793038],[22.597949921623197,53.72201278389898],[22.58978561694497,53.73349852953221],[22.526431327578216,53.702100351832414],[22.509739599320813,53.698982290554035],[22.49603567675442,53.70019693341817],[22.477829242611865,53.70180894288234],[22.472633626179285,53.69984694058058],[22.434244929835636,53.68534359172753],[22.40177602447091,53.6665139741744],[22.371424128568233,53.6565705924539],[22.33759803734854,53.63885955109857],[22.291460663232066,53.621733069397614],[22.234784311081054,53.58304358480907],[22.1074066824366,53.53577868313539],[22.086137977929994,53.5366788677291],[22.06031827124593,53.52932201536105],[22.03749376095512,53.49885535279289],[22.021352375922042,53.496203157113264],[22.01094641013809,53.51559452700695],[21.99129652161805,53.52143533478547],[21.965787848056145,53.51104681394779],[21.938716711989876,53.51093434559504],[21.915482890379963,53.49735987588555],[21.890669525778982,53.4615575307725],[21.85440597321513,53.45887739088851],[21.79290311041844,53.47831235352038],[21.723819660387402,53.491171110075136],[21.68790814234015,53.49387686241055],[21.67298783302794,53.48904390999812],[21.652008977073198,53.482244156332044],[21.60149180011519,53.48145690548957],[21.529601639723598,53.47771524808681],[21.47276783184197,53.47186137843616],[21.433522955194,53.46186468114094],[21.325294947244583,53.438211754442605],[21.252830814413546,53.41764078477312],[21.150718432261165,53.37963408469808],[21.134634465034832,53.36059153106714],[21.053641734216892,53.33161495872712],[21.015556758835043,53.311852989764155],[20.88119735326282,53.269520840946534],[20.87365784311215,53.284536439675236],[20.838439134770546,53.303144034775535],[20.795883681310602,53.31017128481761],[20.77034228627067,53.31381629014196],[20.732994914788733,53.32785018181753],[20.70723709208225,53.328554376097735],[20.681299353859234,53.32157230220493],[20.65063447258215,53.3226236941023],[20.580610114109263,53.340838701240145],[20.543997828701976,53.3470627856832],[20.525917539663045,53.33643934823647],[20.46926948812993,53.25421690196817],[20.442528290745194,53.23269334148439],[20.419329513489583,53.21210533714495],[20.38472667708907,53.181350793446384],[20.339653331314235,53.14876240537527],[20.291110716907607,53.13369371548021],[20.227155941055486,53.14650689716976],[20.16769475113469,53.15309390327518],[20.149285409997624,53.15934884399328],[20.13125850811326,53.17683261213666],[20.093142394913965,53.1980764483394],[20.03251661214061,53.21353110055237],[20.014962751026466,53.20995257495107],[19.991616749002308,53.19662799843332],[19.92409574341544,53.22858522073253],[19.891826329576325,53.21503738693014],[19.888994490376287,53.20509275333249],[19.8618687962207,53.1979564517741],[19.837053642602303,53.181720987778476],[19.83086547044241,53.16961363618958],[19.84154490677775,53.16294685875476],[19.842648341268255,53.15274107184559],[19.843751504494637,53.14253617101485],[19.812397988416162,53.14997400331933],[19.775599231480637,53.15478072783825],[19.736233760373043,53.14544088993015],[19.702045186753935,53.126215440484685],[19.686481061535897,53.12782285693503],[19.67738910076503,53.15999862242402],[19.664512532632074,53.16560002381225],[19.6625186387898,53.169876527623394],[19.654183673362578,53.175379471144964],[19.61825745752048,53.17871598957278],[19.604452612508883,53.19032993295811],[19.614469998967145,53.207564748761634],[19.566921998130834,53.22491237213908],[19.55610177347073,53.2142806121055],[19.559341647069306,53.20453935790496],[19.547964298839645,53.19632606423293],[19.55268968551627,53.17814818498692],[19.494658337670177,53.16395745019606],[19.476952003835155,53.17043941589838],[19.469251554508393,53.18880119520093],[19.454532106869145,53.18972869265013],[19.43575571491464,53.184876888755376],[19.393376401488446,53.19177264240123],[19.368599927900306,53.186166507785096],[19.34401713725793,53.21629199870995],[19.331652592893604,53.219440901869085],[19.31119996628544,53.21593760757803],[19.26536898863827,53.203265110562434],[19.254528780530187,53.19201322731879],[19.226780690317316,53.18221001135085],[19.212117287376344,53.16582584143202],[19.19433383124273,53.15439536325896],[19.168718671020347,53.149394934220254],[19.09937163616606,53.11961330540141],[19.082111342971892,53.12303016662215],[19.04124777975838,53.10938144121413],[18.99731376257879,53.0827960833251],[18.995986351157356,53.07938919318737],[18.99391204892604,53.07406169261105],[18.96623840016964,53.06199224332214],[18.92471718383722,53.06204524106432],[18.881010465657724,53.066975568666194],[18.849565184479864,53.07070419282857],[18.83379249102489,53.07101983711507],[18.806861008595725,53.05708464903023],[18.76825317570378,53.02534778169246],[18.77044736646191,53.02045784565041],[18.791470286277814,53.02223159797272],[18.795246139466308,53.01486744414453],[18.76967120337296,52.99667776116463],[18.780346591810773,52.98296394531469],[18.768433868711792,52.96994667604393],[18.77356790462719,52.95238035894015],[18.785068301452444,52.94397902579573],[18.77782309136648,52.922952273808974],[18.76471608309678,52.91476887663943],[18.749623163324063,52.900145410965024],[18.727317569219075,52.89605682145634],[18.699826063728818,52.89817847593115],[18.656942875073412,52.88613406982571],[18.62310395972331,52.865064843259724],[18.622463834589894,52.86088215988446],[18.60290969365627,52.84586611990278],[18.61323369879946,52.84424688037743],[18.617846540943535,52.810043027211236],[18.633365137728966,52.78296861749094],[18.603465031832183,52.754271531859494],[18.575594326551087,52.758208268685664],[18.558778987355538,52.75735638423736],[18.543639461777833,52.7480728170639],[18.52178353835602,52.74630416257632],[18.508533932738874,52.71809350859152],[18.50465027358644,52.698655677464394],[18.481232481586925,52.69279767939227],[18.46747100465616,52.672709793477374],[18.47587336245206,52.66331708141329],[18.463602294186007,52.65982090152535],[18.461764780128924,52.647416657562545],[18.481208276025413,52.626699017761844],[18.483876367916668,52.60511402360626],[18.477187802578502,52.59297679210628],[18.485310256814397,52.581811347321924],[18.475280428835063,52.56687983014037],[18.488421014226898,52.55662965176844],[18.46905644458343,52.54459273145028],[18.471003328488578,52.53793548814491],[18.450757943596493,52.53309008325346],[18.442112596578678,52.54070937041032],[18.418097211843243,52.530109193000186],[18.41174791127241,52.533432487861496],[18.413909508195832,52.548201669445994],[18.377875635611517,52.54286431368901],[18.358006250213165,52.5399159627447],[18.343813254031204,52.522816496656],[18.259830323409204,52.48513782749112],[18.213304212782923,52.49046988380652],[18.20373460693634,52.51042073114552],[18.16923566985987,52.510051850235094],[18.152724290920684,52.50213994214143],[18.111903189553445,52.482233955736156],[18.094722009080268,52.484910050789296],[18.060774071267346,52.46433446166169],[18.019145746871672,52.44166529623238],[17.982944462107916,52.42961333183667],[17.955074665639927,52.410783638475245],[17.958174931668854,52.37666957969612],[17.9235166062966,52.36074831078588],[17.919696266854015,52.33950873437464],[17.9034581613853,52.33437018699114],[17.87795059309904,52.31064353129405],[17.843139620177194,52.28975491815128],[17.82274378403588,52.26754912041503],[17.779858980953914,52.22144548203092],[17.70513674242333,52.19812722197761],[17.664893776194756,52.178821694084],[17.6622742626064,52.16585257531445],[17.67683126178429,52.143511315015694],[17.680503555866714,52.10404668891803],[17.70038250578626,52.07808336195256],[17.73604778183809,52.05491723374934],[17.771187141711717,52.04438627157051],[17.810755262721553,52.021276195290966],[17.831285139275018,52.0092711011793],[17.899672800493235,51.97192087372391],[17.940689460442748,51.93234620166748],[17.972471724707763,51.8962036794079],[18.01605869487907,51.86242175235152],[18.037160387726956,51.81906698396007],[18.031521733618437,51.80566461616968],[18.01554951712682,51.80112794684436],[17.973178202305775,51.807463096456004],[17.971529969293805,51.79848078830035],[17.969715589553445,51.78858839247004],[17.996983214894556,51.77707502649527],[17.995014757559225,51.75351278402503],[18.014648851031986,51.72809722982695],[18.020925991537357,51.7176536224436],[18.045437082943465,51.721748678537935],[18.07613277429089,51.70765738877018],[18.09643518562888,51.70898366298734],[18.115771074266448,51.69606772035823],[18.11186166882629,51.67424282366099],[18.09045953922468,51.66464192613589],[18.082290448198076,51.63946625331855],[18.097563339332364,51.62995703677067],[18.104911843491845,51.60852030440599],[18.129358433735387,51.60545553518914],[18.158520488457587,51.58784832500291],[18.195831117068366,51.58111403418407],[18.195612301648993,51.558500779307124],[18.164608764946813,51.548232357334705],[18.1448344278362,51.53617548835432],[18.142964223729365,51.52919712703687],[18.13675136700386,51.505997966236016],[18.148873916737237,51.48273614753731],[18.15469162939792,51.469331180416],[18.18078076920451,51.46142982497373],[18.210858369026955,51.42819410473448],[18.21389237929021,51.40010944515111],[18.200563977465773,51.393077968848615],[18.18298028943354,51.35173786261375],[18.171919226329305,51.32612716402103],[18.16033764065836,51.31066420292633],[18.160842732455617,51.27908251914215],[18.17731907002253,51.26749392464684],[18.18384951461833,51.231424919900064],[18.193432068646825,51.2152178724923],[18.1919990767804,51.20556380601627],[18.175930266746054,51.186596197113204],[18.162350163267604,51.174189478811066],[18.17463359238914,51.17392124103382],[18.218006426449463,51.15672076804099],[18.252245628934187,51.15786606952532],[18.30592033452199,51.14187447196329],[18.335428694359564,51.14170235185336],[18.373006745867094,51.13965196608759],[18.414770991816443,51.12009197381412],[18.43657599828051,51.09328472332263],[18.442423409346144,51.074205148349854],[18.440483817053202,51.06269641137605],[18.438050536259563,51.04824795114781],[18.445334601737468,51.02730138738426],[18.466940974135564,51.01300313893425],[18.502946776388853,51.013973661565544],[18.541048253101614,50.99635559918829],[18.590517524706783,50.97927236236499],[18.62242388103273,50.97150466816238],[18.61257074350959,50.96194221969404],[18.635127361110566,50.93505140748633],[18.653419554673338,50.930317196652396],[18.657075674469542,50.925408432311094],[18.63179471383548,50.8721205265013],[18.617162656174195,50.849969420891455],[18.626258506615027,50.834563843889384],[18.691884006277935,50.81353228050496],[18.727797500438623,50.78882838648954],[18.74680731272053,50.77463979441937],[18.762666796719422,50.770128603130665],[18.79919134687692,50.76686376453917],[18.83851918311959,50.768662849794175],[18.889843189191637,50.75371722477535],[18.92348011656052,50.72729787080936],[18.94275286511462,50.69279491284708],[18.970455537530185,50.689942164856056],[18.984813562945284,50.66049188259209],[19.04291503488113,50.66055072847345],[19.064453140813857,50.63536138761842],[19.070588526094035,50.634440561687875],[19.090784371456774,50.63843244413157],[19.097302140045567,50.637126957806956],[19.107199966569446,50.620234044773845],[19.105413341157117,50.61598096951344],[19.07436224081916,50.61112902344228],[19.07454521716186,50.60811203758283],[19.10454479527115,50.587129295036085],[19.10522469696159,50.58248951411182],[19.079796009553,50.5510993057708],[19.0925395034777,50.51160707223751],[19.072828872045537,50.50257210239378],[19.067429780314846,50.5031453738896],[19.056483700683337,50.4869183804066],[19.04224984081311,50.481690094435564],[19.0162859436979,50.48040571108868],[18.987286351846592,50.45229211171846],[18.973562393014888,50.423082337549594],[18.969602921094634,50.41464761608547],[18.974256835873604,50.39574132443274],[18.97204972895194,50.37537091015287],[19.034932438963125,50.35218186103876],[19.057244260591798,50.34413779775755],[19.061927414311253,50.34008433193836],[19.059448108122112,50.32344158743683],[19.0782006084013,50.2934254430757],[19.084972546469107,50.28257347145235],[19.122664169893646,50.2611995554791],[19.14320983384796,50.250320727847864],[19.157736601776342,50.229385890283815],[19.16190242483047,50.22419977542033],[19.163869397106154,50.21650475265865],[19.164433376581957,50.214298170816406],[19.171342839689327,50.21330708388556],[19.177912203558392,50.20478033154784],[19.185917092922327,50.20546855714942],[19.191054559230533,50.20302148770148],[19.192368794797773,50.19567952658871],[19.205929286006548,50.19212344534423],[19.21346271776979,50.184932637374594],[19.217940530164164,50.18306134571138],[19.222757718659203,50.17620103476289],[19.231855495186057,50.17326320955733],[19.23963478497329,50.161236746276515],[19.24724622723198,50.154984935661744],[19.250846989567577,50.14164674696409],[19.255962069302594,50.13635449804207],[19.24872899272839,50.130406284270364],[19.23950390851699,50.1162901523389],[19.241354744900853,50.11191922822938],[19.232494935408518,50.10821894983399],[19.228670996241753,50.09977772085485],[19.222903553165363,50.095401535069485],[19.224095795334676,50.089485841610525],[19.21434496665881,50.08114584127327],[19.21200436292242,50.07457310929049],[19.21948073179228,50.07323411446835],[19.224112282301014,50.07257328914439],[19.229086013288143,50.07186363168694],[19.233641896508022,50.066283016459906],[19.225257556582328,50.06730634787148],[19.22013895736498,50.06253284444846],[19.21374659680105,50.06442453741539],[19.202860937335902,50.06375644910067],[19.193941556183166,50.0649624928486],[19.16923803540111,50.055406691449825],[19.15068300813144,50.056366707245],[19.143129924660894,50.04798985384403],[19.14243001875153,50.03017388279893],[19.108171838075446,49.985970256350086],[19.121550842227574,49.96410300584187],[19.077993592619695,49.955313889797004],[19.038987869533212,49.95138730422358],[19.016444328502292,49.95243429133136],[18.964760246423808,49.9214191157483],[18.939730220653995,49.92054494426674],[18.90660407380749,49.94252941455514],[18.91504226623183,49.92302499548168],[18.863868373520454,49.921376971982625],[18.81834934854125,49.93319381024664],[18.806409702719606,49.93081864674322],[18.787519991159755,49.93301647157296],[18.776609680457508,49.93269523556202],[18.74613594727291,49.94095393447935],[18.710952677530337,49.93347688200902],[18.705060764017052,49.92429202903116],[18.72861362903037,49.90803448409661],[18.728613624831706,49.90803448301351],[18.728613628644055,49.90803448038074],[18.693589603331503,49.89899243612184],[18.68860247505042,49.897703772991164],[18.685872328839373,49.896423397125815],[18.666855757424102,49.88750132303294],[18.65696708578788,49.88807226168246],[18.635104014939305,49.89856049638034],[18.609708570115036,49.89883570712652],[18.587195063805634,49.899057491950636],[18.579150987344384,49.90439608511656],[18.576596830002682,49.923116675293215],[18.557441122722587,49.919365166115824],[18.54074938012677,49.92746790382143],[18.539621682889685,49.91346116784582],[18.544155990363812,49.90854811873632],[18.524974322594854,49.901685659489566],[18.50494250838291,49.90499722682821],[18.49124045126281,49.90732866412593],[18.465544219257247,49.91846049357508],[18.45747621984838,49.92498118500707],[18.435218649663682,49.92766645834234],[18.430283304112525,49.93743983631634],[18.396250599475685,49.9345987944356],[18.379614771394813,49.93529983345105],[18.367598729458493,49.937067644367225],[18.359347970354165,49.94131116375964],[18.355896125349766,49.94430010767319],[18.344726596344476,49.94523080387673],[18.33691396951719,49.94611078562528],[18.332932002373713,49.94942753622703],[18.3348955759027,49.94445167356687],[18.33361326904721,49.94037093395607],[18.341124381907814,49.93812474767676],[18.343784396804914,49.94012430873707],[18.347366968169077,49.94021640775539],[18.348807301680157,49.93664739049175],[18.352276237611417,49.935247367119516],[18.350135099753732,49.9338523311015],[18.342802842798914,49.93523213672245],[18.34094756979828,49.93407261598577],[18.341399127683374,49.93201581719946],[18.348894417807745,49.93011918246625],[18.350510097444573,49.92928608142847],[18.344734633503812,49.92988792882001],[18.340416770900937,49.925498601704675],[18.3370718390034,49.926937974270096],[18.333123381690438,49.92749054530861],[18.333994345027815,49.92990977250449],[18.33133271709939,49.93108356374669],[18.329994739244658,49.93022096476198],[18.33114640432667,49.925211947100195],[18.326769133985024,49.92023869708839],[18.31883758737642,49.913389225442806],[18.326041542482066,49.903599260971255],[18.320332104311408,49.8985281191239],[18.318846871058575,49.893067692223504],[18.31368085697344,49.89062510662771],[18.307043668481025,49.88847734975928],[18.303590112338558,49.88496002271245],[18.302346440611917,49.88042974995635],[18.300785480099552,49.87634519334874],[18.290173374071365,49.87374309782033],[18.280744377860145,49.86929430521933],[18.273097516309583,49.86514167302365],[18.260315635007057,49.86415298232988],[18.252687989596655,49.86072144611039],[18.24266435389038,49.8603746097799],[18.23610158345099,49.85626648253152],[18.23418345683626,49.85037919070135],[18.221323186247535,49.841937457351705],[18.221317144833936,49.83434164651699],[18.19595989848438,49.865729370697515],[18.180032675564235,49.87631571088363],[18.161321741486585,49.88372700959317],[18.14346904817533,49.901421026913226],[18.130079528191946,49.90518016986891],[18.066536570105654,49.908984038634586],[18.02583815616842,49.92063552312394],[18.017127091532146,49.92353162619072],[17.982369542538258,49.92577990846133],[17.953852598307417,49.93225007857089],[17.954242342494346,49.94398489228528],[17.94985422942525,49.95754505839131],[17.90995487806156,49.97684414595497],[17.88524776950301,49.97749059910958],[17.86670749927926,49.97417913104641],[17.826542598894992,49.996586203167524],[17.817474997645554,50.00164336473509],[17.808433835488074,50.01258154028952],[17.78732381658475,50.0184553866144],[17.772305372987745,50.026446667393],[17.776835520803957,50.02874700268563],[17.7769369475812,50.0340252992474],[17.77161284673809,50.03548429263995],[17.770744466350504,50.0384033824499],[17.77427339571954,50.0405382904676],[17.771722492990154,50.04406008335058],[17.771419723265712,50.04906682625406],[17.770519129683695,50.051521275504086],[17.762219081842048,50.0535801319322],[17.761745533175898,50.05783185755726],[17.756122270475743,50.0614698014334],[17.759043888930552,50.06487285493876],[17.759673090884387,50.06777166358719],[17.751006779970908,50.072650763137915],[17.75119117081835,50.07704898053085],[17.746130487140864,50.07937827525794],[17.740054246929127,50.082724647678816],[17.733667768378588,50.08632007441205],[17.73062118024323,50.08995340241457],[17.73116373747092,50.09731296040262],[17.70447880642015,50.09682293243716],[17.694113004863404,50.09663710848769],[17.682358802360056,50.10166107325261],[17.67567190346264,50.10553853874984],[17.661404080981686,50.10818768099681],[17.649834607002653,50.1131037793254],[17.645149808256832,50.12264629468945],[17.642998471578903,50.12831518693254],[17.633172347555227,50.1331552890772],[17.619826141661775,50.13857413777965],[17.608473658836363,50.14289559877412],[17.603315901045924,50.15133528742732],[17.594286750793767,50.16037685686851],[17.598873968503764,50.16649485603717],[17.601446605978282,50.16992517875565],[17.60638867588101,50.17113843606764],[17.610801581870962,50.17105155058777],[17.618759950270526,50.17089442631728],[17.62455130569662,50.16889838535246],[17.633102795170625,50.172861140590946],[17.644407729414105,50.17691647225068],[17.6611397280448,50.17827709882979],[17.669901763640578,50.17977639802455],[17.678930509605,50.18132128563682],[17.698990335805934,50.18475349678408],[17.70567648568351,50.1854049488912],[17.70654395999293,50.186566737904236],[17.712599850490744,50.18892185256481],[17.73507345149516,50.1894932959916],[17.752049511501976,50.19265578843723],[17.763866286878155,50.19977083703699],[17.763211441301618,50.226001453510605],[17.76084275214079,50.2309550105133],[17.74891624502908,50.23796511733101],[17.733682815382412,50.249711883966874],[17.732337927334985,50.269163104367536],[17.737623964345886,50.28044082539513],[17.75011595997157,50.29441745008156],[17.751858351148226,50.29994526058584],[17.736286991900766,50.30230227432326],[17.72789136898195,50.30442384682286],[17.721157893737093,50.318327600192845],[17.715546974142537,50.3207696100541],[17.703840247739446,50.32426282323018],[17.687338344039606,50.32663212351016],[17.688437509535717,50.301343572817814],[17.650787131829517,50.27402397077748],[17.639293496905324,50.27113359876928],[17.62302729809121,50.26704047622209],[17.621768778890672,50.267338483709686],[17.592118213190307,50.27924664701277],[17.585352041545644,50.27877122080575],[17.56317461550451,50.27084700732388],[17.556943477805213,50.270599378040345],[17.49592836915111,50.27498796438911],[17.456122497363218,50.27100436307013],[17.44016045793894,50.2521401244245],[17.430155301020424,50.25508426102732],[17.43151405714198,50.26229244989346],[17.42559051537028,50.27130975937191],[17.420345961522578,50.27825511082602],[17.407413045321714,50.27418730638534],[17.399882755891113,50.27974544874398],[17.372379370000747,50.283407604345584],[17.36285677982629,50.27943943484612],[17.361870799869457,50.26570820199733],[17.35654504412225,50.26496647379255],[17.34602117400571,50.26628267092979],[17.34202726941403,50.278504208212354],[17.338746112179223,50.28401911490058],[17.348582932219838,50.28742120306127],[17.344936870195305,50.295079772550835],[17.347839314833866,50.29970874570541],[17.354449652603357,50.30815432825802],[17.337421462748893,50.31380569083915],[17.34031589135832,50.322482211548675],[17.347873481181146,50.32739389941096],[17.327074830842992,50.32727775537483],[17.31090219397766,50.32044230650163],[17.299661364191525,50.31915250088008],[17.28163790791844,50.318400986710685],[17.263931076345646,50.32715222611073],[17.24356807688559,50.33724592724134],[17.22042863066492,50.34878503612226],[17.200377247221596,50.366077175377406],[17.199453110158,50.37654046022597],[17.20410909732399,50.38561217977437],[17.185059521465156,50.39032706135801],[17.178114756565716,50.385978508019534],[17.162759131765267,50.383818102817706],[17.158518445087775,50.38068221066008],[17.1434851073224,50.381103180663544],[17.134087252977228,50.387562343057716],[17.124459984630597,50.394176626722256],[17.11040489164288,50.39394501039175],[17.111525329162433,50.40525426126651],[17.08550711475211,50.4063071599703],[17.081474252501412,50.40225337850341],[17.068972556645885,50.404955272936874],[17.053078983662836,50.40779835521688],[17.039457790732463,50.41465517883233],[17.030131385598008,50.41573272128156],[17.025931034415887,50.42135200813529],[17.01824880911393,50.421301263560075],[17.014064044711727,50.41902167310923],[16.998327994413142,50.428149724562914],[16.984138438684422,50.42040580281354],[16.974881212210644,50.41825794296367],[16.9678175644645,50.42355787546992],[16.94633355559674,50.43420743041473],[16.923882470584385,50.44091587515452],[16.90881804477956,50.448994097028354],[16.898483131530057,50.44699932889784],[16.888207802538037,50.443296260355595],[16.881436265900934,50.4418286702153],[16.869301026284763,50.41690443979338],[16.860619558471473,50.41166622104314],[16.861249607860223,50.40920282092074],[16.879004787150027,50.39972986399018],[16.891529941871433,50.395663597977936],[16.898068592983282,50.389301921510125],[16.904604573244033,50.39131670193753],[16.90894612137856,50.390259496638016],[16.911559098274903,50.38573006120312],[16.914861770448738,50.38286189043901],[16.918376354501905,50.36962484643912],[16.914863787833703,50.36406364960935],[16.926324334168424,50.3487930660904],[16.937879612622016,50.34192344004529],[16.937588767376997,50.33843100071457],[16.937156534136623,50.3332403147263],[16.933672815591308,50.32989818849119],[16.94003837426217,50.31935195971704],[16.944770782848824,50.317987735453016],[16.947656959334275,50.31488977199088],[16.958515929569028,50.31200569455364],[16.96311035382762,50.31489584613743],[16.96845841692492,50.31595117010657],[16.971313008878216,50.3091902334959],[16.984354376053947,50.30393670548032],[16.995854438830218,50.30180328943888],[17.001733742879686,50.3022802901139],[17.00428809493903,50.29583009847228],[17.009949122051733,50.29503588483968],[17.014648529750982,50.28764107624431],[17.019578888686258,50.27781425112752],[17.017473793288186,50.26946169956947],[17.009400234510093,50.25977268863025],[17.000688336778126,50.256006356303864],[17.01100860996268,50.24823128597792],[17.01108817069684,50.24188986656751],[17.017904850920374,50.23896313949358],[17.028102149437704,50.230338921341804],[17.02014031612759,50.223718098603364],[17.015124385934037,50.21954652895391],[16.999990283547003,50.21605662045092],[16.997227352610224,50.216620674648766],[16.992288424761856,50.227412443498785],[16.98057244551424,50.241973457124274],[16.976863047581453,50.24501797901381],[16.975004885270373,50.24504050666043],[16.961186609092177,50.238196945517394],[16.961920547725025,50.23381766526075],[16.965416595978976,50.23027045738196],[16.956694654855564,50.223926386883285],[16.949780073145,50.22198467923233],[16.92816301914817,50.22317067120003],[16.92328337487193,50.22603541896228],[16.917666270300707,50.2266805345839],[16.898877954989967,50.223193436960685],[16.888116299302045,50.216293095402406],[16.883565741938373,50.21228351522566],[16.88436590617815,50.203738368173035],[16.881803963166888,50.19976382767328],[16.872248277159894,50.197116371201865],[16.863456349804423,50.198550471462674],[16.862409379837956,50.20114826335895],[16.849787569373497,50.207519380902774],[16.837199985302515,50.20355152128838],[16.810742432711034,50.19032254634735],[16.80073245005309,50.18055299604283],[16.796507291669258,50.16583955147744],[16.78178544422825,50.14481670965917],[16.754943565159454,50.13402884068558],[16.74312867612481,50.131713122669694],[16.737948328823357,50.12639814553125],[16.72853334220101,50.11673696553423],[16.72729022851057,50.111049594973025],[16.72302000196473,50.104850019999006],[16.71790835697171,50.10175231830253],[16.706020859749533,50.096804791382056],[16.694249238089363,50.098109850406445],[16.66593938750767,50.10464365844871],[16.634347558081107,50.11205076651417],[16.621063827343676,50.12214723492785],[16.607147374140677,50.13519885745396],[16.586335197858844,50.14191065954135],[16.585658854282382,50.1533125991792],[16.57076646557383,50.1581840310261],[16.55912187509387,50.17115744836267],[16.56297818057844,50.177393275503064],[16.559963094680608,50.18910555638981],[16.556333761754818,50.198043074040065],[16.561772744783823,50.20606151505971],[16.558332035198823,50.22010727699332],[16.549176805806475,50.22910661464887],[16.54123466674695,50.23357699597929],[16.533902910878773,50.23859308936051],[16.52349268790376,50.23967312491056],[16.5128620591479,50.2473533223742],[16.514495961725007,50.25186799857079],[16.507455815453927,50.252239470806934],[16.504773987592724,50.25851671736357],[16.49552593421224,50.26301734217569],[16.474491849011127,50.28051094088808],[16.463799379430853,50.2947110440297],[16.44684601140147,50.30521111747213],[16.447083959271463,50.31122107785011],[16.43652445764369,50.32164388692221],[16.422765549356093,50.32503724111069],[16.409734324410525,50.32485575741927],[16.400063697292936,50.319152208611264],[16.384958018939937,50.32831482572613],[16.376515379661512,50.34206182930733],[16.36185334533549,50.3503720124284],[16.366562291721966,50.354737372494135],[16.366943774809485,50.36912852090316],[16.357548270483314,50.38016473214203],[16.33915755475707,50.37270861685525],[16.311986061964962,50.380861006170356],[16.299889580671547,50.381225400528386],[16.286636592381353,50.36722177081337],[16.278564916207774,50.36826695361919],[16.27610107312536,50.37702878631099],[16.26772431681827,50.380656154632675],[16.268350796416176,50.38751035211116],[16.26453470671143,50.392669458261174],[16.249817971689225,50.396465184983875],[16.251563944727437,50.40640232119539],[16.237185324816195,50.41437845899431],[16.222270025987605,50.40605161187854],[16.21321985342271,50.41068462068957],[16.204358953121464,50.42645823800622],[16.206442904443204,50.44048488870686],[16.215648612766103,50.44865971831197],[16.228746456825135,50.44279922698376],[16.23463855799318,50.44821392122578],[16.22552577753791,50.458079103657305],[16.23055376551549,50.463266697664324],[16.256427585014993,50.46930825250164],[16.249883559528193,50.47201837077763],[16.259896411436383,50.479632523920316],[16.27163546091134,50.47722498116623],[16.27189527055446,50.48425281805881],[16.29437789912994,50.47906079371387],[16.31139510063364,50.49359659239531],[16.308900370015177,50.500976460450524],[16.317773378969072,50.507098801052436],[16.330729614031565,50.50238239490901],[16.34418853885036,50.49616608243901],[16.356105492524843,50.49927612721432],[16.373742351031705,50.51599109751105],[16.385677756160348,50.51989298361115],[16.40112949869999,50.528418860607815],[16.399116278324808,50.53405699317836],[16.390094490226545,50.54287629976918],[16.411040039030883,50.547320629292415],[16.409429839783275,50.56219504653743],[16.430236868214926,50.56845908677539],[16.44136077540448,50.571805196931024],[16.441609368269777,50.57444357231073],[16.412420736876992,50.60201067882988],[16.37691690721368,50.622393494192856],[16.359948770430346,50.63835943127554],[16.34480161081987,50.64457620982842],[16.342824670948527,50.66369135056075],[16.334700762930304,50.666969278591694],[16.3109943232392,50.663685059974895],[16.283111694252792,50.66590471614366],[16.247201904119493,50.67257647815427],[16.232512122680067,50.66746081703622],[16.230313075032033,50.66339948173129],[16.219953185694834,50.63971293013599],[16.216222059973756,50.63304125985143],[16.184345559617743,50.627830844319675],[16.18090084293816,50.62913119306121],[16.17176602573795,50.64469777289776],[16.148617380139243,50.65366742923667],[16.14053327962305,50.651327726320666],[16.136316783221456,50.654203368360406],[16.127517043433713,50.65823445143278],[16.126398828532434,50.66078911076229],[16.114128083987083,50.65910228794606],[16.102777307063377,50.66298678426988],[16.096709115823625,50.6546400369538],[16.08864564314235,50.65219572909474],[16.082417574186916,50.64633041500398],[16.0679294622235,50.640375318349186],[16.058021287044053,50.618658197823756],[16.055896535287737,50.609796947439435],[16.042240976691645,50.614498097604475],[16.029302581818996,50.60392863689655],[16.02481742790545,50.59878390909026],[16.019820058168833,50.60012958840356],[16.013406854074244,50.605960649191054],[16.00505550777562,50.60638660020832],[15.987219383865458,50.612528987896496],[15.991004581664036,50.61766630686392],[16.020677738463935,50.62947835509812],[16.011057151208718,50.636600641600324],[16.008535890818973,50.64070442401695],[16.01071099446332,50.66621308862925],[16.004430660553066,50.67600800729322],[15.975885443399235,50.689037945088664],[15.952237864245594,50.68984228708688],[15.928184976670288,50.68687623348453],[15.887392491917078,50.67558549711347],[15.879676606162358,50.67590748872],[15.863594579647764,50.68725396058067],[15.86211042589971,50.70336632283525],[15.840050649540887,50.73146362710462],[15.839525008680408,50.747240402612185],[15.836303926535326,50.74768352420452],[15.831493375455379,50.74834384228932],[15.808267325643385,50.75456194531933],[15.792524107427417,50.75206133091538],[15.779486506768974,50.742843491935936],[15.746333770700831,50.74021070213229],[15.740185341836966,50.73608995713286],[15.72840368938345,50.738975934501916],[15.699669081276983,50.738787898857574],[15.688768095301153,50.74288500078738],[15.680285597428389,50.75474922638645],[15.659719822995468,50.759974678115206],[15.632823432169882,50.76278258051331],[15.616208388335226,50.773097447339374],[15.577930326777599,50.778563924125606],[15.535271980243264,50.77924017993344],[15.524057990938486,50.77654600203346],[15.511376718422337,50.79062254749343],[15.498723083979687,50.788432605201386],[15.479526783062521,50.79079020376206],[15.461962349540997,50.80345666795007],[15.448224619026401,50.81364340133729],[15.438174616945092,50.814217550085964],[15.408550949563509,50.794267389059776],[15.395835111189559,50.77158442318653],[15.388007056914061,50.767501870737114],[15.379418529270426,50.76775135050495],[15.360597910689354,50.78082555848505],[15.359548865332576,50.7842343937773],[15.368338471057104,50.82231422235688],[15.371094736477602,50.82153112483063],[15.367277180332334,50.840527902043576],[15.364153673666413,50.839935173799724],[15.34463263084071,50.8559638135251],[15.34713145483987,50.86260413799333],[15.351010919023475,50.87208477817147],[15.282657720895116,50.89316258000009],[15.278120643401238,50.9069033196475],[15.268288475169314,50.920373734280076],[15.271882821048107,50.93489523339803],[15.290636880939037,50.94873732482208],[15.290496927911713,50.95503217141222],[15.277685257937687,50.96105879038255],[15.274217381127324,50.964896822263775],[15.277624576946874,50.971744482269905],[15.275073756130357,50.97907590857217],[15.258384124242378,50.98094648264507],[15.248408338864783,50.980325911320584],[15.239808956798147,50.98567905643895],[15.238100886112724,50.99491073770665],[15.24275582322706,50.99630344459444],[15.24277082092499,50.99747025760823],[15.239124748571289,50.99870647307551],[15.232592561519654,50.99851554468877],[15.203609272130521,50.99249238355449],[15.196101867593791,50.988780582351694],[15.198609508064415,50.983546832705045],[15.190807953599583,50.98062086161275],[15.188591890142979,50.98048335307869],[15.17187018664356,50.986590861651685],[15.17555272047496,50.98862774979905],[15.177542323799488,50.99423537759408],[15.17212475564791,51.02015642847901],[15.158181283987126,51.016929044869485],[15.143478243628337,51.01343102069742],[15.134570015577292,50.99954937534628],[15.132469797677604,50.994419007287206],[15.138709312249311,50.99381604685708],[15.142128349737225,50.99163744781178],[15.127418618294186,50.99058498810098],[15.119748184153906,50.99379838907285],[15.10948088488569,50.99164856533043],[15.099394703688816,50.997313184912784],[15.099010894819022,51.00370767906269],[15.108183479224847,51.00913315515991],[15.100450726555508,51.01234502853713],[15.065494985937788,51.01945076221315],[15.053012964951574,51.02073699968869],[15.035854541848114,51.02509218171276],[15.024012001892547,51.0196713935514],[15.016543535227376,51.01913425144662],[15.015272215972765,51.01711512557555],[15.01305251960174,51.01607690824663],[15.009136016095342,51.01528970860701],[15.003514239547172,51.01265427921134],[14.998561293716342,51.01083238339965],[14.996847788716284,51.00903312286136],[14.991269614974057,51.010925568702305],[14.985096787783935,51.01092872338788],[14.983984620364861,51.00672539809105],[14.978535852300814,51.002869309301],[14.972955066787899,50.995788880443634],[14.968334709066035,50.98989057706096],[14.98230591914286,50.975530208052795],[14.985421156298905,50.97081265722087],[14.994761447368706,50.97120661527069],[14.996629074297102,50.97749732370949],[14.999120075288406,50.983394837817755],[15.006594473675525,50.98418098391133],[15.012198429335678,50.97710357101933],[15.01531035576551,50.971205725898486],[15.01593049564351,50.963735498871124],[15.009702913929566,50.95587286082532],[15.010324008782339,50.94958214509997],[15.009077972909791,50.9432915773275],[15.002232064185579,50.93542856173934],[14.99601047053114,50.92874466137085],[14.989168534181031,50.922453533833874],[14.986060198016869,50.916162503636244],[14.989171363492268,50.91026529643513],[14.993525128616469,50.90594075466202],[15.001608734362168,50.90318873426008],[14.995391412881327,50.89768427522905],[15.001981395546201,50.87458351381881],[14.99732977097071,50.868977193210995],[14.99477317713451,50.8666237198617],[14.982968620605162,50.866229421629676],[14.973649421116084,50.86583451776146],[14.963090916498498,50.86150675839794],[14.946275352168694,50.8655416372094],[14.93348209582023,50.87021733144788],[14.906491623225797,50.87504053153387],[14.897672155298695,50.8678821997462],[14.881056406775024,50.87403350674759],[14.868870612015609,50.87677086227365],[14.863048573966536,50.86968887379747],[14.86288294889669,50.86965512234771],[14.847182051789034,50.869124320951286],[14.840677709630137,50.87044682808943],[14.838439797149897,50.871072514219335],[14.833542470274304,50.871538228264264],[14.829481968330839,50.8735763875932],[14.824270180084744,50.870472376991145],[14.825698653839217,50.867595671306034],[14.820115159912785,50.862563709402146],[14.817191453109736,50.855694892797125],[14.810794974311413,50.852921663489965],[14.80582673026027,50.8430954224586],[14.802143270605246,50.83325935270414],[14.801467665460892,50.827736935620095],[14.798974948182893,50.82238760597967],[14.79335228407677,50.82054462897481],[14.790615287925187,50.82413500882499],[14.779600275665263,50.820474318757974],[14.766556373759517,50.82040611415686],[14.75947169578541,50.82456584283872],[14.751386632468957,50.82335196606736],[14.748235012361027,50.82850586851167],[14.73803477952483,50.82942198353949],[14.73029054708164,50.824866694431414],[14.723488565470095,50.82312305731017],[14.71726453416415,50.82394237003708],[14.716222065061825,50.829259261303626],[14.717830869549616,50.833412103763855],[14.714564982036512,50.83770961351643],[14.708515236561905,50.84070355964123],[14.689143904143558,50.838878379632334],[14.668976779774658,50.846470980644824],[14.66186760001187,50.851193451254765],[14.647817085978236,50.84905740191318],[14.622674570842902,50.858322742095766],[14.624152200000008,50.8684209],[14.627848700000007,50.87686349999998],[14.632419199999992,50.88314569999997],[14.635073000000007,50.89398379999996],[14.638740899999997,50.89974369999999],[14.6528489,50.90567260000001],[14.651894699999998,50.92665669999997],[14.650264299999998,50.9312106],[14.6435047,50.931345300000004],[14.62875190000001,50.92582860000001],[14.617522699999999,50.92557209999998],[14.604135493812974,50.92099668830738],[14.593551988292495,50.91713340167769],[14.589860414695714,50.91740888348814],[14.581103471437714,50.91535647498566],[14.566414887158892,50.91899928051447],[14.560495411574172,50.92495686254109],[14.571071521853073,50.93149551886649],[14.572646228741792,50.93490840452793],[14.578612483963267,50.93894788884246],[14.585842423106476,50.94963463109084],[14.592000923651774,50.957126508322574],[14.597518426354632,50.96697484790405],[14.599578396986173,50.97739939285342],[14.59923742547195,50.98428009808887],[14.590475969021277,50.98896770832646],[14.582972799167898,50.99208649502468],[14.578551565137802,50.998754448761034],[14.569137257124947,51.004513002982385],[14.566096810140353,51.010790888466936],[14.562727303581399,51.01002072449425],[14.558291239880916,51.0075698245827],[14.540467733183247,51.00518380808004],[14.533984880594382,51.00469184378795],[14.536306289103415,51.009175903271675],[14.539258087799842,51.010680589205926],[14.526662349972437,51.01835427419488],[14.498740410500275,51.02257133995753],[14.504478790510538,51.03783045879959],[14.507858925520406,51.04295325753139],[14.50075699283086,51.047270885344325],[14.492262884071557,51.044229678950835],[14.492800635058488,51.034584873555545],[14.491509934380284,51.02353978418411],[14.474197440073036,51.02545986740339],[14.474763447808913,51.029471852701384],[14.468519455586863,51.031331655808266],[14.464105273099108,51.03563630685651],[14.453356575071542,51.03691392137837],[14.44532670030792,51.033067306766135],[14.43925904715772,51.02765643258945],[14.432415834713504,51.02644389997305],[14.432788275956371,51.02337736130745],[14.416065026788067,51.02010699795254],[14.407070819215964,51.01965649785329],[14.387064999227452,51.02645887837459],[14.381501354648124,51.03829488478033],[14.374743022576975,51.039289967564414],[14.363149481206301,51.04489417715316],[14.351523778475665,51.04362053210931],[14.344678490537659,51.0398020429249],[14.329704234520841,51.04528205942685],[14.32269774297088,51.05189837399973],[14.319166971477179,51.05414694835883],[14.302907889227175,51.05680326732217],[14.291847491609689,51.0457281308223],[14.288810936682902,51.039184433310474],[14.274785944038902,51.03923848978483],[14.274389233244236,51.03765159043679],[14.289304642407288,51.0282619629821],[14.279366557159996,51.01964232522803],[14.281399624840818,51.016257852802184],[14.270025450871811,51.010667669688544],[14.260611328389825,51.008646472848625],[14.263580341968105,51.004085929583255],[14.268566128855852,50.99904768068581],[14.259476324709077,50.99442191758742],[14.258614121617192,50.98799851247767],[14.27330835234987,50.9822247318136],[14.286689967868535,50.97816881256658],[14.316245962528498,50.984900032480404],[14.323084366230795,50.98437833750675],[14.328554611011889,50.982194181455014],[14.326801975847705,50.97951363110359],[14.327880194419132,50.97374986723893],[14.319602451287194,50.97242722875953],[14.315130615067266,50.97333310344229],[14.302768552867812,50.96433376977331],[14.309382830910213,50.96076657761987],[14.316822545612247,50.96064265149033],[14.317762800972135,50.957478850672366],[14.311727253797006,50.95484526910392],[14.323811054855083,50.95038039041339],[14.34748238724611,50.94969624045685],[14.347547445018776,50.94745982580565],[14.34880952082598,50.94517479029015],[14.360976480181684,50.94263882327062],[14.370249943874862,50.94269525423838],[14.368938357803291,50.93986399807581],[14.374118170543927,50.93865409295055],[14.387336044034972,50.94051911480921],[14.405390956634143,50.933799370515594],[14.40523126185366,50.931293579516066],[14.40428379448617,50.92380172319433],[14.394598857418819,50.91835195266911],[14.387611852849316,50.910190761064904],[14.384810306260764,50.90196114557667],[14.381129236728839,50.89876723462176],[14.361776639719642,50.8984930301147],[14.348766370662283,50.90058612951962],[14.346059438669487,50.893258053899814],[14.334445092526167,50.8900139101085],[14.319700730757132,50.889804626427924],[14.304593665752302,50.88441078252879],[14.290999388904638,50.88608045412362],[14.282437835643329,50.89257350240587],[14.270058638043144,50.89526832121885],[14.258451653362151,50.890442296854545],[14.244959720062518,50.88807386284329],[14.237668224081174,50.88851139602219],[14.235093042468737,50.87996041697837],[14.227939959625937,50.86635071101709],[14.222055405421113,50.85873018361124],[14.217773305217454,50.86082260190519],[14.20505325327745,50.85314614695604],[14.196224809118474,50.85115197995334],[14.18969046328046,50.8491739922599],[14.182644428596014,50.84988122116417],[14.170241825443044,50.84745711595002],[14.162440114109893,50.84798754396437],[14.149592580596734,50.843332604158505],[14.132915432234627,50.83465808456635],[14.086085988198649,50.82485951042935],[14.07958659129609,50.81754171090092],[14.07869278506016,50.811827251669186],[14.049077396598385,50.80888374197961],[14.03221975466383,50.81385655194666],[14.01794804979144,50.81373729209249],[14.000607489892603,50.812017285695504],[13.984976237114452,50.81738697073826],[13.971324205119663,50.817267399016416],[13.958500147822704,50.81129061161023],[13.958423980003518,50.81125511050843],[13.950490124090706,50.805286164874374],[13.94446347577328,50.797367984484275],[13.935877837541959,50.79296488243854],[13.920444950919945,50.789677542742396],[13.903237047901616,50.79281604157884],[13.898612442077345,50.79229648655126],[13.894389964263118,50.77933846696369],[13.889959931556092,50.772911222688975],[13.884971084047116,50.7685045976928],[13.893825598446746,50.761118235655516],[13.901189769636854,50.75362005098003],[13.894852784706528,50.743827414155334],[13.884670714193087,50.738448801768634],[13.875912284738742,50.73853515131163],[13.871400165213974,50.74101298602126],[13.862947724941362,50.741943351964565],[13.860828787745218,50.739304757194645],[13.859479673692276,50.732225489684474],[13.857504779365676,50.72826706005035],[13.845435800839008,50.725451998596654],[13.835212141083485,50.72724971412432],[13.827190399358415,50.72428459606115],[13.809644823793757,50.731585955789676],[13.797165112204539,50.73512680207264],[13.792480343567915,50.73356506943553],[13.790921890821645,50.73689807968033],[13.784230444373145,50.73495283766042],[13.774965050491808,50.73651063112953],[13.771260228354667,50.73377224648147],[13.7665407910576,50.73584190934858],[13.757583378922531,50.73513016715817],[13.752712337902937,50.731177887147325],[13.745679042517551,50.72917120562789],[13.738896687121786,50.72873909885303],[13.729122478090801,50.733744380804545],[13.714614799744625,50.725635530481256],[13.709879035921094,50.72529194833082],[13.71212425728307,50.72016860511916],[13.707975865723094,50.71708671591831],[13.700310651241265,50.71778159795534],[13.686189028992567,50.7209913383987],[13.680966258534301,50.7249063268194],[13.67002072608574,50.72992273403477],[13.664757837037556,50.73291104161508],[13.652664212221614,50.7303101541059],[13.643733672006867,50.72914733870427],[13.627764476499273,50.72250943667008],[13.625121823001106,50.72288069164345],[13.626439938740493,50.71651909614054],[13.621592136432614,50.71425558098544],[13.601905030704335,50.71050645729746],[13.590045371287585,50.7119922281372],[13.57604921750625,50.71205906775972],[13.564834097595861,50.7142807711736],[13.557279958991641,50.714419598228034],[13.546320042037426,50.71063471613268],[13.532577550888343,50.707927290311325],[13.523649715117568,50.70308639465959],[13.537973358616705,50.69143980962494],[13.543194135878585,50.68274798568968],[13.54335077132093,50.67730249228866],[13.536395112333953,50.669872069227594],[13.51945533445864,50.66062986472605],[13.515230834928524,50.65608127028812],[13.514993367141495,50.65251883487563],[13.521037787049435,50.649640022584045],[13.519974250756007,50.64412153886869],[13.508971916976511,50.64004912228096],[13.493594952641558,50.637492029700404],[13.480793164248986,50.63182078853588],[13.462676897278305,50.618607000122815],[13.466897325621797,50.60299916637761],[13.419077105217989,50.61015906391841],[13.402791218319072,50.61662160665899],[13.38895882928173,50.62350906226543],[13.381247749817234,50.63205298005974],[13.371761157330495,50.63821227580782],[13.361295636749434,50.63688587791721],[13.353467503127384,50.630877206756374],[13.345724121046743,50.62250987398596],[13.334180029365367,50.61684026056206],[13.321965122201231,50.6127327097844],[13.311086135184313,50.60589068403267],[13.307496231836348,50.585390933695784],[13.299584335514245,50.58212987623517],[13.284812619676359,50.58073356576971],[13.273443367205214,50.5876436186341],[13.265847575146346,50.59264269075849],[13.251691063630364,50.59125134613831],[13.240871247023204,50.583223869238665],[13.235668326093037,50.57370768925747],[13.223931452370564,50.55740686818154],[13.220614676960723,50.54713224428531],[13.21468425765046,50.54074976007253],[13.211257182840777,50.536105315367465],[13.20588105994393,50.528817470699146],[13.194661616685908,50.51566727343328],[13.18875365412786,50.50889055916123],[13.170946481992084,50.50591227852561],[13.152336987562062,50.50590542723302],[13.140032730544732,50.508519958091156],[13.128620446554764,50.51711329335771],[13.100845483854357,50.50469655916203],[13.06947928686909,50.5005565487983],[13.043924075611445,50.51145866822535],[13.032042785112806,50.508635898489636],[13.023443791028125,50.48640812973871],[13.019921841494128,50.46652571658042],[13.021210315431949,50.462607953963115],[13.023502241241983,50.45563455428008],[13.02295073153197,50.45085476990963],[13.017783648453646,50.443484920961104],[12.999599192727343,50.43409718629871],[12.990079539475369,50.42676889143773],[12.985618135363852,50.41987592181041],[12.979296574191663,50.41727033739289],[12.963838735394562,50.41337159351183],[12.944123204213929,50.41173490039744],[12.942041339681696,50.40819518084636],[12.944297599934854,50.406150832328855],[12.948875247852385,50.4041978710807],[12.945420643664953,50.40336546590301],[12.941615656639685,50.40407134694116],[12.936766952189902,50.40676416508411],[12.935170697455014,50.40842350578102],[12.91058644205894,50.42226773909672],[12.9025273341503,50.42083653134539],[12.891869059160532,50.42805182163757],[12.853421634987336,50.44314954212327],[12.84459378196093,50.44888243641981],[12.819854370776948,50.45934279435416],[12.818584263186896,50.45846542665605],[12.807345957229693,50.44230656057321],[12.812796312063465,50.432605049127545],[12.81122602917963,50.42920264154564],[12.802308016424604,50.439032948335154],[12.794193514752909,50.44797840027056],[12.755321086700965,50.43644268730254],[12.736581581159482,50.43020946722804],[12.713976924470929,50.41188400810795],[12.707359205476129,50.40449865577835],[12.693579539939263,50.40318252678465],[12.676200020494889,50.41386775731674],[12.67382348747698,50.414439544104454],[12.667838955724726,50.41310102885494],[12.66194151318883,50.41022828054014],[12.65609237626872,50.40905333638356],[12.647582725383472,50.409003720583236],[12.641048537014214,50.41034631935818],[12.62561440436449,50.41450852195739],[12.618679376329132,50.41433251774101],[12.604504325315563,50.40568458478367],[12.598302892764075,50.40441128998822],[12.584765858928812,50.405761669360764],[12.575598277182644,50.40211814779422],[12.559355262442104,50.39830381229891],[12.534337020330849,50.397773153434734],[12.515962473059671,50.39508374931148],[12.490759635888638,50.37141398737306],[12.488904817950273,50.36141968070262],[12.492111921549032,50.35761978489168],[12.494264879892224,50.35415577066877],[12.49048592161411,50.34889596359231],[12.48422424373443,50.345488901078134],[12.481088805563733,50.34517999660117],[12.469955342231156,50.35182858019736],[12.464043318616387,50.3510393683244],[12.446625410841179,50.34266994106808],[12.439060664265725,50.33478465695672],[12.438547268620537,50.32786875113084],[12.433512649169867,50.322287622496845],[12.431028042954317,50.32153629044381],[12.420821879708758,50.32141440227408],[12.415445845718775,50.32247511701795],[12.403741116290705,50.322337444132295],[12.399838160332491,50.321116918321124],[12.398614291132303,50.30709384538019],[12.402137269662793,50.30208546768205],[12.399343769533852,50.29167156910376],[12.394141745248534,50.287692469586304],[12.386123808936855,50.2871314290463],[12.373038773464149,50.28349635807167],[12.362946295481384,50.27471518168656],[12.352155001326024,50.26180641615149],[12.350554010449923,50.25304709729128],[12.357148533079373,50.245887387149246],[12.361174633522436,50.24061885437508],[12.355904194213991,50.23606836270617],[12.350807243326987,50.23486279143409],[12.343013174156841,50.23975672820514],[12.333904843137548,50.24119872829851],[12.330298210369286,50.23383287773647],[12.328637294776186,50.20866014978832],[12.335270486377238,50.197947862281346],[12.337713397499265,50.19436565391541],[12.340118186905315,50.19084173101863],[12.336650966859546,50.17258409117215],[12.335013722173409,50.17166864105312],[12.332418185394088,50.17071518541675],[12.320524925868476,50.170985450427715],[12.296474067346244,50.174121635420384],[12.289576212378611,50.17691000006221],[12.278045234832197,50.189818515840834],[12.27422206921523,50.19533101856473],[12.275022982170816,50.19781105007008],[12.282955003446345,50.20630642594924],[12.287935615174355,50.21967698797358],[12.28668521626827,50.22474973580865],[12.273562405746887,50.23169266723853],[12.264373383190419,50.23147575509839],[12.254272837670008,50.23692995246171],[12.241642587152166,50.243777498706045],[12.240546887812224,50.24496014551687],[12.24170381115052,50.2505148283648],[12.245132992638867,50.25649979627548],[12.248735652209238,50.25804077308837],[12.256173414669789,50.25073206356366],[12.26183559415029,50.24936276678602],[12.264451602836374,50.25039210065025],[12.263062513399884,50.258304054000504],[12.253971772663064,50.269309161279864],[12.24453043949085,50.26734882604574],[12.235460443902642,50.267863772229646],[12.211731091774764,50.26929024384949],[12.202024503001995,50.27115945743435],[12.199624347616862,50.272208489125745],[12.193732349657507,50.294963311004174],[12.202201535897586,50.30800206914308],[12.185543327038317,50.32099480374748],[12.144404785599512,50.32142210958157],[12.129705887787297,50.318210536893204],[12.115083041531605,50.319678742249344],[12.106938089257417,50.32162409756347],[12.100833449288809,50.31865235814428],[12.104990643106035,50.3145593895483],[12.115100791186654,50.31305631882395],[12.125918204740824,50.3073876733672],[12.119185027774485,50.298915389622536],[12.123101050204584,50.29072946769464],[12.13585191428048,50.28374042662784],[12.140046209737672,50.27780070646265],[12.138239610125185,50.27502029799708],[12.127167832933248,50.26980882975634],[12.121209817550614,50.26886720936312],[12.116113786448004,50.26815037091449],[12.112299461610256,50.26766506643272],[12.10589025721567,50.26368657203796],[12.090617506242266,50.25238367094444],[12.092670276480764,50.249373650028915],[12.108955266245626,50.23798670105505],[12.126959169920964,50.23244467191761],[12.141309030294192,50.230559582654315],[12.142041631313429,50.2337180503455],[12.147512153078644,50.23581263506427],[12.151319426820372,50.23572484588057],[12.158781633433078,50.225589010155225],[12.160464845311648,50.222400266021914],[12.160627410221984,50.2199004246169],[12.175325268156294,50.21285972601703],[12.190064140321798,50.20086583016739],[12.201321739254604,50.18872386765793],[12.215773240875453,50.16810984522386],[12.214643999679272,50.164542983855405],[12.211306741693983,50.1588584473476],[12.20071567289782,50.15246125613178],[12.195260382793785,50.14303584556858],[12.194729543409697,50.13807213805138],[12.196857935441345,50.12279455770683],[12.200100829095101,50.1104842320442],[12.201336095452277,50.10858143629912],[12.20932444847523,50.10232863140857],[12.221401799061594,50.10379755213009],[12.229017848085832,50.10227903889458],[12.244197389678845,50.09440594756546],[12.275651204960667,50.07636214849254],[12.261767342751877,50.06526548553728],[12.259599364769128,50.061259925713706],[12.260949774944976,50.05832240457212],[12.27144051348571,50.06132040464119],[12.298084813510675,50.05852836396305],[12.311376298115444,50.05533520465198],[12.318028363906611,50.05304663363663],[12.324358404154209,50.03874590128993],[12.335646309730688,50.03847808508144],[12.337708391228624,50.03972208177975],[12.339967677176391,50.03942831859089],[12.347376244274901,50.03668974778031],[12.3656069696342,50.02235726936229],[12.367531940566096,50.017611820909785],[12.378656,50.019097500000015],[12.37777690000001,50.01648290000001],[12.379701999999996,50.0138853],[12.386596800000005,50.01247410000001],[12.396031100000002,50.0136698],[12.400431199999987,50.01502219999999],[12.402185700000004,50.014566599999974],[12.402782599999993,50.01312339999998],[12.401327300000004,50.01125269999998],[12.398164200000009,50.0099293],[12.397393500000003,50.008849900000016],[12.398000500000002,50.0077861],[12.399879100000001,50.00854820000001],[12.402290500000007,50.007728599999965],[12.402135100000013,50.0049891],[12.406202200000015,50.005424899999994],[12.414546800000005,50.00459169999996],[12.424339800000002,50.00030189999995],[12.427661199999996,50.00191539999997],[12.431648399999998,50.00250789999999],[12.431985000000003,50.0001903],[12.435272199999988,49.998419000000005],[12.435300599999996,49.99350160000001],[12.428345700000003,49.99245609999998],[12.425682100000001,49.99098809999997],[12.426464600000001,49.99015830000001],[12.431360899999996,49.988570899999964],[12.431479299999998,49.984390299999966],[12.439986499999996,49.98696],[12.440721499999999,49.9864163],[12.447762700000014,49.99030840000002],[12.453590200000013,49.99166369999998],[12.453827500000003,49.99348460000001],[12.458963400000002,49.99476190000001],[12.463550999999999,49.99423130000002],[12.470043499999994,49.9909108],[12.468481399999995,49.989415499999964],[12.470845800000005,49.9867021],[12.475439799999995,49.98381390000001],[12.476609200000004,49.98074129999998],[12.486356999999993,49.980935199999955],[12.48995860000001,49.98160039999999],[12.494346299999988,49.9759289],[12.499557799999998,49.9720459],[12.494022100000002,49.96986069999998],[12.494033800000002,49.9666492],[12.490840099999994,49.96216100000001],[12.490555299999999,49.95859490000001],[12.488016199999999,49.957882199999986],[12.481574199999999,49.9582962],[12.4781864,49.9567223],[12.475889300000008,49.9544648],[12.474880700000018,49.95187960000002],[12.46999080000001,49.94832449999999],[12.4700923,49.94578679999999],[12.474930600000002,49.93852270000001],[12.478335000000003,49.935534799999985],[12.4943161,49.936789000000005],[12.492992300000004,49.93316310000001],[12.4982932,49.93248700000001],[12.503775399999999,49.92962919999996],[12.5121144,49.927577],[12.521715050961951,49.92771489944877],[12.54156643819427,49.92376693212037],[12.548035290632289,49.92010818220289],[12.551428496071637,49.90971341461808],[12.550846647512246,49.905185190289984],[12.551533074818863,49.90574197116846],[12.548458780899905,49.89869222866637],[12.535786204796608,49.8907083104639],[12.521907994152464,49.88163339042979],[12.51912360458497,49.87706305490245],[12.518754304982156,49.868846924166185],[12.515864612855067,49.864105219370934],[12.511041444455827,49.85848591651687],[12.498911267827848,49.84738151002301],[12.486186480836025,49.84167041512681],[12.482094606081684,49.84148739927609],[12.47298789915674,49.83357978878064],[12.472942553461115,49.814776973025566],[12.474204201897923,49.79181625291802],[12.473899687746846,49.78848258099296],[12.404634991843249,49.762469880107545],[12.401750165806535,49.75821651540206],[12.401434044691033,49.7532042747063],[12.406296018623856,49.73986776366814],[12.412943094133931,49.73234497842736],[12.425539039222913,49.730453025239186],[12.429619545855738,49.72001261802479],[12.442735886372107,49.703792448530756],[12.453006176131087,49.70116743401321],[12.45749621191536,49.702163125223464],[12.481778812145187,49.694796916381165],[12.485549460044906,49.69140163812261],[12.485625787267747,49.68781571669478],[12.491813397713276,49.68600448511603],[12.505110014455228,49.68520713689221],[12.514466064449834,49.68782372081272],[12.52195884939674,49.68641276016235],[12.530131436583536,49.666281766945296],[12.523403186730697,49.65613878263692],[12.517388012512654,49.64489362929047],[12.523378998395666,49.628428974188935],[12.528193556145979,49.618201660848875],[12.536158296183718,49.61803044402673],[12.545905501449205,49.62132197010719],[12.556233045992045,49.62075782170425],[12.560260327848287,49.61909399704755],[12.562143826322847,49.60296516530098],[12.56423253983226,49.59648059785943],[12.577196584545534,49.58625364809729],[12.570849147367147,49.56940431587428],[12.574242673465655,49.5593220532974],[12.587846389847439,49.54556996673363],[12.595103209831324,49.54168656000089],[12.588906230008128,49.53808952957484],[12.602269435211554,49.53231359924353],[12.62076356629371,49.526328805852856],[12.628618866564855,49.526812836700174],[12.632366491619196,49.53177942932408],[12.63686975196423,49.5315015574531],[12.641274882842996,49.52685116040574],[12.644216000576314,49.52251020961494],[12.643875585415548,49.48497347728322],[12.643210191888507,49.48383286291961],[12.638018602493394,49.482845004281074],[12.633575281301285,49.47613577150684],[12.637277637196446,49.475746013686305],[12.648684372750024,49.468444151562466],[12.658023597420405,49.45035545205531],[12.65836074518015,49.43921255973368],[12.655516161365655,49.434657386322385],[12.679367557015539,49.42613935372805],[12.70872538198069,49.42466705568343],[12.757688294490471,49.39466080363461],[12.761109682631966,49.38260627226919],[12.758032532045467,49.375411817538414],[12.76818903247983,49.36540534301353],[12.778487090422042,49.35490751015406],[12.778760323490962,49.34813646712664],[12.785912409001055,49.345469644049544],[12.80253926892926,49.34168571687398],[12.837256200762893,49.34071282627496],[12.842860799117975,49.34233061299341],[12.843495194507222,49.345069152581445],[12.847678448262464,49.34437930347155],[12.859371237249706,49.3388056832534],[12.87691987751233,49.33246560532844],[12.88683531512655,49.33232852101655],[12.888873532107382,49.33322469528625],[12.886267384012804,49.338985352689775],[12.88100801764465,49.34350184157152],[12.880165520150033,49.35039870363255],[12.888888206652714,49.35092108212837],[12.90144119116694,49.349631535481706],[12.942833431418471,49.34416921493878],[12.945290387596584,49.34378363504192],[12.950035997907733,49.3428952342791],[12.972644316829683,49.33384684006807],[13.002012938558396,49.314250330561556],[13.007641208145998,49.306468167265336],[13.029023289442039,49.30457647494286],[13.03073666242434,49.29153814588512],[13.028720420775429,49.28423242623379],[13.02572710238793,49.278998652006216],[13.034059168620695,49.26395019645378],[13.04740386702064,49.263697856140716],[13.057010212548738,49.25670569092846],[13.060545369762421,49.250178851676765],[13.069174604379814,49.246989501923636],[13.073383015191645,49.246348791850956],[13.081044636784046,49.2471612596292],[13.087140551647709,49.2405694765636],[13.088869884077994,49.2349048569649],[13.088472057977766,49.23109788784424],[13.101998915303447,49.22341485542864],[13.114148052328662,49.21830733232871],[13.11428510018693,49.21300047554153],[13.110107310579071,49.20321584909858],[13.118946622718205,49.19914168757217],[13.12936184599146,49.19697866573716],[13.141118762655063,49.189959966633374],[13.147796311655794,49.18337602097279],[13.162056283669333,49.17456013118268],[13.170894366908414,49.17303158131486],[13.174472794537001,49.169807059244576],[13.176816464816557,49.161628218380564],[13.170115692925561,49.14388183649811],[13.182982935770921,49.134375807149176],[13.205546609326015,49.122195985294354],[13.23593393812543,49.11370834180964],[13.255815770687434,49.117797705177324],[13.282334653936594,49.12052459130168],[13.289261985239753,49.118414919280355],[13.32457128743102,49.10016958080649],[13.344318101935277,49.08884790568166],[13.35471491119383,49.07834585374036],[13.376176443409626,49.0582427724523],[13.386502025772659,49.052631246588554],[13.392343946101857,49.05430515459994],[13.397383533333304,49.0505901033256],[13.405886142705883,49.02271980279244],[13.409480657656454,49.00311651834181],[13.402347153476876,48.99441063368493],[13.402735567208264,48.98736161326279],[13.417318828674016,48.97967960282606],[13.424550921058776,48.9771535837945],[13.432867672745237,48.97192718509171],[13.443224829195215,48.96591163988145],[13.469573949539477,48.95442910720356],[13.495811030319686,48.941448104115025],[13.508396868633463,48.94206180934653],[13.507943532486617,48.947982063291356],[13.50596801298848,48.96015496466778],[13.507292469348661,48.96897865244445],[13.529472687787164,48.97394140309599],[13.533410937189084,48.973869167321865],[13.536594960231662,48.973365106930224],[13.543476699939893,48.96821517425121],[13.54804991394469,48.96709050685944],[13.552154199403363,48.96775688848934],[13.557060199062766,48.96736493297603],[13.572863502380741,48.966266504544414],[13.57543717722625,48.96773094795281],[13.576307942875193,48.970336551737034],[13.58030192261272,48.970847888354285],[13.587100315763045,48.96736433233549],[13.593102439565216,48.96108247033192],[13.589515626657619,48.95585243882959],[13.590718241765321,48.95300651885684],[13.602519634280997,48.94325208994666],[13.607940578250094,48.94115034268804],[13.62245900321179,48.93886164445672],[13.637958052515954,48.925803916974786],[13.645438480183186,48.911292476139195],[13.655457270892082,48.89354673875431],[13.671429991657433,48.88012315137738],[13.676406462598592,48.87857804195879],[13.689366378266733,48.87836450433789],[13.716804133222267,48.878211900993435],[13.724654234353235,48.882199386657426],[13.736810809868135,48.88088957803465],[13.750591158276292,48.866847470756106],[13.755041867337459,48.85469373730729],[13.765606560138334,48.83756179217815],[13.778721784564507,48.8325003604695],[13.791368094267405,48.82383124175455],[13.798343941169191,48.81741789597036],[13.795483982637236,48.81492603101005],[13.815391119743564,48.79701593725233],[13.808701818003936,48.78397316597944],[13.80413793796499,48.78123401073322],[13.813334368384364,48.77378383077103],[13.832446943549055,48.77046573137557],[13.83970268600521,48.77143598187567],[13.838542849137637,48.76579375533509],[13.82216738431553,48.75613216366619],[13.81969433477823,48.747518896685435],[13.819144117788696,48.738705183549634],[13.817454950468933,48.73704317535609],[13.817269620008366,48.73400906209024],[13.818906132461866,48.73264155337246],[13.817324665008636,48.731384233708184],[13.813724161344423,48.729729661991925],[13.810228861880436,48.729148915246135],[13.807185109242985,48.72528871699241],[13.802108426218556,48.720146673207],[13.800407279341664,48.71738260627907],[13.79791639828281,48.7163692122155],[13.795608692294662,48.71631157748487],[13.79386540488456,48.715096476741344],[13.796376772378293,48.71289820111478],[13.799580421405611,48.71019780755466],[13.804274915255482,48.70723012001785],[13.806720811727514,48.70837744327126],[13.810854940645283,48.70839387845923],[13.81215441652386,48.70632759158225],[13.811733893119838,48.705146678516215],[13.81066256138765,48.70441064960204],[13.81064297330216,48.70282015651896],[13.812267500019916,48.700846099702176],[13.817147110258256,48.70076703740683],[13.819245835328186,48.69888458687043],[13.822293906677427,48.69898632976444],[13.826359806195786,48.69997576306995],[13.829786584336622,48.699574556607764],[13.832681542701978,48.70009315853253],[13.836409029695897,48.69973190501468],[13.83461109327457,48.69720570776317],[13.833753344167754,48.69479779758225],[13.832536210785857,48.692774065983386],[13.82868040641647,48.69274450222279],[13.82565400085801,48.692992722578666],[13.822240067179456,48.6949481086146],[13.819212384147484,48.69499301972073],[13.81612261471136,48.69502134548803],[13.81318315404487,48.69243433247636],[13.813124342950307,48.68896700549273],[13.813299090394466,48.68557383711763],[13.812576109442725,48.68355645595093],[13.815880735368303,48.68021679064493],[13.817331396566553,48.67550025910321],[13.817996935620616,48.67156053326921],[13.815853487802066,48.669150043083725],[13.816253424491359,48.66392957530433],[13.814929368451848,48.66030364956216],[13.812518406068824,48.64931669099201],[13.815466067969366,48.64537971696915],[13.821884053419256,48.64136890164528],[13.819884403189864,48.63868489289742],[13.824972265926778,48.634993446000934],[13.824060461340041,48.631378068681414],[13.822322590885173,48.62617007091496],[13.823815035735718,48.62045883913366],[13.822505434297907,48.61784325048212],[13.819717116220016,48.61471788316024],[13.816104734166954,48.615491369702774],[13.813335378880614,48.610153745593735],[13.809880923845284,48.609237347028355],[13.808952384033773,48.60701884430915],[13.806729418241915,48.6054288117898],[13.805884232403121,48.60104609469039],[13.800819649775367,48.597976286154314],[13.801550028721783,48.593583392739035],[13.802548716088099,48.58169213861549],[13.802548717089257,48.581692135297246],[13.802490125419874,48.58160082649811],[13.797013409558248,48.57306522705483],[13.790816419769888,48.57282079270658],[13.778097543529883,48.56410406681245],[13.770500319174365,48.554867677039326],[13.767284431373804,48.55656442077419],[13.761051360486118,48.56671787437627],[13.749954420777756,48.56241483721655],[13.747501455807713,48.55286338542193],[13.752678872290586,48.55155709525175],[13.742509365579807,48.543442564866496],[13.744178416890481,48.53393936056642],[13.7428983277946,48.52773645280665],[13.73083595801674,48.52284335966944],[13.724638613850392,48.51277731955815],[13.687032955731146,48.52616062991169],[13.652978483951003,48.54004935432126],[13.648424832934571,48.54951743676169],[13.639720816930891,48.553223494862344],[13.625305897662065,48.55590869446845],[13.610824321372553,48.560971650890856],[13.600589647490866,48.56798878127772],[13.591971526697774,48.568359771593855],[13.578467134460135,48.56390915418302],[13.569213124274587,48.56141414430248],[13.560447357034592,48.56701774584074],[13.547322349773145,48.57447004991414],[13.533407383112495,48.584291162200245],[13.521019110891526,48.59079770573747],[13.508837791787851,48.59016450852943],[13.500384397844515,48.58481790363509],[13.504209595217045,48.576774409577006],[13.495084180305517,48.56999043786985],[13.481630874542292,48.564100877390246],[13.463893751801468,48.557676566888254],[13.44941059605074,48.56224315692877],[13.440807252418928,48.56212694902888],[13.436608284145061,48.55873745791193],[13.43674027663931,48.55445455296379],[13.437618523597923,48.55290434255388],[13.441289831772407,48.546422923341055],[13.447987751828025,48.538420096526636],[13.447474903903954,48.53174807564066],[13.45124619491962,48.52560985168288],[13.454387097922709,48.51660655776684],[13.453859080959276,48.51041041987694],[13.447118660751665,48.49651330979476],[13.435605293544903,48.4749336384155],[13.425385118714155,48.458131270964],[13.4290154706765,48.451117714753735],[13.435687781553126,48.44359124758756],[13.43812545938173,48.43410263373665],[13.432667866250714,48.425458840831],[13.425826395902893,48.41536757692765],[13.42262011599219,48.40342142678249],[13.415216754009233,48.38856086540614],[13.411896058932701,48.38042151195308],[13.397193051871342,48.37069571665339],[13.38002552046706,48.36081604967585],[13.37684338570904,48.358984080637825],[13.362137982904603,48.34972979336689],[13.349548571296499,48.341456176017],[13.33344132102234,48.33170193572434],[13.319418264882056,48.32388027960929],[13.302624695088712,48.31363552666009],[13.292580407638834,48.30991699045166],[13.289229172145019,48.30867600208358],[13.270162392599268,48.302677517468155],[13.256756751994333,48.298190131612024],[13.236107687740436,48.296922994277416],[13.217516273404538,48.29806458077268],[13.205325935662879,48.29977935880056],[13.190349336400523,48.29954460946437],[13.189038507042065,48.29941425874041],[13.17328440374531,48.29784643232798],[13.15494881170337,48.29184038181766],[13.123635440842987,48.27860582083131],[13.082093596791736,48.2779203664313],[13.071107511276196,48.27437888965197],[13.06132291624851,48.267637668283164],[13.04415696005898,48.26306684286742],[13.02098291920398,48.257009869555695],[13.011713302861434,48.251409387840596],[12.996264376293906,48.2358622087729],[12.974635271495254,48.220996297856466],[12.962045457622477,48.2136889538013],[12.951289571078565,48.20852847499517],[12.931420009589033,48.207927858295164],[12.914983570886678,48.2066408661325],[12.902620177735212,48.204772459172545],[12.88983544792143,48.20395236566359],[12.878851745273415,48.203514498995645],[12.87151083389773,48.20229342696128],[12.865588553343787,48.19914701082285],[12.863166572711485,48.19389149601271],[12.86048166283837,48.18507159274321],[12.85187125998196,48.178470682842836],[12.845203961829512,48.166412846036096],[12.839539184878879,48.16704253556402],[12.832531099428266,48.1649284400825],[12.834046090307185,48.15793976282985],[12.827179707831387,48.15324461418496],[12.808039658123835,48.15135497111661],[12.797206038981273,48.146055564896294],[12.79630496699033,48.139776119599304],[12.792832180889281,48.133588355561],[12.784496282605122,48.12335142218257],[12.779290834115635,48.12668184880316],[12.764849717339539,48.13027101934542],[12.757651031339533,48.12689950194356],[12.758436096322125,48.12095172910334],[12.757099748999295,48.11839510148259],[12.753827883996095,48.11579255123042],[12.747935569242186,48.11005594567135],[12.74995598000222,48.097727217607435],[12.751446539717469,48.08984545073228],[12.75697094701773,48.07645813059046],[12.776969300239045,48.06085761152664],[12.805121462684886,48.04508021582122],[12.8474355361345,48.01908000394865],[12.856664048780223,48.00768040682975],[12.85997549064248,47.996509580365355],[12.866254936895956,47.97690536038779],[12.872379937651367,47.964310428720935],[12.881190845911986,47.95959854256121],[12.892842357716056,47.95789739512293],[12.904946152128856,47.95704084686416],[12.916702680699693,47.955850465729455],[12.920886310430477,47.95040063349123],[12.91966444792617,47.94139441716219],[12.926767286965086,47.93804270794507],[12.934827678544355,47.94104150768114],[12.936748613494547,47.943849575177964],[12.939693856342531,47.941249564501604],[12.940422387746331,47.93161419017682],[12.948866634454635,47.91852091004],[12.963882775879526,47.904100532161344],[12.96978103506776,47.8951461377199],[12.973677435478942,47.88892264832312],[12.977380289879045,47.88457013542911],[12.985016360923236,47.87201781633069],[12.994902289556734,47.8602054153563],[13.001283217022692,47.85353574455505],[13.005104201143876,47.84523684741772],[12.9929668197377,47.83376063614438],[12.98335317672717,47.82731026585506],[12.978713659449284,47.81896999385141],[12.965684082703444,47.801825950927594],[12.957239138445251,47.7948100409699],[12.944847763480544,47.787761952200476],[12.937231176336109,47.783818960045146],[12.938546540311062,47.77855194594728],[12.932389088511613,47.776668036442494],[12.928791005991231,47.77221353403251],[12.927451104729235,47.76919240396555],[12.935182045740259,47.76952286547314],[12.94206705400016,47.77014705516482],[12.943791457627329,47.76452997520077],[12.939104251354813,47.76057390821627],[12.934050879024506,47.758357803925406],[12.934856912676468,47.74889069363869],[12.930914759316154,47.746988190886434],[12.918462493468338,47.74276906925904],[12.90942787442965,47.73689618276376],[12.905353886066335,47.72956934776502],[12.905516965867294,47.72550154318752],[12.907713428548345,47.72163694787254],[12.913981975769723,47.716406247068505],[12.921477079950087,47.7132084692253],[12.923332141271594,47.71111543221923],[12.931678247166252,47.708426935845665],[12.938090058758386,47.71101085243797],[12.949840729400876,47.71074300202885],[12.955662532664434,47.70693806000452],[12.959480836575766,47.708659010375754],[12.965115445245196,47.70818381562189],[12.97513307783183,47.70675647966166],[12.991275865748802,47.708028036211495],[12.994800436146159,47.71252924989205],[13.000483018927412,47.712995579034825],[13.006867211788311,47.71681944334005],[13.007743259634063,47.71916121897196],[13.010359738058673,47.722021007241366],[13.017274215412241,47.72225827770987],[13.023913012786652,47.71906760001134],[13.028265318941203,47.71657213027408],[13.034666213877221,47.716176630904926],[13.044635047017689,47.712665720974506],[13.050477947540019,47.70683069444659],[13.057281712648907,47.69954192098611],[13.064188096882445,47.6940175912969],[13.073969378807492,47.69063092280586],[13.076289014000379,47.68876743502453],[13.076535264204242,47.686058727766216],[13.078681791808664,47.679750417615864],[13.075462206287341,47.67371005588967],[13.078021449810356,47.66334984782539],[13.084676949136872,47.65801955827274],[13.088480267485528,47.65351026916092],[13.087896849667727,47.64862435056749],[13.097785428918804,47.63911953477296],[13.094574725183536,47.62861813160833],[13.07825436309102,47.61779620877819],[13.069141642168816,47.60662660527101],[13.064972769056,47.604327661689474],[13.061892941124201,47.60211831589173],[13.06159658483416,47.59882297729255],[13.064873008782925,47.593900118599606],[13.0701448874667,47.59087555970271],[13.069997161399298,47.58705745045567],[13.059544329720781,47.58661334302649],[13.043962674842199,47.58411935321021],[13.04308616505399,47.57889410270851],[13.040451775241282,47.57661496377977],[13.044367292024505,47.56947811206301],[13.04892584311187,47.56398035788613],[13.054992070696883,47.560867928396725],[13.054457467498683,47.55800656825032],[13.050223350312718,47.55412141614163],[13.044362660199495,47.54928686428872],[13.035455702623295,47.54016841928777],[13.031912522554023,47.53779136599582],[13.030233399997247,47.53303281062601],[13.034671777875912,47.5283018027171],[13.042397711141254,47.52618639932268],[13.046266966428258,47.521482803874605],[13.043807719039977,47.52047805406727],[13.042527434034303,47.51702980360624],[13.045482740151462,47.51424603261065],[13.044789597156916,47.50822393033598],[13.046876419496318,47.49746867746218],[13.046159898407955,47.49283260419257],[13.042378256208547,47.48983483818095],[13.037565024575136,47.49000364099136],[13.029926802736904,47.48778765788434],[13.022230076615594,47.48667829531846],[13.018738135504202,47.47715365969923],[13.011176876920453,47.47014149142601],[13.003389969861109,47.464509732885624],[12.994915276280713,47.47158069536329],[12.995506153484076,47.47643378418033],[12.986138078206608,47.48370945431178],[12.973825782816716,47.48741480572225],[12.971187154936668,47.477539653038],[12.962006277313026,47.47762435358135],[12.944356451202603,47.48487010210981],[12.932255067685658,47.48928369366769],[12.90440235210724,47.50117838046781],[12.886956852522577,47.51217983579643],[12.885827085146678,47.52042989460375],[12.87744383027864,47.524357209502334],[12.867680041455525,47.52538460209094],[12.862577686986858,47.529023245967174],[12.851806138377952,47.532784276444595],[12.849944090389549,47.54294271128781],[12.848676735237325,47.54615003372431],[12.841676897094457,47.54757116470599],[12.826228209161686,47.54619388154503],[12.80272768753734,47.55122565713432],[12.796065580212588,47.56044050136807],[12.783112434376909,47.571565657988145],[12.782273361656266,47.583556127452795],[12.795188732771024,47.59153284913435],[12.792795651303395,47.59718514065284],[12.798018516711414,47.60287079165092],[12.80683006342627,47.60986571499254],[12.823237037115986,47.60956597337288],[12.824669271068604,47.6128325294504],[12.813280782526611,47.61928633001405],[12.792712209535631,47.63372306868591],[12.780606687352616,47.6339740933783],[12.769651660834699,47.64094287941566],[12.761901846152197,47.65305370990894],[12.773191395716633,47.659197488971444],[12.779675309147763,47.66108805919073],[12.784601547157763,47.67148914456934],[12.780128639447254,47.6743084978065],[12.778199894771268,47.67193620055402],[12.77114670559476,47.666091537848736],[12.761172159403513,47.66768036303158],[12.758025801074847,47.66446931534955],[12.752686297197648,47.668078481323725],[12.749260282716419,47.67461280057329],[12.736602129205675,47.67790647480224],[12.72984626153469,47.68071429665303],[12.715935495532591,47.67665966523001],[12.70493168033749,47.68038929821821],[12.694122631595686,47.68182193263647],[12.677876033489506,47.682446403560974],[12.655981760355216,47.677581075488725],[12.65383737719374,47.67233785608003],[12.648670858169975,47.673279441824334],[12.635265754585987,47.67347990609082],[12.630515243810816,47.67841603768895],[12.617404661234486,47.67339554401964],[12.605194820759882,47.67325750488472],[12.59807692962372,47.66745289172128],[12.591841964179174,47.66052342906139],[12.583967383799285,47.6490007118235],[12.580412391106812,47.64036000852811],[12.575533020855481,47.63330589226843],[12.568099389712977,47.63379025442402],[12.554617779904206,47.634310823013024],[12.536245524161796,47.63662605083504],[12.530082209340225,47.63309976343068],[12.513592177352404,47.6256876416093],[12.49897295836259,47.625607380586736],[12.493047831476147,47.63365082088314],[12.483797460359394,47.641620313547406],[12.47012553522537,47.64751047515575],[12.461349633864932,47.65633885922156],[12.456800177969336,47.66526481001281],[12.449707748602089,47.67197277785615],[12.44100974890362,47.67613599390318],[12.441654809484673,47.68370232577318],[12.443076890376476,47.6943716843883],[12.43040865416046,47.69677843645023],[12.416045640500233,47.69562095161033],[12.401396558393232,47.69286509757683],[12.383209384287854,47.68758425476362],[12.362610236860952,47.68504194885662],[12.355108218923977,47.69086457542479],[12.345738705909335,47.691589917903386],[12.336049039407579,47.69176209480759],[12.338165858739472,47.696923963846004],[12.329493264520913,47.69591737584192],[12.314055791578276,47.69366609179018],[12.299747303900967,47.69165917272702],[12.285118588401218,47.690184312505075],[12.270598495401739,47.68460099707638],[12.260282349581246,47.67959260943613],[12.24946775226269,47.684095900632244],[12.242661619235266,47.69252368108792],[12.246172909808667,47.709209473419925],[12.254807767331638,47.71941675185516],[12.262790949687078,47.728655401994246],[12.266099992827305,47.73558838224298],[12.257351619583176,47.74448869233968],[12.250238729041039,47.741875778933554],[12.244874388282106,47.73650873412404],[12.239396689813116,47.732468727520676],[12.231684869186,47.723962694948455],[12.219342442986427,47.71475528641696],[12.202108799268878,47.70867588015771],[12.193891332706654,47.70785722607609],[12.182956219366313,47.701352277110715],[12.169544498704195,47.70149796110961],[12.163661480026034,47.70173440352197],[12.166368002213765,47.69084914476383],[12.168362078237184,47.67924668596324],[12.180929775922076,47.66930372472239],[12.189783247198145,47.6528157834875],[12.197004132140513,47.64384074267779],[12.203456691596763,47.630332214871146],[12.204634756954496,47.621324876180346],[12.208385363150796,47.61549382102786],[12.20592741718046,47.60876648517539],[12.196988251160642,47.60473790563518],[12.187017972232702,47.604802996140016],[12.176964524293645,47.601325634656874],[12.181304049749011,47.608828781593225],[12.17798796707194,47.6150457855518],[12.170791776516493,47.615174166011336],[12.160395863826704,47.612059675680555],[12.144935786816824,47.60687762721964],[12.133006808390164,47.60610357769157],[12.120790858732684,47.61055963580813],[12.104484325184977,47.61252994905789],[12.091148311686815,47.6117159799159],[12.073433922134834,47.613646129410554],[12.061705885734673,47.61701777307616],[12.050145509854087,47.614477723933675],[12.036934409618446,47.617087574857806],[12.026954158132867,47.61216037964699],[12.019164230151153,47.612910555055116],[12.010240453987308,47.62416553367218],[12.002455735142616,47.62324114920982],[11.984053433058278,47.61889617304429],[11.97687060985737,47.61494923456889],[11.966305456463038,47.61777612925852],[11.948010555792811,47.61466044559516],[11.929782805677123,47.613221027365725],[11.912231334326176,47.6122731676681],[11.909620772709767,47.61130075612803],[11.902583857362341,47.60867909631867],[11.894009175008772,47.60862598606598],[11.884705602008138,47.606513710371146],[11.869794104943427,47.60350183328818],[11.857196911554762,47.602204505604796],[11.851772905785952,47.598721890527564],[11.848041259907886,47.59052313628085],[11.847710012038867,47.58432283711005],[11.840037137943165,47.58315897600796],[11.825896440623263,47.58419682163854],[11.81099471303551,47.58616423446096],[11.79541825521878,47.58763459146266],[11.787012817419699,47.58919812151284],[11.777615867535559,47.59094523632368],[11.762857494864944,47.59052918284846],[11.746109208252559,47.58814972591023],[11.734865654301284,47.58782983072043],[11.719316854168587,47.58881437266489],[11.706638186977996,47.58892684691693],[11.69261411255158,47.58804657789828],[11.679413684327065,47.5852834538531],[11.665360984997745,47.584875258748156],[11.651829088308746,47.587338080174895],[11.635333893904164,47.594031785945276],[11.631668780472747,47.58629160074828],[11.632889279631042,47.580190060743625],[11.625115597876071,47.58370713345632],[11.619443907216382,47.58383530017394],[11.616728124370823,47.581010595403754],[11.612920835519736,47.57977408118235],[11.607505330168895,47.580833998946865],[11.602034989776554,47.57792637333006],[11.60016963575845,47.56704195536591],[11.591948994652068,47.56183514395453],[11.587276622478074,47.55518899843765],[11.58976934238523,47.55060149180408],[11.585300307873606,47.546574906697906],[11.586204658464348,47.54222472659698],[11.587868364518375,47.53127318826232],[11.586670216692518,47.52518606189773],[11.577582661617706,47.52048543030207],[11.57214991775184,47.51476873026947],[11.551274182204276,47.513637904199335],[11.537321755321697,47.50997037554654],[11.528242829032003,47.509505556137086],[11.518091897751844,47.51061155897523],[11.513030553766695,47.5067724145253],[11.505635553622648,47.505354381113975],[11.502416589158164,47.50746818323705],[11.489703792388172,47.50773698315092],[11.482917759205629,47.50903744860819],[11.467440225875004,47.508864615363734],[11.455756230649998,47.50935497922248],[11.449380370920347,47.50735016788743],[11.449095090896444,47.50827043806134],[11.448446952800515,47.510330573883024],[11.445661183789005,47.51188273860278],[11.441743479271238,47.51809411559249],[11.437144896489142,47.51601575731029],[11.432903584333756,47.513747901736615],[11.425214587491466,47.50833170818661],[11.422078423727081,47.50671257061289],[11.420281602412768,47.50377586445001],[11.41663762034181,47.50232897375372],[11.413306428129927,47.49912771022449],[11.410019434717444,47.494896949935125],[11.403959150071714,47.48965283507269],[11.39414083114663,47.482776847915254],[11.391027700279734,47.48262100393707],[11.386327192293601,47.47799605442926],[11.38372457672359,47.47240766534058],[11.385169385153068,47.470096370007525],[11.390688360028967,47.465933632255485],[11.402719720243718,47.467029062146814],[11.407749390604971,47.46613820225242],[11.407817157735806,47.46411884845747],[11.40991991749129,47.461826872262286],[11.412099048129004,47.45809814359086],[11.411406233979152,47.45644820526631],[11.414239094651421,47.45292027434691],[11.418742713164708,47.445855795003204],[11.417029686925323,47.446750512792676],[11.411682510034005,47.44710519996002],[11.406666627076024,47.446601034099565],[11.401247880629745,47.44791223456172],[11.38888198886847,47.44711655744469],[11.385242970408473,47.44872851838074],[11.375742849332516,47.44962307551117],[11.370616204600674,47.44595133988295],[11.366536929507175,47.445760917095484],[11.359454843675438,47.448623734033475],[11.350127622138725,47.449088520479044],[11.345715778908936,47.45034475555052],[11.337994611051206,47.44978936037894],[11.332691788644139,47.44656106447701],[11.328638871325122,47.43759536869002],[11.321755502220098,47.43869091580445],[11.314688681090875,47.43142570847293],[11.301490091135536,47.430788188687906],[11.291120027755406,47.42706858310289],[11.291806669691539,47.41612073206288],[11.283823607224127,47.40204536225094],[11.268398927200176,47.398032138269315],[11.253386046404925,47.39897380144791],[11.236813811904188,47.39720307633784],[11.223938701074115,47.40138230847758],[11.229960010676978,47.41456002568179],[11.243108163102516,47.42655930083373],[11.252344740187086,47.42886590647051],[11.247839121230546,47.4330048550818],[11.230264442431533,47.43338029540824],[11.209222536165655,47.43316204584503],[11.201690948755315,47.43053112668858],[11.193562842804429,47.42645104986234],[11.186252477535808,47.426246672157355],[11.177679211513677,47.425695203106436],[11.158979474833199,47.42219463315466],[11.14083975200099,47.417019554930754],[11.128695009408716,47.412180512165904],[11.124013769992038,47.40633208864919],[11.113282500362674,47.39560152249038],[11.094398728634678,47.39583602609532],[11.064829005958693,47.39643263463191],[11.047652600514041,47.3943564117101],[11.040060926085147,47.39649752359805],[11.031672702067702,47.39529526072639],[11.020872889795479,47.39756274106797],[11.006223979422249,47.39511409768016],[10.98762696469366,47.39726208781616],[10.974768794787158,47.39861054957328],[10.971866707373815,47.4033818538347],[10.971782183417073,47.40350624706587],[10.969341175824722,47.40709847000217],[10.971369721768509,47.41401964954825],[10.977938512764457,47.41855516541252],[10.985383276327784,47.42215027465904],[10.983425799563323,47.43081551922656],[10.96848712223498,47.44277175650043],[10.953257639784965,47.45419526930214],[10.934726572403015,47.46629490856984],[10.928643826983356,47.47226424409955],[10.938744586376025,47.48098866842375],[10.935021405186317,47.483714015082015],[10.919460321042195,47.48506539301923],[10.904710149320284,47.48501491591749],[10.881321327850452,47.48060592993711],[10.869851576572163,47.48352707497892],[10.870396243414634,47.494500876088324],[10.874780512707197,47.50132650086611],[10.893859794822497,47.508134252392836],[10.908764437303018,47.51216568145408],[10.916535548252524,47.512859964953286],[10.920421282650848,47.51796081444804],[10.905489604686283,47.518718705765586],[10.898683537973104,47.52464230188743],[10.891040604299148,47.532465116759376],[10.887976325024113,47.537278814369486],[10.87145820231536,47.53622607965316],[10.854537714338784,47.534639898245544],[10.847745874926826,47.529744731312064],[10.837482891225696,47.52662572786348],[10.831025805783856,47.52943524954027],[10.822624488503978,47.52776916777706],[10.812449890668741,47.52631644862824],[10.810588030798217,47.520234018609365],[10.795615094112621,47.520298861639],[10.783411768754133,47.51635233289845],[10.775857081780781,47.51522794918553],[10.764327041574383,47.52011316330362],[10.762976165011887,47.52815970858998],[10.757647419211983,47.53320161370312],[10.755635986964704,47.53613535622255],[10.743027285171971,47.53817214767211],[10.726784271483059,47.538995754971275],[10.718980725294974,47.53847569448736],[10.7125449820755,47.54386905791505],[10.700476561896911,47.543790360074645],[10.692184257520362,47.550365521343366],[10.691636388589966,47.55879579363855],[10.677038921400369,47.55710402220397],[10.675093099121055,47.55932773340272],[10.652271691163332,47.55961816010796],[10.63895966858679,47.55927270760651],[10.627284255131197,47.56049583451033],[10.624417530747753,47.564909204399164],[10.61771571577416,47.567018155988045],[10.610126479479632,47.565662934725495],[10.597192851306897,47.57002870028737],[10.591657591656015,47.562966280699406],[10.578636397695673,47.555042501552336],[10.574235521786518,47.54979044976547],[10.5783830937542,47.54516095590677],[10.57489439848013,47.537226622501485],[10.572153124489926,47.533847292092524],[10.559915544641747,47.53718336586859],[10.545855386126798,47.53711334866178],[10.530555119720564,47.53508810219559],[10.51134575598221,47.53767025783437],[10.48733053104313,47.54173364020061],[10.473441622521644,47.55067167516711],[10.457220805321196,47.554252565831774],[10.458645796310146,47.55854260530082],[10.464518261432605,47.56489401593026],[10.467337975311887,47.56819810064062],[10.475577634282656,47.56912465879764],[10.474206738037934,47.57987891628196],[10.483322199435369,47.583246231482356],[10.466940819083984,47.58722427060697],[10.459429162713505,47.58454589661976],[10.447462610517736,47.58454770243327],[10.434258315900681,47.582594007701644],[10.42930785630213,47.57477690841372],[10.433227329173212,47.5701706412921],[10.443993754335306,47.56774146297486],[10.448199264356502,47.55981235981827],[10.454884894671798,47.55391340911807],[10.447987435208386,47.54219038224448],[10.44471545745491,47.534428549187744],[10.44390374208954,47.5325026466553],[10.439155870673995,47.52317454854762],[10.442272404488564,47.51548173130146],[10.434967995157853,47.50870972290723],[10.43033630149719,47.50412407713845],[10.433508134023466,47.499564433912695],[10.43692717217465,47.49255646927811],[10.442562859925207,47.484338680154565],[10.455497212563737,47.48415961271809],[10.464810563161272,47.48201679219211],[10.468319003696271,47.47589807091255],[10.470119901413476,47.46840246766407],[10.466781882227254,47.46148173694004],[10.467302686479496,47.4526940839925],[10.472729747062914,47.43951084590922],[10.475276436874081,47.433851064638944],[10.46533980956501,47.430289893668295],[10.457807260181724,47.4273005626063],[10.453980875655898,47.418883073141835],[10.446492994396488,47.41620420383521],[10.436537254351359,47.40961626713519],[10.434192122380106,47.4042836827226],[10.430777934383745,47.39509812589687],[10.423870438046555,47.38577291338988],[10.418669555213242,47.38254153811642],[10.40275059387385,47.376360273571954],[10.392667470274043,47.3773602682917],[10.382466965195041,47.37128224217163],[10.381721157874006,47.365085645145285],[10.38546127595328,47.36029699647012],[10.38008296898983,47.35385632343015],[10.374770274368457,47.35023302514249],[10.364350694261065,47.34044544175985],[10.357245934382735,47.336634144023556],[10.345203034882216,47.31533837738741],[10.327268900936115,47.304470555897694],[10.31695512759596,47.30686384406628],[10.29991375869787,47.29832014258003],[10.294593514166975,47.2993083997452],[10.288644222168754,47.29152764637696],[10.277484570895691,47.291067284807625],[10.265439621389886,47.28485367187596],[10.254366818802772,47.28344204675268],[10.243418814606594,47.27841365010335],[10.238671278291928,47.271982954923004],[10.23276955622126,47.272157703944394],[10.218374033447535,47.27620185955256],[10.2025417567612,47.27608365023823],[10.19641634637477,47.27505706601598],[10.195115038454631,47.27483890726031],[10.179146103084943,47.27050788803442],[10.174050346302568,47.272675052645546],[10.174028577165307,47.27754547542871],[10.174014138697137,47.28077112240949],[10.176637994438547,47.29040815994772],[10.18101942065951,47.29369573031442],[10.193424525299015,47.29441922957735],[10.2098582362271,47.30495574462315],[10.216063314177543,47.31378874201776],[10.211233389730806,47.32073160287678],[10.203782418006604,47.325659283021814],[10.20601544809547,47.33194484574646],[10.206809871548035,47.33864648135456],[10.214414327488427,47.34753808075836],[10.22358979879699,47.359548427791005],[10.23007502073115,47.36307617763073],[10.237064924806036,47.37435723417072],[10.231755822401183,47.37916725564228],[10.23646268515489,47.38240202933751],[10.232820992116842,47.385424797412504],[10.225295937333094,47.388494172804734],[10.21685291378786,47.38094787537773],[10.201970829541233,47.38380069828616],[10.192106870441284,47.39086498365201],[10.182823129697658,47.391561364225424],[10.174810895299295,47.386618473612785],[10.167726035759967,47.38416696775377],[10.169161556966186,47.376131379528104],[10.168891002958322,47.37117974701197],[10.159633098185335,47.36798610021396],[10.13824273874881,47.36870420962426],[10.1246741915236,47.37395545398147],[10.118659765474368,47.3763724384195],[10.112654026729322,47.36855074085926],[10.10009623571048,47.35585908062142],[10.089170533893265,47.38041927475713],[10.085873565919991,47.3940006533962],[10.087147003369529,47.39946540164217],[10.080578592253657,47.40397357752543],[10.070739235166354,47.40750007822353],[10.071638950540853,47.4134278213709],[10.078493192872456,47.41477217292019],[10.092956441771856,47.41547674326971],[10.094944268299665,47.41557357856473],[10.095745989683104,47.42152149692521],[10.104523392510274,47.428719208879],[10.098098002540066,47.43931155461587],[10.093896249659975,47.446751678076815],[10.094456400225244,47.45582430506355],[10.089163034004844,47.45988381864447],[10.081425029664393,47.46002824398304],[10.073775678668264,47.4592234625141],[10.066160035023016,47.46556331048161],[10.054866651892144,47.47364902110793],[10.051832335283873,47.48351923895468],[10.045520722760676,47.4908665257556],[10.03698904689045,47.49192614891645],[10.030259636389115,47.48877706628164],[10.019942809494507,47.486424250955174],[10.00594870286604,47.48581531198645],[9.996492259439666,47.489212850966524],[9.98845667574692,47.49981550968894],[9.99895853062458,47.50451507676965],[9.990987148955448,47.507024101311224],[9.989562898618923,47.51034138109554],[9.981591516949798,47.51285012714008],[9.970929789222785,47.52143156791011],[9.965620308042418,47.525484735721626],[9.965634869808866,47.53094053841808],[9.97010254144283,47.545145055429764],[9.960996839575456,47.54278045351031],[9.952040434527014,47.53646154114427],[9.942617095838951,47.539379896042064],[9.931731954897465,47.53556530082616],[9.918747827215322,47.53165661226474],[9.92086600007647,47.52836760327683],[9.90949821861704,47.54056970517874],[9.901197795114161,47.5445588666508],[9.880499051910759,47.54847999720473],[9.875269006231457,47.543423896767855],[9.877932785717501,47.538125387151794],[9.874101517351933,47.52979151393077],[9.869015323030744,47.53146885528698],[9.85958859285824,47.53438006220191],[9.856549905656806,47.53932984433856],[9.848907838899313,47.54194962243287],[9.842528479762823,47.54199206449516],[9.829502867216055,47.545690456027494],[9.816171953689757,47.54825094219447],[9.826640880170867,47.55972402052073],[9.825698430091354,47.56695178872335],[9.823225942693458,47.571661495004626],[9.827725374870665,47.579585008908566],[9.825228981722809,47.585980282512715],[9.814855274694017,47.59122615838042],[9.808268751024475,47.59309317125688],[9.801504436960121,47.59500994279044],[9.779247207311842,47.59532394128993],[9.767805680386422,47.590039498554106],[9.76010694285891,47.58254391265558],[9.756872585531747,47.57858798548102],[9.755287766311366,47.57295903755136],[9.748314026054729,47.57058029159465],[9.751117063398194,47.568024844357055],[9.74739378192507,47.56510021945278],[9.74430887909113,47.559011312810256],[9.747451218008091,47.555823891933166],[9.740960424652885,47.5545926677525],[9.736472040743951,47.54843590088863],[9.736436946909532,47.54437115206317],[9.736425973204408,47.54310005626927],[9.73641704904983,47.54206633934453],[9.73641424896117,47.54174199080218],[9.736409902274367,47.541238487934564],[9.736557529070524,47.53483202281467],[9.73573527184332,47.53270930199118],[9.732374872058347,47.5355601886325],[9.729702777564194,47.54115292847808],[9.723671901923954,47.54516173886138],[9.715173530221197,47.54572199289704],[9.701677583192629,47.54700283945084],[9.68929341790454,47.55119166306609],[9.677244388531092,47.552060483545866],[9.663239049636235,47.55140778129386],[9.652855246088453,47.556638652342464],[9.645922825955697,47.562506550023855],[9.633579502678236,47.56621495810263],[9.6236278229196,47.56717653215872],[9.616136480356401,47.57158738934806],[9.60409887650309,47.579117656496166],[9.59712952154604,47.579315997874964],[9.5873219372213,47.57885223796618],[9.57771093968194,47.57649162794779],[9.563958983759452,47.58012575021845],[9.551261004098249,47.58714277800401],[9.53911195016212,47.59561362851379],[9.534915402368274,47.60208184023877],[9.528473079020461,47.6165401704452],[9.523776822676027,47.62774743327567],[9.515621841903844,47.638312388197726],[9.503152377691412,47.64295348564167],[9.488325539711443,47.64319262398585],[9.471294630544634,47.64427598633344],[9.457316949328264,47.64979186895624],[9.442135417513512,47.653342201062664],[9.43150789733422,47.66044673028852],[9.418527508357547,47.66314841227883],[9.400188291686433,47.663204654209835],[9.389170050776384,47.66086742813215],[9.377450678636142,47.65838649589858],[9.364227617168956,47.65678294838215],[9.349996551561581,47.65798614872338],[9.342572714293604,47.6614299231919],[9.332136564312332,47.66662936690032],[9.319955048102184,47.66840674486694],[9.300632000445514,47.67744876698142],[9.27854796187148,47.685873116387036],[9.264436235225856,47.69231156885063],[9.218275521180999,47.66586856842776],[9.21368031823941,47.66553276840883],[9.206473613664775,47.662586828911564],[9.20268530777477,47.65538772180755],[9.18708766625895,47.657477732192284],[9.177870431193766,47.6548432525377],[9.177318855801644,47.65493229889222],[9.177268712584162,47.654735782597236],[9.177150192251986,47.65453619497817],[9.175987781301627,47.65398655743791],[9.175910287238251,47.6540080517521],[9.175481790652649,47.65577362591916],[9.174027637346123,47.65547885594874],[9.173389450942,47.65536524624508],[9.173239021289612,47.65537445785186],[9.172915369613222,47.655328399801604],[9.172888018767347,47.65538981052629],[9.172395703541309,47.655481926477854],[9.17196720695567,47.65542358639406],[9.17063613245566,47.654858605368275],[9.170335273150867,47.65501520398234],[9.169615034209066,47.65609602866894],[9.163451976935026,47.660541913099934],[9.161045102496637,47.662040164550014],[9.160024004250072,47.66289979760814],[9.15998753645554,47.66316996507434],[9.160096939839114,47.66351381255449],[9.159185244976069,47.66437342134616],[9.157835936578811,47.66584700348471],[9.15072471664722,47.66756613006946],[9.149083665893748,47.66754157151689],[9.140404330797773,47.66452078143199],[9.13810685974294,47.664520781431996],[9.133256643071663,47.66589612217283],[9.127093585797612,47.66721002992646],[9.126017785859228,47.66732054402392],[9.11664556266736,47.669236084534376],[9.103243648180884,47.67651695275705],[9.102259017728809,47.67690982063695],[9.101547895735655,47.67705714532929],[9.10043562800277,47.67743773219247],[9.096260065530126,47.67811296011793],[9.093069133509522,47.67843215573175],[9.091045170913619,47.67877590267047],[9.083423401858722,47.678996881649454],[9.079284307180608,47.67907054110111],[9.07700507002302,47.67924241275059],[9.069018623022929,47.679770300705265],[9.066629982481816,47.68008948617969],[9.063530219947527,47.680298183318705],[9.058771172762532,47.68089971746014],[9.048596658091183,47.68240966036057],[9.043928780392509,47.683232131196235],[9.038349207830782,47.68428782102555],[9.035632357138965,47.6848524835596],[9.026205432255301,47.68641141143114],[9.023907961200466,47.6865341596785],[9.020170012262096,47.68636231205128],[9.01654146670725,47.68576084089743],[9.010834256864715,47.68412824137552],[9.003868908111215,47.681574900581694],[8.997231769508376,47.679426560318134],[8.984741549884951,47.67543655083478],[8.982717587289027,47.67470603913163],[8.980602455206798,47.67357648829917],[8.975715770741001,47.67023680370176],[8.971558442165602,47.66841953259302],[8.965650659453214,47.665423352880524],[8.960034619096966,47.66414624039883],[8.953032802548936,47.66237787922532],[8.948219053672172,47.66056033448535],[8.946541535124192,47.65977434959421],[8.943624111562515,47.65751457711901],[8.942238335370732,47.65638465420377],[8.94092549476797,47.65608988768277],[8.938664491507668,47.65564773478119],[8.936038810302167,47.65554947807239],[8.932975515562404,47.65574599130511],[8.928891122576054,47.65515644938827],[8.927359475206154,47.65481254686296],[8.925171407534897,47.65402647544289],[8.921816370438984,47.65319126159351],[8.91882601128826,47.65260169083344],[8.915470974192324,47.65225777148284],[8.912188872685439,47.65156992598684],[8.904968249370278,47.64930979842563],[8.898841659890746,47.64778661381403],[8.896726527808532,47.64798315626],[8.892423328055074,47.64921152979118],[8.891183423041351,47.65004680729043],[8.887536643589243,47.652306902957285],[8.882139410000129,47.65427212403279],[8.879003179671326,47.65441951263209],[8.877763274657633,47.65495993393689],[8.876304562876783,47.65500906286904],[8.875283464630186,47.65456690081531],[8.87498260515009,47.65598249177211],[8.875871817014875,47.66065938266003],[8.87343135762825,47.67027576471138],[8.861227774656484,47.680171605890955],[8.851607082649103,47.68114392813046],[8.850292333813485,47.681838469473654],[8.850664953530455,47.6945449010787],[8.85110732848192,47.69769253573764],[8.857803335286237,47.698863382901955],[8.86320960313322,47.69839043674852],[8.86607649592174,47.69658227029539],[8.865021477959113,47.694789230867244],[8.873410027343976,47.6940649547622],[8.87610379074135,47.69686480757692],[8.872986613114287,47.703975544712996],[8.870839698967057,47.70476886239098],[8.845559562692795,47.7111772371692],[8.818528595047093,47.71772743897203],[8.812824840089021,47.72382297959659],[8.808302716633357,47.73119294725422],[8.791754365895667,47.728812795285506],[8.772107592972004,47.71831832872013],[8.769304842745123,47.706843496461225],[8.793373965245873,47.70436807380719],[8.797521084472764,47.702835006188856],[8.806168504528644,47.696509536698954],[8.809973655624894,47.69330895608207],[8.805571532354682,47.691593183632286],[8.799891018269937,47.69184066001125],[8.796623811923673,47.68790029865497],[8.793384778862631,47.67988192367586],[8.79595270406202,47.67543775947898],[8.791831683795744,47.67492969259241],[8.783651591804233,47.67716124554904],[8.773383943594444,47.68144167701796],[8.766301795682036,47.68633225815482],[8.755209752046513,47.69004365425975],[8.727922062093047,47.69293323087732],[8.726869403912998,47.698184625037364],[8.731943942476615,47.71128014250447],[8.718032221148269,47.72176320421283],[8.711148917209709,47.73013669522056],[8.714438865114245,47.73860892655114],[8.726528634864643,47.74509015182865],[8.739541149831107,47.746520538419645],[8.741398402042993,47.74818718519435],[8.740141587822041,47.75290969212076],[8.730781404685231,47.759624005158514],[8.726138422096437,47.762603274810346],[8.714010896050745,47.76540295576047],[8.70678468735545,47.76372482035223],[8.702825466737407,47.7609436672257],[8.694983000524642,47.75585164138199],[8.688879817421878,47.75856353625399],[8.683298271561313,47.77059869678243],[8.67610907138806,47.78569767630631],[8.656932379578699,47.800414108572824],[8.649343212017397,47.79831287700984],[8.646605202508006,47.794723032446505],[8.645559704368404,47.787021014591474],[8.649054212502392,47.78425598815663],[8.653038925662965,47.77336850821077],[8.642442771778521,47.765158837421595],[8.631504716440283,47.75819759444584],[8.627684507162728,47.75931089124439],[8.61929101544696,47.767509422145594],[8.615055683563709,47.78486581595094],[8.615901054271509,47.787006024558444],[8.620459718454253,47.78873039419902],[8.622152942037783,47.79473073221659],[8.613830715722662,47.80107827227225],[8.599876068836355,47.802825253322816],[8.573042317913256,47.80602189782381],[8.563514456181029,47.79236959407259],[8.574926024077225,47.78947364119057],[8.576964612118752,47.78167678579688],[8.566332530134906,47.77803336043193],[8.562681040949501,47.7778739220202],[8.559700769822687,47.78188689947134],[8.55271782985619,47.784533814928594],[8.526272652033851,47.7780411128817],[8.520096539487193,47.77061054862266],[8.510094406252199,47.77616801309696],[8.508753354604064,47.77430640906745],[8.496024006659379,47.7706716220195],[8.488795241880831,47.77326882001315],[8.472708712036733,47.76373976372092],[8.45697362031773,47.749629876111655],[8.450796741553777,47.740276116451234],[8.449795871926046,47.73806299306784],[8.44526993689768,47.72298407422867],[8.416906354358465,47.70991830094714],[8.404533393469187,47.69807745952571],[8.406306867176845,47.69555591945557],[8.411950137736348,47.6944533776704],[8.421090909570747,47.683688612226874],[8.416127900267517,47.67969047823136],[8.408659812989265,47.678680170371884],[8.405664458968896,47.67476594747982],[8.412382483209523,47.66623306218496],[8.445211391904618,47.65390729065684],[8.463777842596086,47.64854737779968],[8.477689920027153,47.6447020951153],[8.493408853833081,47.64650674185448],[8.513164480955636,47.64746844084034],[8.523041270148829,47.644836177021205],[8.531857114172423,47.64606835705006],[8.533640180437855,47.65003124923058],[8.52920865569565,47.65477302497186],[8.527007120854204,47.66028907784647],[8.533444544638341,47.66316956561983],[8.554321891602434,47.669409866313025],[8.563597877466153,47.669971313581954],[8.564645400399666,47.665290061585445],[8.577610460471613,47.66154391884859],[8.591299308963656,47.667609602264456],[8.597918809901117,47.67276315301159],[8.606588955757385,47.67213763939488],[8.606291122002096,47.66883045531142],[8.608608320464763,47.66360782371376],[8.611976616231356,47.66202772122867],[8.614526684614935,47.661670304030004],[8.627470043048085,47.65386572820883],[8.628828889141404,47.652152761735756],[8.627862724100236,47.648063139919614],[8.623347086690934,47.64094858938561],[8.620320597809002,47.63906790417352],[8.606675954681837,47.637035233660534],[8.602770904094081,47.640216834260706],[8.60515513521691,47.64167396422722],[8.611293413859569,47.64210043928477],[8.613964841499051,47.64431711722209],[8.613960713960054,47.64644943937781],[8.611477122641535,47.65063857114678],[8.605746235997458,47.65237758891274],[8.59528009063231,47.642230740586236],[8.597177063390935,47.62956965931771],[8.605078259455402,47.61545864816481],[8.603319107569302,47.61119026097973],[8.595590708538314,47.60557969330992],[8.592899091602579,47.60610585445357],[8.587834398754673,47.60172975962007],[8.582433936305303,47.59615636659034],[8.566600103228197,47.597125383969825],[8.563081446686923,47.59952936464828],[8.571102986098166,47.612494869394034],[8.569311021907327,47.61723315356776],[8.557469008867075,47.62461075343364],[8.538175237704289,47.63114868457314],[8.525615536099384,47.63176674408151],[8.516485847042448,47.63214821745555],[8.512823617707118,47.62562103872005],[8.508211341974157,47.617537890976614],[8.493564653270383,47.61449792569466],[8.478053716249866,47.610884944438965],[8.456627534070224,47.60233986823116],[8.457044142136395,47.59729762130312],[8.460557957698136,47.58840131294182],[8.466998858395574,47.58425478450129],[8.479510517015731,47.585448637537446],[8.486964163906238,47.587531590920136],[8.48864772497367,47.58780964150612],[8.494137896684498,47.58114231830898],[8.486937164937052,47.57770498878245],[8.464178890413573,47.572241960888675],[8.438504865576625,47.56723747299574],[8.431411907663989,47.56651289761582],[8.426540997926608,47.56759326487905],[8.416264947916249,47.57073581348175],[8.399756445817802,47.577010743263436],[8.397858800108875,47.57727728632955],[8.392079537217278,47.57487077338408],[8.387872500211168,47.57110176751684],[8.361752379067005,47.5696292433062],[8.337149449527557,47.57038086634321],[8.32982336189853,47.57084970778949],[8.324043256062737,47.57276141935296],[8.3028020249844,47.58584559566778],[8.297638921012624,47.589396684896414],[8.295421375721146,47.59601911079846],[8.297294935928191,47.606151261322715],[8.288735880789028,47.60999643742791],[8.258749208172839,47.61537137693966],[8.25403918423453,47.6149820639526],[8.23801745464692,47.61268146606605],[8.221179243898801,47.61547391106136],[8.21694397362109,47.61909035785242],[8.2052063274077,47.621012840288444],[8.198495869693925,47.619407189159155],[8.191143735239121,47.61290322065615],[8.184445289269357,47.60483868504752],[8.168397512855483,47.59583234300575],[8.16526593853177,47.59440604417476],[8.160267916223901,47.59403572089319],[8.149881608460863,47.595473551216095],[8.110126420829362,47.58274056407793],[8.103574163699879,47.57714445397481],[8.10152974741816,47.56631844103646],[8.09728070368318,47.56113369578716],[8.092715976338894,47.55873047177645],[8.085015110343148,47.55741452877682],[8.078448008224026,47.55937517339482],[8.074455234875074,47.56200384245249],[8.06780506798441,47.56466640322489],[8.059645689810049,47.563735783945226],[8.045876929201963,47.55527431532406],[8.036922320259821,47.55298180771043],[8.020126635643546,47.550487212092726],[8.014651132510613,47.551059389323875],[8.007801680800448,47.554847275206825],[7.999221239765821,47.5565179602618],[7.978368534121306,47.55523263682349],[7.964807707549185,47.557219737594664],[7.959769513287067,47.55842124004795],[7.956120851577246,47.55746800246965],[7.952315636855016,47.554568848551746],[7.9484033829062515,47.54524204109317],[7.944236173843055,47.54386449237472],[7.919192935639624,47.547228928674414],[7.91160922616221,47.55104010401805],[7.908892428694204,47.55499180699966],[7.907328346909319,47.56110738834527],[7.911636484811052,47.568015130046135],[7.906677756095309,47.57699889964924],[7.89795469921705,47.58391857972693],[7.895120567646476,47.585755545294916],[7.8873920545396,47.58859986624744],[7.869683125793288,47.5887790213269],[7.8610026640000354,47.587634348451765],[7.850419715872147,47.5829961314144],[7.841583691119767,47.58210702141419],[7.837617528488994,47.582935197684144],[7.832864232892325,47.58671148322964],[7.82314881494966,47.588069558461754],[7.818848804847297,47.58702763388018],[7.814166232045033,47.57939106528719],[7.812819712560501,47.57252427370907],[7.810269615745606,47.56848107692286],[7.795940086990457,47.55752100731107],[7.782832270960894,47.553206721562],[7.752684871931538,47.545005621848965],[7.724100756811365,47.54225517668447],[7.7136608807712355,47.53935656552595],[7.696032051041151,47.532290582838506],[7.686240934516889,47.53209243581828],[7.675117841694367,47.53369824142099],[7.666398228300791,47.53699846391802],[7.65209145601641,47.546874196538525],[7.645628625553909,47.55222289720024],[7.640340207809814,47.5579792818775],[7.636014494473047,47.56050044460523],[7.633808368116789,47.56093451425322],[7.6413200457247346,47.56128238334182],[7.683330755780391,47.5684962080488],[7.68366848399684,47.57394343097077],[7.680778090019064,47.582698522636974],[7.667429250117236,47.59198340112502],[7.645692681575941,47.596961653236676],[7.641817827285823,47.59417695012036],[7.636400848677784,47.58843880831774],[7.624435761093213,47.579524725416164],[7.619269510202996,47.57689653690112],[7.604790876217214,47.57788461414715],[7.6048395423420585,47.58491505450153],[7.5982834215017805,47.58697488299232],[7.589049386169174,47.589876378524714],[7.585219398808465,47.58319456183185],[7.568852663957818,47.57778469692103],[7.561992094208694,47.57622441403125],[7.556075358363262,47.572730923479476],[7.554687842204897,47.56495629233525],[7.535792141970358,47.5559765280105],[7.507742521904565,47.54478392645763],[7.504101208300758,47.543277121078376],[7.498817319903444,47.53989745131472],[7.49733588647233,47.53625810107774],[7.497335886282414,47.536258100611185],[7.499859028164493,47.52997587674546],[7.502280759630603,47.52775950207099],[7.510818842046146,47.528540798150225],[7.51630654974088,47.53253505243169],[7.519049635240884,47.534457763373986],[7.526425065598888,47.53266853246291],[7.529689648565154,47.53038333122757],[7.530421813952136,47.526953919096805],[7.5231363858996465,47.51903865547553],[7.508685382750579,47.508765912401],[7.508685382874369,47.508765911549474],[7.509536721917964,47.50290986963816],[7.5102618732136355,47.49727243979157],[7.510261873102136,47.497272439719],[7.510261873213634,47.49727243885206],[7.490963340650899,47.48471795160864],[7.486958424285864,47.482433068510105],[7.476003462443382,47.4802241878543],[7.470949469311739,47.48094091955744],[7.45905262835434,47.488509326340676],[7.4466256992605535,47.494079400539185],[7.4347698454025535,47.49851521131016],[7.4222966523175105,47.48444358412205],[7.4208164530656076,47.4799835402225],[7.4208164527229465,47.47998353918998],[7.429353215272745,47.482299510293004],[7.434619112960468,47.48101786630723],[7.443148484715236,47.47780175657664],[7.450308321759355,47.47473487300545],[7.455364069436199,47.47251892784701],[7.4553640701077555,47.47251892755266],[7.444516471175575,47.46209588876715],[7.429828655037095,47.459941427337846],[7.4270422110191445,47.45724440832489],[7.4209401747119115,47.44653899796348],[7.382182650064034,47.43369629374028],[7.380646047317706,47.43181146777409],[7.365497970823766,47.433448096035335],[7.351186888912957,47.434508631576456],[7.345818152911023,47.4356459341174],[7.338444492244375,47.44063517438675],[7.329251230560385,47.441306260208584],[7.326602450751978,47.43965633758581],[7.311301933799543,47.43775519798364],[7.283217701496653,47.43500882065572],[7.270510970526303,47.42692107483296],[7.254529132605189,47.42396899761493],[7.246150271219792,47.42735261019474],[7.236168730217363,47.437007129986945],[7.231795117915763,47.4395365974164],[7.226214216262275,47.44031145061056],[7.206076079505051,47.43574513329123],[7.196456784306713,47.43561149104778],[7.174846687113686,47.44348827544097],[7.174846687220253,47.443488276341775],[7.174846687113686,47.44348827638062],[7.177677138067382,47.46741027450042],[7.19189699764057,47.48850167212494],[7.203446597110387,47.49123724654125],[7.201488652970565,47.49561241116103],[7.1739832554973555,47.4901038862176],[7.159970543549438,47.4908556369233],[7.151403998817135,47.49747393903509],[7.139897799416659,47.501872946687264],[7.130683920941226,47.503156523473855],[7.134324713850372,47.50503901718031],[7.137446798954665,47.50941410216256],[7.139476856479027,47.51937827528351],[7.139815504327749,47.526076656163276],[7.135546087454096,47.53702102939949],[7.131582387991676,47.540294067072345],[7.108093600192585,47.552123761312444],[7.108565682238667,47.56332321886002],[7.105500169383931,47.56921368240352],[7.085397443696493,47.59306282337832],[7.081072384538941,47.596121830718765],[7.074655182695287,47.59886529884919],[7.070467090697828,47.60042901965787],[7.066147459629108,47.60128390299799],[7.041168649755143,47.60053990446843],[7.038997117867942,47.60008930721734],[7.03393867501662,47.59411986372529],[7.024649007373501,47.5892255331959],[7.019582372388345,47.58839392056485],[7.015752660077455,47.591792661048366],[7.0060877414017675,47.612902888234025],[7.004990995149209,47.61939220192006],[7.006720204802254,47.62918843281425],[7.017225089843893,47.64930633603144],[7.019813092044914,47.65069175185722],[7.034904576216073,47.64945138111083],[7.039255594281551,47.650401427941766],[7.034201713390265,47.66110180071562],[7.03553882026524,47.663390358366854],[7.041675857366812,47.67242432323112],[7.04289718890347,47.68093422969619],[7.04012077781522,47.685729294838644],[7.03865107896572,47.68795349124563],[7.033161988808499,47.69529280378529],[7.026614339294821,47.70046609417539],[7.02758288136967,47.705383269161025],[7.033818615692696,47.715491735693284],[7.036349960074383,47.71845553626946],[7.037426618712455,47.72156451094682],[7.032162248406507,47.726192016190694],[7.012865862624824,47.74129413266939],[6.998437860905749,47.745838083955434],[6.986693984600473,47.748245052500664],[6.970466154689748,47.75438655852849],[6.943127084640716,47.76646418493627],[6.922369318372588,47.77210212372585],[6.871533481272209,47.78161567316327],[6.864974109960965,47.784618000632804],[6.8624511745156145,47.78638025000989],[6.8544215116473115,47.795657397942996],[6.8480996467451805,47.80382858010849],[6.842580218381139,47.81201532899695],[6.8410348601881115,47.81901147838428],[6.846186047770827,47.822944893073156],[6.851354717995506,47.824737000413066],[6.8676118081257655,47.82946775119399],[6.888319199701658,47.83303011457004],[6.914435870024127,47.84646568712893],[6.9200529405327975,47.85029952939774],[6.915763160053494,47.858710562892405],[6.904505684255405,47.8794666312866],[6.897824633589389,47.88427675103511],[6.896917879255185,47.89084202081246],[6.910018667818902,47.894431884376495],[6.918470344982051,47.89842191389337],[6.926331379469559,47.90640194897404],[6.92874898268747,47.90954931792614],[6.927058469571312,47.91556146090464],[6.925939705590507,47.9173158279316],[6.917354133153229,47.91643846569605],[6.912364064724074,47.91839191754464],[6.92575562898668,47.92984734683023],[6.925120412386772,47.9356377250571],[6.922869736693356,47.940589514422534],[6.9201095313360135,47.94430140884711],[6.928000391165717,47.9671856398007],[6.930917797697581,47.97220535138271],[6.939100519762385,47.975264631637124],[6.942170943148259,47.97816045433848],[6.943774988815097,47.980395897582504],[6.945164913201435,47.98786154125095],[6.943042918267732,47.9920004953559],[6.944544307418223,47.99995724921807],[6.953608665506865,48.0030668003177],[6.961418081945725,48.00028169492431],[6.9815532269785345,48.00943728394567],[7.0013104026873965,48.02180400252374],[7.007649193608368,48.02893777827263],[7.011209327729311,48.0350106223354],[7.009760704933294,48.04290750308398],[7.029810286878024,48.07192203875287],[7.031728700663584,48.07382948939146],[7.037418695081586,48.07810563598409],[7.047611100257917,48.08008115481465],[7.051670235502756,48.08262185463759],[7.05731597398883,48.08861092816636],[7.070419105123538,48.106459830399345],[7.071966585472037,48.10797486978453],[7.076724050777111,48.10850098859108],[7.083946852007599,48.122218452957334],[7.084175427379465,48.12923372723784],[7.069870271435445,48.12949711360848],[7.058027768299447,48.13772145530298],[7.0601984068569505,48.14466077934109],[7.064909675445124,48.145415684031484],[7.070781078095544,48.15306455766619],[7.079650364483179,48.164821514313275],[7.0775775464520425,48.17094019652914],[7.085763831283926,48.184031558843245],[7.091643134431463,48.18424166996114],[7.099832038997887,48.18913626575696],[7.106299451137547,48.194324482739184],[7.117653188785434,48.2080489160082],[7.123209998325661,48.21651812107463],[7.129939149027234,48.22894274478188],[7.13411900436534,48.23778145309808],[7.132665989689174,48.24283934499886],[7.133055985322894,48.2475543609505],[7.141535605906356,48.25796447040978],[7.147754711509918,48.26441098072494],[7.158924866183157,48.27321180394267],[7.16862932611661,48.28509501712319],[7.1718726199778,48.29347211843478],[7.172461165548985,48.29750409795262],[7.1858198023485205,48.30152800151615],[7.19363082241787,48.302043516030814],[7.198317088050625,48.3104896078416],[7.1966998664812944,48.31588331919859],[7.191792972596927,48.32487453669485],[7.180885301870593,48.33517018371721],[7.1641375779987735,48.33727969778403],[7.153486562023994,48.33341136105216],[7.141338584428717,48.33203476248136],[7.116085562635622,48.33436962387902],[7.112853905282272,48.335948064718075],[7.11275271729511,48.33915303868972],[7.1094229805584375,48.34321173213742],[7.0937794519937345,48.348602108421],[7.078545055745675,48.3510887840399],[7.075979148203719,48.352599143224516],[7.096207920305386,48.37129920736673],[7.10083961283551,48.37376311894638],[7.106661667586972,48.3760833100713],[7.1081792852370995,48.3770061234377],[7.109353654221626,48.37875717396884],[7.104478450854501,48.38788960853289],[7.100392700590488,48.39053287535242],[7.0964892780836335,48.39281798329],[7.092962818747824,48.39418380953896],[7.084997100719085,48.39789937430571],[7.088434541494609,48.402705319135286],[7.09582338943354,48.40496816328746],[7.097442482807925,48.40566600022515],[7.097299481717902,48.417022319639706],[7.095705823814099,48.42655179580014],[7.100470118907546,48.43472646938441],[7.106374095434583,48.44128775195042],[7.104994048750744,48.44454109813156],[7.101925954318024,48.45143037570543],[7.110296780522712,48.46243268347991],[7.118719286843018,48.474105325535085],[7.118830938941718,48.48373768714966],[7.10587610889458,48.487125254135606],[7.097713162197356,48.48764370802343],[7.093677074634084,48.48930327415974],[7.090933394446431,48.49829459580302],[7.0906377814578745,48.503672763441],[7.0942705268147135,48.50621746735565],[7.096525523299196,48.50211310344795],[7.0988008899758945,48.50120854549677],[7.103889988671074,48.49977793822138],[7.135818866618928,48.497577272620696],[7.135477352066352,48.49903035572745],[7.12774273826622,48.50953981189766],[7.123181777153042,48.51358585872184],[7.1147197955221655,48.51445346537214],[7.096750178321474,48.51526189702788],[7.08668114265864,48.51559379121638],[7.064507653761443,48.52341795871307],[7.074106498353703,48.53386634766499],[7.079372275355483,48.53642572725241],[7.070132221800085,48.5377268413844],[7.053890147583213,48.55187552393304],[7.045774968254862,48.56010008162476],[7.038239122266251,48.572212196216924],[7.0337440336390396,48.577895766052436],[7.018150992964879,48.58318625280087],[6.993306024583211,48.593440297654396],[6.993052250946837,48.59651124085688],[7.016711588940228,48.60400702109686],[7.016972509154496,48.608275553765836],[7.008751422630906,48.61186140471601],[6.9858280813769715,48.613067380911154],[6.9743756805913435,48.61196115874384],[6.961853964901234,48.60874140265884],[6.949598159134796,48.61139604356366],[6.939752848166617,48.61508533147763],[6.945055305372269,48.61883125770284],[6.934643377253619,48.63272385008474],[6.9300170575384685,48.63557046232015],[6.919723884835197,48.6337804497235],[6.917762386538443,48.62939777136317],[6.919132563389087,48.62736434807011],[6.918227126876287,48.62478979197425],[6.911718035778954,48.62058231772509],[6.905405821657854,48.61985392703916],[6.860870716274308,48.62028432312397],[6.847749571195112,48.62323745036386],[6.844065285500636,48.62599478080718],[6.84284036581833,48.629741068827585],[6.841632426487262,48.63523432400116],[6.836634165539989,48.64311164525406],[6.83207230819415,48.64457696182133],[6.8269298156070715,48.64622087758309],[6.810514201288409,48.64745250770398],[6.782637724379044,48.64274182747017],[6.76396785554814,48.65211821083128],[6.755771366166429,48.66392060035443],[6.740412521736727,48.66875063733991],[6.72150313748536,48.669353328684224],[6.6855504132350445,48.68136165182555],[6.676430787080185,48.68905181578553],[6.670515561293113,48.697696136930844],[6.661587674241546,48.70609584810072],[6.658417918867815,48.708064197428634],[6.649025247554763,48.70648882844106],[6.6459782433685834,48.70583700940827],[6.637499037542865,48.70461950175676],[6.628084574803789,48.71214665880341],[6.623655749052654,48.713702256953745],[6.605433967009617,48.717093961830216],[6.594839229315038,48.72923986653766],[6.589594542499321,48.73249783993607],[6.580108558262732,48.73465657808973],[6.5742532087736905,48.73942927380103],[6.56447725062579,48.749426972336515],[6.559380222538214,48.75501553822596],[6.547628731231846,48.75464186004765],[6.54288407649143,48.75337910269547],[6.538641690385674,48.751415074310046],[6.53475433096788,48.74895052503496],[6.505017756011964,48.75256327162476],[6.5031148963409695,48.75736549657564],[6.496341127649899,48.762019931455335],[6.49039743006959,48.76498404120275],[6.485789721401727,48.76695189085338],[6.465947509726107,48.76672730488362],[6.459806812828049,48.76568949151671],[6.453617137470475,48.76591481507154],[6.451479428696206,48.77211699960582],[6.433119772015781,48.78912320607796],[6.409845716791082,48.7794723773515],[6.400897778721172,48.77596193041398],[6.394880200640426,48.774784051190586],[6.3887465246783846,48.78062799849063],[6.386222596381208,48.781433042757506],[6.3708857088035025,48.78472513823563],[6.366401024109526,48.78308783106245],[6.355464830722734,48.7920679400185],[6.353851280737104,48.79901863675142],[6.354547770396247,48.808543569162076],[6.339343494833433,48.811053441685836],[6.332706943640115,48.8142118369155],[6.328983059940033,48.820056369920344],[6.326369249239314,48.821112888549195],[6.319588798715786,48.8213817248384],[6.308793256455047,48.82117418050941],[6.301128079303493,48.82427599365199],[6.301451448274658,48.826560334897835],[6.303820475963905,48.827246714898216],[6.316693127414207,48.83007428251997],[6.320744537150198,48.82984880957261],[6.324028940082232,48.82753321888169],[6.325767791631831,48.82693774095056],[6.328882841104296,48.82705388667636],[6.333904121271907,48.82755590961491],[6.339646618798019,48.83351451752219],[6.330005070923247,48.83573850968719],[6.320706460698927,48.83786765870727],[6.316151981264053,48.83756778341434],[6.300530566265751,48.840727871005186],[6.28543669580482,48.84481014330184],[6.284207994163543,48.846427814642226],[6.285475144110669,48.849452293846035],[6.299423339901909,48.85855390608488],[6.3076543623490915,48.86236539524755],[6.311724637179205,48.863848904343904],[6.3110318910468415,48.87314174382919],[6.309690945449204,48.87841346275297],[6.3010844608268535,48.87934040424232],[6.297381081492771,48.88248789127157],[6.309154014294918,48.89225760085251],[6.3258430881079954,48.89595346783354],[6.328365679165274,48.90014232614616],[6.327975678817182,48.90380042913771],[6.326750317203068,48.907359907649024],[6.304505142344905,48.91866677416843],[6.288799440871265,48.92308723690897],[6.287801261695526,48.927707386724514],[6.273197941906168,48.93303220857429],[6.271240671401286,48.93332973548432],[6.262567383648137,48.93353590542507],[6.255210524064734,48.931223844757874],[6.25610178094942,48.929485292559406],[6.245541303409976,48.9238127271441],[6.241704521641158,48.92362150465076],[6.224088802496112,48.92723758930682],[6.223058532975042,48.928992826081604],[6.2118331436697645,48.93846074228958],[6.205905375162163,48.93772102939006],[6.176640697255645,48.93483279763787],[6.168994429747988,48.93855980483864],[6.166421115274489,48.94143223842137],[6.1653075670034285,48.94206215550479],[6.159110301301212,48.94415979551819],[6.154307931028665,48.94219898005221],[6.148738670413468,48.93815570573354],[6.149736003097271,48.93334911701739],[6.146538817672926,48.9326048838568],[6.13220882710465,48.934741539775096],[6.125851492983768,48.93819425441127],[6.124589341846965,48.941482278089694],[6.129603773791861,48.94896273807773],[6.116838140025945,48.96828807925687],[6.10991266841719,48.96947083015031],[6.099606116789967,48.96886746133953],[6.081326587052132,48.96307330352311],[6.069346146351204,48.97201502582008],[6.055308202632018,48.97805713104227],[6.04642826866945,48.976409619077394],[6.043431456135116,48.97750033610156],[6.031248687818006,48.98468764946486],[6.029223004204554,48.98961631638321],[6.029495113152453,48.990554426131766],[6.036663898836855,48.98681596101033],[6.040562040997415,48.98341689011366],[6.043762140407462,48.98418310621232],[6.046642730237959,48.99576123409034],[6.045102774350442,49.01354951654212],[6.038248046844129,49.01620018414661],[6.033327891189193,49.01528101553128],[6.0186470449689695,49.02498554179317],[6.005446351250071,49.03445028284739],[5.987885719739334,49.04226601341753],[5.980884424192073,49.04388418389572],[5.978633277780534,49.04318551096632],[5.978091937935643,49.04135867099175],[5.971074181751634,49.04099625362183],[5.957785702358896,49.047400606801716],[5.953199679901081,49.05403483692314],[5.944329076318176,49.06574226776704],[5.936811309885337,49.06885832166287],[5.924792237452227,49.09192213609498],[5.9278081971443095,49.09962079453764],[5.931593982553366,49.10913396819957],[5.947820477489183,49.10880645660166],[5.972661911869755,49.10824193923182],[5.997394851613298,49.10786796630724],[6.004113371311021,49.11160994853541],[6.004974963094708,49.113921652982846],[6.002144633971606,49.11649244276056],[5.992856441843677,49.12349242473915],[5.986539520296601,49.12815061293522],[5.98441834480917,49.141185038676866],[5.99145527652265,49.146266372990866],[6.010880971476236,49.15370510596581],[6.016333649088274,49.15785576315453],[6.028162796980255,49.167331615168195],[6.006217192400183,49.18334135522282],[5.996276223838629,49.185374924163],[5.991616018500786,49.18371543243022],[5.985179402799519,49.18486740532841],[5.979905716213502,49.18885763774621],[5.978767519819163,49.19488432740336],[5.980238950944616,49.20172854677114],[5.9834201673492045,49.206714122868945],[5.9876224267385565,49.20964339112181],[6.000204601336205,49.21436994808884],[6.022953675769554,49.22354842241895],[6.030755132378262,49.23311189816395],[6.027880845730019,49.24801166702799],[6.0268455137136225,49.25178841513651],[6.0201601687850435,49.25703714312851],[6.012633773359669,49.257457143192504],[6.000189348338161,49.27604291038017],[6.00294781851723,49.28909677014754],[6.004185724886496,49.29468845167841],[6.006369156743262,49.30177242694685],[6.0065938276775,49.30762066550164],[6.005209698343724,49.31018364347059],[5.997110264626759,49.314269782623924],[5.985212466763968,49.30519835507172],[5.969290112730722,49.31983165901352],[5.9609410445041995,49.32337869539892],[5.950825023371142,49.32688491998148],[5.943691990953512,49.336165482911106],[5.94337867542945,49.34031972666961],[5.944516619573049,49.34163583404512],[5.961418873881031,49.34474927350155],[5.962988373616651,49.34650388557295],[5.962440805122447,49.35592634542769],[5.9561117699181505,49.36161761566776],[5.949114742471938,49.36219784787849],[5.924763969278406,49.37308098105054],[5.935859837573047,49.37873025284754],[5.935998937443854,49.380702774416314],[5.9336863953289605,49.394279125590764],[5.929660927846875,49.401511924777786],[5.926928699069107,49.40461689925935],[5.919887208684157,49.40460949619026],[5.911824285454755,49.40756579751524],[5.917320642167858,49.4158090700531],[5.928713004162929,49.4271161560161],[5.935209197107677,49.42735985254104],[5.942272346945961,49.430377144995646],[5.942704569439351,49.4513890527479],[5.9366219633143045,49.47768390618953],[5.928801528002688,49.48305817858],[5.917512680403338,49.4826498501364],[5.912749482335381,49.481845111628644],[5.898733832965788,49.48394366577232],[5.891767842453474,49.49484101419367],[5.89338713869773,49.49692073627271],[5.897806105727632,49.49675655740373],[5.906626261063219,49.49985500544926],[5.9073015124452235,49.501868585105804],[5.911868158404313,49.50204056392251],[5.931886083374798,49.499847241741904],[5.946194378141745,49.49700856221046],[5.964620082921882,49.49287762432133],[5.9726925153307375,49.49087116834404],[5.973804946305919,49.48903986729046],[5.974903960392719,49.480624320862425],[5.972332456153723,49.47571167531175],[5.971732097562386,49.469562031719335],[5.9786145501224555,49.454219075695306],[5.982034328698685,49.4510951191426],[5.997430893678996,49.45655400230397],[6.000885597346338,49.45662266066815],[6.0264146411627495,49.44987086907777],[6.027471738102147,49.44825684401139],[6.042143059182545,49.44783327446234],[6.052624693824415,49.464156514201115],[6.057755740126507,49.46623591552688],[6.072131676346181,49.46545762641472],[6.079677850286993,49.46377475006937],[6.0798745396374025,49.45908714737693],[6.087285716732738,49.454978052292816],[6.092504643638881,49.452784958055425],[6.100804999797516,49.452910478442114],[6.097858111656048,49.46408437148297],[6.09950619283775,49.46754832670116],[6.102066203232637,49.47025599568728],[6.108357048387627,49.47211832383085],[6.112681843323403,49.47273935652316],[6.114656728287446,49.4705197132966],[6.12345766449905,49.47346795557523],[6.126774745338533,49.481558875894684],[6.132743213298488,49.490005324323306],[6.140778112022418,49.486674909363806],[6.157344350449013,49.49166492361013],[6.162309292243531,49.49348429332524],[6.153804394993087,49.501415150186254],[6.155748061705158,49.504142724028],[6.175638361739908,49.51010104882508],[6.195738984243549,49.50543142322148],[6.208227501420281,49.50605009231411],[6.21672613652905,49.506846881303474],[6.219788035168409,49.50880771116923],[6.22681416562697,49.51019984274546],[6.246359792905255,49.50899034743482],[6.258376103751385,49.50719034717279],[6.279088597940788,49.50338345128641],[6.2801520568874105,49.5010482104577],[6.278906973606962,49.49600540056004],[6.288998466629838,49.48472133349809],[6.296158271374686,49.480197253603045],[6.305806487041693,49.47734414328043],[6.312757392818629,49.48029672535456],[6.352936704472122,49.4672463784068],[6.364390523649059,49.45951458690694],[6.368846727526672,49.45985361457954],[6.368770757987226,49.46840454677751],[6.363969234131453,49.472772538467304],[6.363724524401081,49.4880535294606],[6.367290514228752,49.51263341272827],[6.362106796438667,49.533809638172414],[6.376773320698939,49.54940673157435],[6.380831738221282,49.55806043638188],[6.379945068122797,49.56168496190641],[6.366254098246833,49.5708035053073],[6.365195288327171,49.57500616866618],[6.388706863503149,49.603409017891806],[6.411817074995998,49.61671672911357],[6.413941730175147,49.61793976396196],[6.415649232771876,49.620814916372005],[6.436840513975711,49.656486900981974],[6.429519137951029,49.66620964631507],[6.432366889507126,49.67003733787475],[6.445552258612656,49.67654880132601],[6.469413174321572,49.69257521975477],[6.487617897688447,49.6965586169033],[6.485671333627779,49.69795719520375],[6.486526809620808,49.701352904057565],[6.501548154254605,49.71428872722985],[6.498373577466043,49.72275438180518],[6.500588137277945,49.72520244252122],[6.513360461262011,49.72686038142278],[6.5163846911804395,49.730830381055064],[6.506199026994067,49.74192284269013],[6.505442752929702,49.74561385793038],[6.509643480023476,49.75634015471046],[6.516296804857694,49.769046751339715],[6.516143385621815,49.77597229833242],[6.515812917060077,49.790801208398996],[6.520044351180027,49.79592162466821],[6.531019621479962,49.80919987506968],[6.52803339844344,49.813163954671566],[6.517633634451657,49.81564717601291],[6.5062015673456575,49.80814977134931],[6.50004904282138,49.810040129055395],[6.489646214114055,49.819078209586955],[6.477412207749962,49.82146989817668],[6.463053828176512,49.820782936830206],[6.4615441013630575,49.81617863248909],[6.441823598055181,49.81469523366329],[6.406781547178509,49.8230267806974],[6.396157419001316,49.830362253658805],[6.3836589703780415,49.84819234641513],[6.360930170804105,49.853633494246786],[6.342329318172394,49.84736685582223],[6.337656688742482,49.84220983362465],[6.331671285110068,49.8416147709809],[6.323954068899975,49.8470612396058],[6.322771666889424,49.857122519548646],[6.3175410838785115,49.868077920588405],[6.311057364862186,49.87123300305183],[6.2872958741017735,49.87680361461359],[6.267081359636793,49.88413656988665],[6.239317125663759,49.90061432034301],[6.234446640543375,49.918229147935186],[6.232812727512669,49.93957758856885],[6.20928715601702,49.97411854125459],[6.1945362640874295,49.97397433032461],[6.18713761272376,49.96645900063735],[6.186849893350211,49.95797732804664],[6.184213104772883,49.95684162425734],[6.17013863722508,49.96972843274743],[6.1688966597048625,49.97539344093695],[6.172719602371166,49.981081971234296],[6.171855277386232,49.98472188920717],[6.16051080319634,49.99328444933975],[6.151668238366294,50.003681459643396],[6.1392989628846095,50.01821584006746],[6.145956899934835,50.03257262439253],[6.14353591356602,50.032415258343214],[6.137933469597955,50.0358076410423],[6.133109903396944,50.04617848619637],[6.119376921746174,50.061673437120184],[6.1195875598265745,50.064070163955044],[6.120058769606144,50.06941549496911],[6.12741884106959,50.07084091115],[6.128636009853843,50.07434901547267],[6.124696302526876,50.08617231183429],[6.125518697170219,50.09454802380915],[6.133025213020934,50.095749918822804],[6.135184416089335,50.09864273211342],[6.13278132342499,50.103251172805074],[6.1323952826056205,50.11394673810717],[6.13771780740307,50.12642016621342],[6.141750917195891,50.1308396645924],[6.141500817986222,50.13343438075759],[6.13549545124817,50.141758051704684],[6.133240565422082,50.14128167346553],[6.123773765760428,50.144941465793295],[6.109881551218052,50.16745132184551],[6.103542128430275,50.170131297748],[6.097075099850427,50.16951731582339],[6.076393026050283,50.16098020607021],[6.039845864649237,50.16660153568396],[6.033179028292697,50.1717167074993],[6.025108044721274,50.18572831046425],[6.026719137069959,50.20248064457487],[6.0139833992725915,50.22265936494979]],[[14.616978279947816,53.463923446391554],[14.61625439322778,53.4558348075298],[14.614712751774722,53.45012195713492],[14.605934552444408,53.4515198505509],[14.600357059439272,53.45150132456044],[14.596395248398041,53.449110466322416],[14.597486119426822,53.43820531298762],[14.600305192217226,53.42012922785346],[14.6038552958778,53.41797923543247],[14.613416101804365,53.41729684902818],[14.622940841104622,53.42065676900294],[14.63013257353496,53.417825296942695],[14.6230417980087,53.409241239730854],[14.627113713250745,53.398790077342554],[14.636205475649573,53.39400907094742],[14.649409445573182,53.39743018564901],[14.659608524746524,53.40240806726137],[14.652479312884132,53.41123347047151],[14.646847957933417,53.41835230019047],[14.650007821710055,53.424027267078614],[14.673043251444167,53.428890778903714],[14.700066452928603,53.43657251435932],[14.707970491885423,53.44562943208047],[14.708692112876207,53.456571437229854],[14.703850998147374,53.46512133590357],[14.693475458843894,53.46699809226805],[14.692599548050524,53.47793605111814],[14.693317736283042,53.48887718588285],[14.695632749494047,53.499823271072714],[14.690002245876864,53.50599303199799],[14.686367005307586,53.506956947875246],[14.700310622396254,53.51266188583736],[14.685704544624151,53.506685827577726],[14.670192646948113,53.50158705106566],[14.65392291508297,53.497414113478484],[14.640527656576591,53.494867983388836],[14.641482364805494,53.48825744216785],[14.636001827122097,53.47634965852662],[14.626517891868879,53.46680758097432],[14.616978279947816,53.463923446391554]],[[19.370155651985506,54.225287547168456],[19.37504810632373,54.2230802275399],[19.39099302473113,54.22692432489831],[19.409200750360156,54.263641236348704],[19.42278517480905,54.27334649387679],[19.42218411472983,54.27323841988048],[19.4036828334664,54.27108634546463],[19.0295453179653,54.23844342963432],[19.358191782118393,54.26718128779447],[19.3738776844485,54.26194542068664],[19.3763882619839,54.23410452937255],[19.370155651985506,54.225287547168456]],[[19.960278694418562,54.51554144429562],[19.961874034382024,54.519963061726834],[19.97782812923386,54.53172253573479],[19.879918143508775,54.459410140791086],[19.916264254361813,54.486294313674364],[19.919807980307443,54.48661801073419],[19.954481583029352,54.501616566334036],[19.960278694418562,54.51554144429562]],[[20.07531742975335,54.54781370071564],[20.087738432212365,54.553536675622816],[20.104874219258406,54.55715315209536],[20.147403153454462,54.57991754047164],[20.155490805641413,54.58950644130513],[20.178714878715965,54.60283636693471],[20.216442261303634,54.61159478092183],[20.247965940007493,54.61402836622469],[20.278814829737783,54.62520752057009],[20.30533975925255,54.64679197538464],[20.335024083557695,54.661580806919844],[20.343225818964875,54.65147049985026],[20.35944883901746,54.65034407415341],[20.396447812154726,54.665062639866704],[20.407246032437097,54.66997633625777],[20.41804339694943,54.67488646105492],[20.416224052992494,54.68097752959346],[20.38631191152209,54.68068112887974],[20.382541340915157,54.69227570672313],[20.36987223825786,54.690772005066385],[20.361390107352527,54.68360839760912],[20.336669700116584,54.68353357229109],[20.29268713571195,54.69492206095227],[20.273208275853037,54.69029902449437],[20.240065183946868,54.69436114389035],[20.210138623021496,54.694021450322275],[20.185466701788872,54.6992786874807],[20.1694630989479,54.69142128533548],[20.155780583740786,54.68227142897893],[20.153788730191174,54.68155636948097],[20.138472026190065,54.67604875389411],[20.120966055405223,54.66011779744427],[20.087245291768127,54.660707257560546],[20.095884268638383,54.670404286611614],[20.08595833238533,54.65926220697815],[20.085161853319697,54.655228747542175],[20.081935150932335,54.64409362043776],[20.07671459436229,54.633212136862014],[20.069558969796148,54.62270360456411],[20.065718326042,54.61782602526018],[20.05663138221035,54.607728431949134],[20.045762391004917,54.598238888848805],[20.033233311317655,54.58946286317821],[20.03250398256029,54.589049493064294],[20.02032872496683,54.57532567709814],[20.03384108872809,54.57146138629389],[20.050007567104327,54.56501355664516],[20.062274605297375,54.54928481221408],[20.07531742975335,54.54781370071564]]],[[[8.695794767474256,47.69190442638311],[8.67322839442902,47.68017643012978],[8.669218215373078,47.689958863033176],[8.675709884004535,47.69460594971123],[8.675836266565538,47.69937699864279],[8.67497416508404,47.706475374617874],[8.683559587018236,47.705520983794095],[8.69051321793928,47.70638148862632],[8.70085829325363,47.70838134362726],[8.708041451985014,47.707347807822664],[8.71380650344156,47.7005190049415],[8.720328007900966,47.69325509170453],[8.71913796280389,47.68556727303092],[8.715046923246293,47.68438956019948],[8.695794767474256,47.69190442638311]]],[[[6.695079000000001,53.570299],[6.677094000000003,53.575629000000006],[6.663341000000002,53.587348],[6.659516000000004,53.59910699999999],[6.671152999999999,53.604438],[6.747325000000004,53.61835400000001],[6.784678999999999,53.620063000000016],[6.7981060000000015,53.604438],[6.775644999999998,53.602484000000004],[6.740896,53.593451],[6.722422999999999,53.590766000000016],[6.722423000000003,53.584621],[6.733572000000002,53.582017],[6.742198000000004,53.578355],[6.749522000000001,53.572414],[6.756521000000003,53.562892999999995],[6.747569000000002,53.565985],[6.734630000000003,53.575181],[6.726085000000004,53.57713500000001],[6.715994000000002,53.576077],[6.701182000000005,53.571438],[6.695079000000001,53.570299]]],[[[7.047048000000001,53.694159000000006],[7.085460000000002,53.68699800000001],[6.873789999999997,53.67275600000001],[6.910818000000002,53.683661],[7.047048000000001,53.694159000000006]]],[[[7.345063000000002,53.722073],[7.342296000000004,53.72211300000001],[7.295746000000001,53.71100499999999],[7.173595000000003,53.70140199999999],[7.133148999999999,53.708075],[7.1789660000000035,53.724066],[7.232921000000001,53.72943800000001],[7.346201999999999,53.727973000000006],[7.34669,53.723212],[7.345063000000002,53.722073]]],[[[8.13266,53.734035999999996],[8.152354000000003,53.739163000000005],[8.174815,53.73700600000001],[8.195973999999998,53.727973000000006],[8.181651,53.727973000000006],[8.171722999999997,53.725571999999985],[8.155771999999999,53.716376000000004],[8.150890000000006,53.71430099999999],[8.142263000000005,53.715644],[8.136729000000008,53.71796299999999],[8.130707,53.718451],[8.120128000000001,53.71430099999999],[8.120128000000008,53.721137000000006],[8.13266,53.734035999999996]]],[[[7.432383999999998,53.724066],[7.429046999999997,53.72248],[7.421235,53.721137000000006],[7.3811960000000045,53.728502000000006],[7.366547000000001,53.727973000000006],[7.383066999999999,53.734849],[7.403494000000003,53.736721],[7.422618000000002,53.734198000000006],[7.435556999999997,53.72797299999999],[7.432383999999998,53.724066]]],[[[7.486989999999999,53.76142000000001],[7.517426000000003,53.76211199999999],[7.606618999999997,53.7626],[7.626720000000003,53.755276],[7.627208000000002,53.750921999999996],[7.625743,53.74994499999999],[7.623302000000004,53.749985999999986],[7.620615999999997,53.749091],[7.547698999999996,53.75043400000001],[7.513927000000001,53.74551],[7.511240999999998,53.727973000000006],[7.481944000000003,53.727118000000004],[7.472992,53.73187899999999],[7.469573999999998,53.74534699999999],[7.474620000000002,53.756822],[7.486989999999999,53.76142000000001]]],[[[7.686289999999998,53.78099199999999],[7.728282000000002,53.786566],[7.812836000000003,53.78314900000001],[7.812836000000002,53.77635299999999],[7.798595000000001,53.776352999999986],[7.776214999999998,53.76797100000001],[7.748219999999999,53.760932000000004],[7.719492999999999,53.759914],[7.694998000000002,53.76951700000001],[7.685882999999998,53.76178600000001],[7.677094,53.75779899999999],[7.668630000000003,53.75788],[7.660899,53.762112],[7.686289999999998,53.78099199999999]]],[[[7.858896999999997,53.79092],[7.876720000000001,53.79486700000002],[7.897634,53.79629099999999],[7.914073000000001,53.795356000000005],[7.928965999999996,53.792548000000004],[7.955577000000003,53.782904],[7.946055999999998,53.784003000000006],[7.935313,53.783148999999995],[7.893240000000003,53.78896699999999],[7.875255000000002,53.788398],[7.873789999999999,53.77635299999999],[7.854503000000002,53.784573],[7.858896999999997,53.79092]]],[[[11.423106000000006,53.96771900000001],[11.407073999999996,53.968207000000014],[11.390961,53.97394400000001],[11.375661999999993,53.98183800000001],[11.390390999999997,54.00458400000001],[11.426606,54.022935000000004],[11.468028000000002,54.030951],[11.497894999999994,54.022773],[11.468271999999995,53.97068900000002],[11.457692999999997,53.96137100000001],[11.445322999999998,53.961127000000005],[11.444509000000004,53.96808500000001],[11.451426999999997,53.985541000000005],[11.447032000000002,53.997138000000014],[11.438731000000006,53.99726],[11.433278999999995,53.98875600000001],[11.437755000000001,53.975001999999996],[11.423106000000006,53.96771900000001]]],[[[11.598969000000002,54.098049],[11.552745000000007,54.073065],[11.539561000000008,54.056951999999995],[11.533945999999993,54.056951999999995],[11.528494000000006,54.075100000000006],[11.528574999999996,54.07746000000001],[11.533945999999998,54.084866],[11.601898999999996,54.104153],[11.615896,54.11212799999999],[11.598969000000002,54.098049]]],[[[13.715993999999998,54.29328],[13.711924999999999,54.30394100000001],[13.705089000000003,54.30394100000001],[13.694835000000001,54.29743100000001],[13.679453999999998,54.29401300000001],[13.663341000000003,54.293890999999995],[13.651133999999994,54.297187],[13.651134000000003,54.30394100000001],[13.688243000000009,54.31330000000001],[13.703624000000003,54.320461],[13.711924999999999,54.33185500000001],[13.659923000000003,54.32977899999999],[13.636728999999995,54.325506999999995],[13.616953999999998,54.317613],[13.672130000000001,54.340318],[13.690928999999993,54.344916],[13.690928999999993,54.35175200000001],[13.664073000000004,54.353258],[13.650075999999995,54.35244400000001],[13.640310000000001,54.34833400000001],[13.626800999999999,54.33909700000001],[13.618337,54.341376],[13.610606000000004,54.34796800000001],[13.599293999999999,54.351752000000005],[13.499684999999996,54.344916],[13.481781000000002,54.338284],[13.428883999999996,54.310939999999995],[13.417735000000002,54.30052299999999],[13.406098000000002,54.285224],[13.381602000000008,54.282213],[13.359629999999992,54.27545800000001],[13.355724000000006,54.248725000000015],[13.369394999999994,54.255561],[13.369639999999993,54.260647],[13.367523999999994,54.261949],[13.364757000000008,54.26203],[13.363128999999997,54.263007],[13.410899,54.267889999999994],[13.417734999999997,54.266059],[13.425059000000001,54.243232],[13.423024999999992,54.232732999999996],[13.407237000000002,54.228216999999994],[13.378672999999997,54.230861999999995],[13.347016000000007,54.23745400000001],[13.311534000000002,54.251125],[13.319509000000005,54.256415],[13.324879999999999,54.268215],[13.335216000000003,54.283515],[13.320566999999997,54.278388],[13.313974999999997,54.27440000000001],[13.307872000000001,54.269192000000004],[13.31186,54.266425],[13.314708000000001,54.26300699999999],[13.294688000000003,54.26410599999999],[13.284189999999994,54.26284399999998],[13.276866,54.25926299999999],[13.267914000000005,54.256496],[13.257986000000002,54.260442999999995],[13.248790000000005,54.26626200000001],[13.242442,54.269192000000004],[13.227794000000005,54.27081900000001],[13.210134000000004,54.275824],[13.199229000000006,54.284410000000015],[13.204844999999997,54.29718700000001],[13.190278000000001,54.29975000000001],[13.159679000000006,54.290961],[13.149668999999992,54.290268999999995],[13.142832999999992,54.29800000000001],[13.14893600000001,54.304755],[13.162282999999999,54.307685],[13.177501000000005,54.303941],[13.177501000000005,54.310207],[13.115488999999998,54.33808],[13.129242,54.359564999999996],[13.148936000000006,54.377265],[13.174327,54.38397899999999],[13.204844999999994,54.372260000000004],[13.211681000000004,54.37909599999999],[13.223318000000003,54.372504],[13.237152999999998,54.373968999999995],[13.266856000000006,54.385891],[13.251150000000003,54.386908000000005],[13.239268000000004,54.393622],[13.234386000000002,54.403388],[13.239023999999997,54.413804000000006],[13.239024000000008,54.42007100000001],[13.225351999999994,54.42084400000001],[13.217947000000008,54.42568599999999],[13.211598999999996,54.431098],[13.201427000000006,54.43366100000001],[13.156993000000005,54.426825],[13.174326999999998,54.447659],[13.181813999999996,54.45302999999999],[13.208832000000005,54.456936],[13.23902400000001,54.466254000000006],[13.259532000000002,54.46845100000001],[13.259531999999998,54.475287000000016],[13.260753000000006,54.475491],[13.266856000000006,54.477484000000004],[13.273123000000004,54.48212300000001],[13.245372,54.488349],[13.233246000000005,54.493068999999984],[13.225352,54.50193900000001],[13.228770000000006,54.504299],[13.231944000000004,54.506007999999994],[13.233653000000006,54.509223],[13.232758000000002,54.516262],[13.203298000000007,54.509467],[13.185394999999996,54.508287],[13.177500999999998,54.512844],[13.175303999999999,54.516017999999995],[13.170665000000001,54.516791],[13.166026000000004,54.519110000000005],[13.163829000000003,54.52680099999999],[13.162608000000002,54.535467999999995],[13.158865000000004,54.54067599999998],[13.152354,54.542955000000006],[13.143403000000001,54.54291400000001],[13.166351999999993,54.549383999999996],[13.242930999999999,54.555976],[13.259531999999998,54.553778],[13.264902999999997,54.547796999999996],[13.276541000000005,54.545071],[13.288259,54.539944000000006],[13.293629999999999,54.526801],[13.297861999999995,54.519679999999994],[13.305512,54.52342399999999],[13.309255000000004,54.534817],[13.301035999999995,54.550360000000005],[13.315440000000008,54.56195700000001],[13.333668999999999,54.57306500000001],[13.352550000000006,54.58144800000001],[13.369394999999997,54.58515],[13.358246000000003,54.564765000000016],[13.350758999999995,54.555976],[13.342052000000004,54.55036000000001],[13.348399000000006,54.550482],[13.353851999999998,54.549872],[13.358652999999995,54.54755300000001],[13.363128999999994,54.54291400000001],[13.358084000000002,54.53815300000001],[13.348888000000008,54.523668000000015],[13.363291999999994,54.523139000000015],[13.374847999999998,54.52558],[13.383800000000003,54.531887000000005],[13.389822000000004,54.54291400000001],[13.381358000000002,54.544379],[13.371837000000005,54.548896],[13.363128999999999,54.550360000000005],[13.363129000000002,54.55719599999999],[13.376719999999995,54.56464299999999],[13.387868999999997,54.55125600000001],[13.405527999999995,54.538235000000014],[13.417328000000003,54.52456299999999],[13.410899000000004,54.509426],[13.430675,54.49274299999999],[13.455577000000002,54.48749400000001],[13.507090999999997,54.48826699999999],[13.499684999999994,54.495754],[13.509288000000005,54.508979000000004],[13.514170999999996,54.513129],[13.520762999999999,54.516262],[13.520763,54.523668000000015],[13.512949999999995,54.537543],[13.507498000000002,54.54466399999999],[13.499684999999996,54.550360000000005],[13.499685,54.55719599999999],[13.505543999999997,54.55971900000001],[13.508800000000003,54.56183500000001],[13.512868999999998,54.56354399999999],[13.520762999999999,54.564643000000004],[13.520762999999993,54.570786999999996],[13.508311000000004,54.57038000000001],[13.500254999999994,54.566067000000004],[13.493906999999998,54.560735999999984],[13.486582999999998,54.557196000000005],[13.475758999999996,54.55609799999999],[13.441416999999996,54.557196000000005],[13.436046000000003,54.560370000000006],[13.430675000000006,54.567450000000015],[13.423838999999994,54.57453],[13.414317000000004,54.577704000000004],[13.399262000000002,54.579576],[13.393077000000005,54.58454],[13.389659000000002,54.59105100000001],[13.382986000000008,54.598131],[13.371348999999999,54.6081],[13.369151000000004,54.612128000000006],[13.355724000000007,54.60561800000001],[13.347910999999993,54.600815999999995],[13.331798,54.58783600000001],[13.308360000000006,54.579576],[13.291352000000005,54.56879299999999],[13.27328499999999,54.56094000000001],[13.253266000000004,54.564643000000004],[13.249765999999994,54.576483],[13.256847000000002,54.594916000000005],[13.269867000000003,54.611802000000004],[13.283946000000002,54.619289],[13.286957000000003,54.623521],[13.291269999999999,54.632961],[13.293467999999999,54.642279],[13.290537999999993,54.64655199999999],[13.245859999999997,54.639796999999994],[13.231211999999994,54.633857000000006],[13.224782999999997,54.63495499999999],[13.225352000000006,54.64655200000001],[13.230967999999999,54.65330600000001],[13.241546999999994,54.65998],[13.253591,54.665025],[13.390798000000002,54.68817800000001],[13.418711999999992,54.68842200000001],[13.445078999999991,54.680080000000004],[13.445078999999994,54.673896],[13.429697999999993,54.666734],[13.409027999999998,54.659817000000004],[13.390880000000001,54.650539000000016],[13.382986,54.636379],[13.385997000000003,54.618638],[13.394542000000008,54.604437999999995],[13.407725,54.59341100000001],[13.424570999999991,54.58515],[13.466318999999993,54.57688999999999],[13.595957999999998,54.59137599999999],[13.640473000000002,54.585679],[13.670664999999996,54.56623],[13.677257000000003,54.54047299999999],[13.651133999999995,54.516262000000005],[13.606780999999994,54.498969],[13.584809000000005,54.48651799999999],[13.575449999999998,54.471869000000005],[13.579111999999995,54.455064000000014],[13.587901000000002,54.437567],[13.599131999999999,54.422675],[13.609548000000004,54.41380400000001],[13.630056,54.40753800000002],[13.677418999999997,54.40082400000001],[13.698252999999992,54.392076],[13.724864000000002,54.36359300000001],[13.741953999999994,54.350491],[13.766448999999994,54.344916],[13.753102999999992,54.33930100000001],[13.740082000000001,54.32981999999999],[13.730153999999997,54.316840000000006],[13.726248000000004,54.300523000000005],[13.726248000000007,54.28465400000001],[13.723155,54.278388],[13.712737999999996,54.278998],[13.690929000000008,54.283515],[13.702647000000008,54.283515],[13.711925000000006,54.286566],[13.715993999999998,54.29328]]],[[[11.039887,54.447333],[11.032481000000006,54.447333],[11.029145000000005,54.454657000000005],[11.025727,54.458808],[11.020356000000003,54.458969999999994],[11.008473999999998,54.454657000000005],[11.005706999999997,54.468451],[11.033701999999995,54.508857],[11.072926999999995,54.531195000000004],[11.121267,54.535956000000006],[11.206553999999995,54.51447199999999],[11.232106999999996,54.501654],[11.240000999999994,54.495551000000006],[11.255625999999998,54.47870500000001],[11.314219999999994,54.413804000000006],[11.188486999999999,54.426173999999996],[11.170177000000006,54.420071],[11.174653000000001,54.416002],[11.179047000000006,54.414211],[11.138844999999998,54.412665],[11.112641000000002,54.415229000000004],[11.101329000000003,54.423489000000004],[11.103282000000005,54.443834],[11.098642999999994,54.45164599999999],[11.084321000000003,54.454778999999995],[11.058115999999997,54.455268000000004],[11.047374000000005,54.453274000000015],[11.039887,54.447333]]],[[[8.820974000000007,54.49725999999999],[8.812835999999995,54.50193899999999],[8.844492999999995,54.51972099999999],[8.879648999999995,54.529120000000006],[8.9192,54.530463],[8.963144999999997,54.523668],[8.958507000000003,54.522447],[8.956308999999994,54.519436],[8.955820999999995,54.514959999999995],[8.956878999999999,54.509426],[8.938487000000004,54.499091],[8.925792000000001,54.486762],[8.911305999999996,54.475491],[8.887949999999995,54.468451],[8.844492999999996,54.466498],[8.823904000000006,54.470851999999994],[8.812836,54.482123],[8.823741000000009,54.485541000000005],[8.825531,54.491197000000014],[8.820974000000007,54.49725999999999]]],[[[8.700937999999997,54.54775600000001],[8.692881999999996,54.523261],[8.66977,54.50189900000001],[8.641286999999993,54.492377],[8.618826000000004,54.492621],[8.606130000000004,54.499213],[8.595875999999993,54.513658],[8.602061,54.529771],[8.620127999999998,54.537909],[8.627452,54.53994399999999],[8.634532000000002,54.542629],[8.698903999999995,54.55857999999999],[8.700937999999997,54.54775600000001]]],[[[13.095551,54.570786999999996],[13.102305999999995,54.59609600000001],[13.109629999999992,54.603095],[13.125987,54.60561799999999],[13.139821999999993,54.606024],[13.151051999999998,54.604926],[13.157237000000006,54.599066],[13.157074000000003,54.587958],[13.156504999999992,54.589057],[13.153656000000003,54.591131999999995],[13.149669000000006,54.59137599999999],[13.149668999999994,54.577704000000004],[13.143402999999996,54.577704000000004],[13.143403000000003,54.598131],[13.118907,54.586412],[13.113129000000008,54.57005399999999],[13.112152999999994,54.55068599999999],[13.102549999999997,54.529934000000004],[13.095225,54.52435899999999],[13.081065000000002,54.517157],[13.075042999999996,54.509426],[13.071462000000004,54.499661],[13.069591,54.489651],[13.068207,54.468451],[13.061371000000003,54.468451],[13.061371000000001,54.482123],[13.064219999999995,54.505113],[13.095551,54.570786999999996]]],[[[8.353526000000006,54.707994000000014],[8.342458999999995,54.701401999999995],[8.332366999999996,54.69379300000001],[8.382334999999998,54.63914599999999],[8.401377999999996,54.63296100000001],[8.387706,54.626125],[8.353689,54.61896399999999],[8.330251000000008,54.631415],[8.311371000000007,54.65135300000001],[8.291514999999997,54.66706],[8.320486000000006,54.698716999999995],[8.338390000000002,54.710150000000006],[8.360362,54.71483],[8.360687999999996,54.710027999999994],[8.359141,54.70893000000002],[8.356293,54.709174],[8.353526000000006,54.707994000000014]]],[[[8.394542000000007,54.71483000000001],[8.414236000000002,54.73578499999999],[8.436778000000004,54.748481000000005],[8.464122000000003,54.754788000000005],[8.497569,54.756415000000004],[8.553232999999997,54.75446199999999],[8.575937999999999,54.746405],[8.593761000000004,54.72850200000001],[8.593761000000004,54.721666000000006],[8.585459999999996,54.713609000000005],[8.574067,54.694403000000015],[8.565765999999998,54.687567],[8.552094000000004,54.68500400000001],[8.535166999999996,54.686184000000004],[8.519866999999994,54.689602000000015],[8.511240999999998,54.69379300000001],[8.485198999999993,54.688056],[8.45281,54.69383400000001],[8.394542000000007,54.71483000000001]]],[[[10.226065637676541,54.96094314421968],[10.227769302908582,54.95752250407116],[10.230693495576833,54.94768647991081],[10.232577474889704,54.94586820065211],[10.240846751174242,54.93555088913362],[10.244652556616753,54.930056825457335],[10.249940519287358,54.92135745994538],[10.253802694361681,54.91268870695913],[10.211436,54.939358000000006],[10.195159999999998,54.961859000000004],[10.189220000000002,54.977484],[10.203867999999996,54.968085],[10.226065637676541,54.96094314421968]]],[[[8.343923000000004,54.879096],[8.337413,54.87759],[8.307139999999995,54.86538300000001],[8.302013000000004,54.86261600000001],[8.299326999999996,54.855292],[8.297862000000004,54.83559799999999],[8.294931999999994,54.83152900000001],[8.298350000000001,54.77692299999999],[8.295745999999998,54.759101],[8.290700999999999,54.745307],[8.284433999999997,54.742377000000005],[8.277842999999995,54.756415],[8.277029000000006,54.782782000000005],[8.288584999999992,54.891303],[8.298024999999999,54.912543000000014],[8.373709000000003,55.03498000000001],[8.415781999999995,55.065334],[8.463390000000002,55.050686],[8.402354000000008,55.04877400000001],[8.394542000000001,55.043850000000006],[8.422211,55.042182000000004],[8.430431000000008,55.030015],[8.421559999999998,55.01626199999999],[8.38087,55.00307899999999],[8.361989999999997,54.98680199999999],[8.351573000000007,54.966742],[8.360362000000004,54.948187999999995],[8.354503,54.91274599999999],[8.388356999999997,54.894232],[8.436534,54.887273999999984],[8.654470000000003,54.89362200000001],[8.629405000000007,54.882148000000015],[8.504404999999993,54.886176],[8.488779999999997,54.881293],[8.461192000000002,54.868801000000005],[8.446055999999997,54.86627800000001],[8.377125999999997,54.86627800000001],[8.370615999999995,54.868232000000006],[8.361990000000002,54.87693900000001],[8.353525999999995,54.87934000000001],[8.343923000000004,54.879096]]],[[[9.900890000000004,54.90070199999999],[9.932301999999996,54.892808],[9.963878000000001,54.879950000000015],[9.991546999999994,54.872504000000006],[9.991546999999997,54.879340000000006],[9.943696000000003,54.903632000000016],[9.898285,54.912991],[9.88795,54.91352],[9.877939999999997,54.91132199999999],[9.863536000000007,54.90306199999999],[9.853770000000003,54.89980700000001],[9.814708,54.901068],[9.780935,54.916815],[9.761241000000002,54.943061000000014],[9.764415,54.975531],[9.758148999999996,54.975531],[9.758148999999998,54.98175700000001],[9.780284000000004,54.972846000000004],[9.804047000000002,54.95718000000001],[9.827403000000007,54.945461],[9.847503999999997,54.948187999999995],[9.843271999999995,54.951728],[9.836680999999999,54.95856400000001],[9.832773999999997,54.965155],[9.836681000000006,54.968085],[9.842132999999997,54.97028199999999],[9.835215999999997,54.975165000000004],[9.793711999999992,54.992174000000006],[9.786794000000008,55.00014900000001],[9.799083000000001,55.00971099999999],[9.799083000000001,55.016547],[9.720551,55.012274000000005],[9.706878999999997,55.01312899999999],[9.696950999999999,55.01752400000001],[9.684824999999996,55.018541000000006],[9.674164000000001,55.02106400000002],[9.668792999999997,55.030219],[9.672373999999998,55.034654],[9.691253999999994,55.042792],[9.696624999999994,55.050686],[9.678233000000006,55.05019800000001],[9.661632000000004,55.04653600000002],[9.645518,55.044867],[9.628429000000004,55.050686],[9.628428999999999,55.058051000000006],[9.716644999999996,55.082221],[9.751963999999996,55.08539499999998],[9.793468000000003,55.08075600000001],[9.853038000000007,55.040107],[9.884776000000008,55.03021900000001],[9.929047,55.02619],[9.960947999999998,55.015041],[9.986582999999994,54.997748],[10.011404,54.975531],[10.025889999999999,54.959784],[10.065115000000008,54.890814999999996],[10.064463999999996,54.881008],[10.050466000000002,54.878852000000016],[10.021982999999995,54.879340000000006],[10.007091,54.87482299999999],[9.987559000000005,54.865912],[9.968027999999995,54.85952400000001],[9.953624000000001,54.862615999999996],[9.937185000000005,54.870917],[9.891123999999998,54.879299],[9.874278000000002,54.886176],[9.874278000000007,54.893012],[9.900890000000004,54.90070199999999]]],[[[10.087550861746276,55.08757088002591],[10.083507,55.086982],[10.065929000000004,55.092231000000005],[10.072252134331356,55.095003742155875],[10.079059536388685,55.09200212278307],[10.087550861746276,55.08757088002591]]],[[[9.881683999999993,55.259508],[9.883962000000006,55.265611000000014],[9.893240000000006,55.274644000000016],[9.895355999999998,55.28026],[9.893240000000002,55.291246],[9.887046395600416,55.30295473910256],[9.890678504737995,55.29859804491755],[9.897091668570054,55.2883511071888],[9.90166154877886,55.27778704029652],[9.904342989834879,55.26701361325578],[9.905163120871464,55.26186437808808],[9.905919622716812,55.250513318253425],[9.904583822896655,55.23917978609172],[9.902658858980427,55.232866403815784],[9.900157,55.234117000000005],[9.895356000000005,55.23899999999999],[9.893240000000002,55.24445200000001],[9.883961999999999,55.253485],[9.881683999999993,55.259508]]],[[[9.794931999999994,55.383857],[9.813650000000008,55.385159],[9.819497657060124,55.386490779218356],[9.82125336810537,55.38430954283918],[9.826810930645417,55.375426877188595],[9.830983641227283,55.366301349935185],[9.83293735470729,55.36110596712818],[9.835172988077387,55.35260978888682],[9.829844999999994,55.35228099999999],[9.81658,55.35521099999999],[9.802419,55.36237200000001],[9.778087000000003,55.380276],[9.794931999999994,55.383857]]],[[[9.785492000000003,55.413764],[9.791445005736845,55.413056504981924],[9.793162237888962,55.41190918311286],[9.79327477600829,55.41181742990086],[9.785492000000003,55.413764]]],[[[9.75141306740568,55.436988605895564],[9.755951716164558,55.43452617485676],[9.751312999999998,55.434882000000016],[9.737315000000006,55.43817800000001],[9.723230781830544,55.44815311870082],[9.734889776573626,55.444160972185536],[9.75141306740568,55.436988605895564]]],[[[7.898085200000003,54.1721751],[7.898055599999998,54.17222090000001],[7.898113900000002,54.1722995],[7.898241000000002,54.17226880000001],[7.898334300000005,54.17224629999999],[7.898279000000001,54.17216760000001],[7.8991971,54.1719537],[7.899524300000002,54.1720249],[7.900027600000003,54.172668599999994],[7.899624299999998,54.1739672],[7.899587999999996,54.1740806],[7.899239999999999,54.175166200000014],[7.897084199999998,54.17598310000001],[7.896898399999999,54.17605349999999],[7.896335699999997,54.17535370000001],[7.896307100000002,54.17533869999999],[7.896267500000006,54.1753311],[7.896231899999998,54.17533170000001],[7.896194399999996,54.175342099999995],[7.8961647,54.1753612],[7.896160699999997,54.17538149999999],[7.896176299999999,54.1754066],[7.8962911,54.1755487],[7.896741799999998,54.1761168],[7.8953395,54.17664769999999],[7.894654900000001,54.1769121],[7.894670200000002,54.1769263],[7.894552900000002,54.176970100000005],[7.894541000000001,54.1769599],[7.8945068,54.17697230000002],[7.8944712000000035,54.17694779999999],[7.894399100000004,54.176964500000004],[7.8943438000000015,54.176992300000016],[7.894270600000003,54.176993300000014],[7.894099300000003,54.17704630000001],[7.893504099999997,54.17729069999999],[7.8931769,54.17737389999999],[7.892827099999998,54.177153799999985],[7.892798499999996,54.17713590000001],[7.892773800000002,54.177120500000015],[7.891785399999997,54.17650239999999],[7.892131100000002,54.17629409999999],[7.894223900000002,54.175024799999996],[7.894254300000005,54.1750064],[7.895060500000002,54.17507499999999],[7.895705199999999,54.17513029999999],[7.895760499999999,54.1751284],[7.895805699999999,54.1751061],[7.8958189,54.17507629999999],[7.895797999999999,54.1750426],[7.895740400000005,54.175025900000016],[7.895086100000003,54.17496640000001],[7.894361000000001,54.17489950000001],[7.8934009,54.17435820000001],[7.894752499999998,54.1735457],[7.894753400000003,54.17352890000001],[7.894657600000002,54.17347629999999],[7.894620999999998,54.1734797],[7.894516500000002,54.173543099999996],[7.894507999999998,54.173548199999985],[7.894441400000003,54.173588200000005],[7.8938779000000014,54.173927],[7.8932942000000015,54.1742778],[7.893184399999997,54.174217000000006],[7.893166599999999,54.17422400000001],[7.892417600000002,54.17381199999999],[7.891170599999999,54.17312610000001],[7.8911145000000005,54.1731572],[7.891068100000004,54.17303179999999],[7.8908736,54.172968899999994],[7.890396,54.17283979999999],[7.890294700000002,54.172844],[7.890232199999999,54.1728194],[7.890102399999998,54.17276210000001],[7.890073499999999,54.172753699999994],[7.889795900000001,54.17262890000001],[7.889775199999999,54.172628200000005],[7.889678200000003,54.1725779],[7.889624000000004,54.17254130000001],[7.8895602999999985,54.17250969999999],[7.889477900000001,54.1724904],[7.889752199999997,54.17228500000001],[7.889821900000002,54.1722424],[7.8900925999999965,54.172081000000006],[7.890928100000002,54.169998400000004],[7.891289,54.1699612],[7.894080800000001,54.1696737],[7.895486299999999,54.1695273],[7.895652700000003,54.169512800000014],[7.895762600000003,54.1695085],[7.8959182,54.16952030000001],[7.8960173,54.16954320000001],[7.8961478000000005,54.169589],[7.898620699999999,54.1706117],[7.898598499999998,54.170631],[7.898655900000001,54.1706558],[7.8986757000000045,54.17064030000001],[7.898817999999997,54.1707035],[7.898804200000001,54.1707162],[7.898878900000001,54.17074699999999],[7.898919300000005,54.1707462],[7.898984600000003,54.17069810000001],[7.8989845999999995,54.170676699999994],[7.898739300000003,54.17056830000001],[7.897904100000002,54.170230600000004],[7.896090400000001,54.169474400000006],[7.895980800000002,54.16944540000001],[7.895847699999999,54.1694347],[7.895678900000003,54.16942850000001],[7.8955946,54.169437300000006],[7.895544900000003,54.1694081],[7.895164199999999,54.1694589],[7.895012699999996,54.16946710000001],[7.894738500000002,54.1694928],[7.894568999999998,54.16951029999999],[7.894228600000003,54.169550699999995],[7.893750100000001,54.16958650000001],[7.893311100000001,54.1696451],[7.893308400000003,54.169666600000006],[7.892183800000001,54.1697855],[7.892109300000003,54.16976689999999],[7.891499800000003,54.16982380000001],[7.8914104000000025,54.169872100000006],[7.891223499999998,54.169861],[7.890953199999998,54.16989860000001],[7.8909169000000015,54.169923299999994],[7.890765800000001,54.1699382],[7.890680099999998,54.16994979999999],[7.890612399999999,54.1699631],[7.890551000000004,54.169981899999996],[7.890485500000002,54.170002],[7.890472799999997,54.1699904],[7.890448200000004,54.1699972],[7.890471400000002,54.1699383],[7.890676599999998,54.16940429999999],[7.890692099999998,54.169338700000004],[7.890651500000001,54.1693327],[7.8906261,54.16931859999998],[7.890557400000001,54.1693099],[7.890495399999998,54.1694712],[7.8904494000000005,54.16953999999999],[7.890442699999999,54.16959400000001],[7.890419399999996,54.1696329],[7.890298700000004,54.16995289999999],[7.8902820999999985,54.17001350000001],[7.890365599999996,54.1700237],[7.890317900000002,54.170186599999994],[7.890237999999998,54.1701794],[7.890238599999998,54.1701733],[7.890225100000002,54.1701728],[7.890207100000003,54.170192299999975],[7.8901891000000015,54.170269899999994],[7.890159699999999,54.1703657],[7.890177199999999,54.17039239999999],[7.8902192000000015,54.17038049999999],[7.890215400000002,54.17037120000001],[7.890249900000001,54.17036439999999],[7.890273499999999,54.1703176],[7.890341699999997,54.17029099999999],[7.890352600000004,54.1702504],[7.890377699999999,54.170240299999996],[7.890430100000001,54.1701774],[7.890457099999997,54.170164099999994],[7.890475100000005,54.17014420000001],[7.890468800000001,54.170138999999985],[7.8905428,54.170079900000005],[7.890603900000001,54.17005730000001],[7.890669699999999,54.1700414],[7.890733100000001,54.1700315],[7.8899682,54.172039999999996],[7.889588800000002,54.17226780000001],[7.889665600000003,54.172064600000006],[7.889695300000003,54.17206650000001],[7.889711299999998,54.172023200000005],[7.889682400000003,54.172019199999994],[7.8897426999999976,54.1718657],[7.8897540999999975,54.171866000000016],[7.889761900000002,54.171841400000005],[7.889759799999999,54.1718168],[7.8897835999999995,54.17180220000001],[7.889738300000003,54.17177430000001],[7.889717300000003,54.17178800000001],[7.8897294,54.171796300000004],[7.889657900000002,54.17179689999999],[7.889652,54.171823700000004],[7.889618900000002,54.17182],[7.889569699999999,54.17188370000001],[7.889522699999999,54.17201140000001],[7.889443200000003,54.17222760000001],[7.8894324,54.1722457],[7.889373199999996,54.1723714],[7.8894009999999986,54.17238160000001],[7.889328999999998,54.17242530000001],[7.889328900000004,54.172403],[7.8893438999999965,54.1723824],[7.889284900000002,54.172358100000004],[7.8892066000000005,54.1724],[7.889177,54.1724761],[7.889133600000003,54.17258329999999],[7.889079099999997,54.1727889],[7.889116200000001,54.172858500000004],[7.889021200000003,54.17301100000002],[7.888981000000001,54.173162500000004],[7.8889252,54.17324279999999],[7.888854700000002,54.1734107],[7.888882499999997,54.1734942],[7.8886753999999994,54.1738472],[7.888702699999998,54.17393200000001],[7.8886363999999976,54.17400980000001],[7.888540100000003,54.1742441],[7.888410200000002,54.17448830000001],[7.888293600000005,54.17457129999999],[7.888315400000001,54.17466739999999],[7.8881343,54.17512709999999],[7.8880797,54.17525020000001],[7.888015600000001,54.17545479999999],[7.887948000000002,54.175558499999994],[7.887895900000002,54.17576600000001],[7.887524800000002,54.17665530000001],[7.887415800000002,54.17696759999999],[7.887442500000001,54.176987100000005],[7.8874901999999985,54.176978600000005],[7.8874483000000035,54.17708689999999],[7.887353599999998,54.177120300000006],[7.886964700000001,54.177250300000004],[7.886409,54.17740959999999],[7.886339000000001,54.1774533],[7.8862169,54.177485399999995],[7.8856652999999985,54.17737150000001],[7.885526900000002,54.17733100000001],[7.884559499999999,54.1771305],[7.884423799999999,54.177109800000004],[7.884220000000002,54.1771151],[7.884023100000002,54.177136100000006],[7.883918100000003,54.1771888],[7.883271,54.17762299999999],[7.882621600000001,54.17811429999999],[7.881857499999997,54.17961770000001],[7.8818154,54.179686299999986],[7.881824999999999,54.1797159],[7.881779500000004,54.17973520000001],[7.8814116999999975,54.1798892],[7.881158300000002,54.180169100000015],[7.8803363999999965,54.181641199999994],[7.880051999999998,54.1821506],[7.879688400000001,54.18238699999999],[7.879688000000003,54.1823871],[7.879195199999999,54.18247579999999],[7.877812099999997,54.18360070000001],[7.877137400000001,54.18457020000002],[7.8753376999999976,54.18542270000001],[7.873872499999999,54.1857742],[7.873842300000002,54.18576790000001],[7.8737281,54.185792899999996],[7.873598100000002,54.18584189999999],[7.873444400000003,54.185896500000005],[7.8734014,54.1858988],[7.873311900000001,54.18596079999999],[7.873222300000002,54.18604710000001],[7.873228799999997,54.18607339999999],[7.872524700000004,54.1865176],[7.872448100000002,54.1865052],[7.872192000000002,54.18670819999999],[7.872180800000001,54.186729099999994],[7.8719934,54.186842199999994],[7.8719477,54.186860100000004],[7.8719219,54.186855],[7.871847800000003,54.18687810000001],[7.871810300000003,54.186921600000005],[7.871815400000003,54.1869415],[7.871752600000001,54.18698869999999],[7.871547500000003,54.18750399999999],[7.8714938000000005,54.18752580000001],[7.871428399999999,54.1875613],[7.869913499999997,54.1877842],[7.869194700000001,54.1878914],[7.8684505000000025,54.18800920000001],[7.8679856,54.18840569999999],[7.867929799999999,54.188453599999995],[7.867886499999997,54.18849029999999],[7.8670934,54.18912420000001],[7.866481600000004,54.189627300000005],[7.866220600000001,54.1898414],[7.8657568999999965,54.1901955],[7.865713400000002,54.190228700000006],[7.864843599999997,54.190759099999994],[7.864864600000003,54.1907726],[7.864883800000001,54.1907839],[7.8657666000000015,54.19025910000001],[7.8658516999999994,54.190195700000004],[7.8662614999999985,54.18989079999999],[7.866339699999998,54.1898277],[7.867988300000004,54.188497700000006],[7.868112399999998,54.188543100000004],[7.868237600000002,54.18843480000002],[7.8681858999999985,54.18833399999998],[7.868524200000002,54.1880495],[7.8694274,54.1879072],[7.869656700000001,54.18787109999999],[7.869675800000002,54.187886400000004],[7.869703800000002,54.187918599999996],[7.869735100000003,54.18798780000001],[7.869752600000003,54.188038800000015],[7.869655400000002,54.188031300000006],[7.869504599999996,54.1881043],[7.869603600000003,54.1881782],[7.869655799999999,54.18820840000001],[7.8697211000000005,54.1882259],[7.869794400000001,54.1882135],[7.869885599999999,54.1881823],[7.869906799999998,54.1881384],[7.869988499999996,54.1881078],[7.870076399999998,54.188094400000004],[7.870343500000002,54.18813189999999],[7.8703474999999985,54.188196800000014],[7.870384900000005,54.1882317],[7.870436700000001,54.188244899999994],[7.8705505,54.18824229999999],[7.870629,54.1882645],[7.870672599999996,54.1883161],[7.870739300000004,54.188392500000006],[7.870815300000006,54.188412799999995],[7.8711625,54.1883505],[7.871249500000001,54.18835030000001],[7.871409000000004,54.18838210000001],[7.871589000000002,54.188407100000006],[7.8717982,54.1884217],[7.872017799999999,54.18841840000001],[7.872307400000001,54.188383900000005],[7.872376899999996,54.188392500000006],[7.8723988999999985,54.1884102],[7.8724756,54.188427700000005],[7.8726256999999995,54.18839950000002],[7.872651099999999,54.1883647],[7.8727482,54.18832559999999],[7.8727696,54.188280600000006],[7.8728453,54.188254699999995],[7.872859900000001,54.1882142],[7.872889800000004,54.188196700000006],[7.872918499999999,54.188232799999994],[7.8730006999999995,54.1882535],[7.873147400000001,54.188248699999995],[7.873317599999997,54.1881923],[7.873447699999997,54.188193600000005],[7.873511500000002,54.1881711],[7.8736134000000035,54.18811989999999],[7.873875100000002,54.1880606],[7.874067299999998,54.18798329999999],[7.874214800000002,54.187980200000005],[7.874263100000004,54.1880131],[7.874407699999999,54.1880367],[7.874635900000002,54.188143399999994],[7.874716300000001,54.18815060000001],[7.874807600000001,54.18813240000001],[7.874984599999999,54.18808529999999],[7.875035600000003,54.18801940000001],[7.875335600000001,54.188002700000006],[7.875505000000002,54.18798140000001],[7.875623400000003,54.18793920000001],[7.875741800000003,54.18786510000001],[7.875908099999998,54.1877395],[7.876052400000003,54.18771029999999],[7.8763048999999965,54.187688599999994],[7.8768762999999975,54.187680199999996],[7.877117299999999,54.187683],[7.8778412999999965,54.1876914],[7.878633499999997,54.1877813],[7.879781000000002,54.18787679999999],[7.880778900000002,54.18794310000001],[7.881878600000005,54.18806840000001],[7.882546900000001,54.188205],[7.8828551,54.1882942],[7.8831466999999975,54.1883966],[7.883473200000004,54.18855],[7.8836528999999995,54.18867080000001],[7.883743700000001,54.18876680000001],[7.883819299999999,54.1889002],[7.883830999999998,54.1889515],[7.883811399999996,54.189042099999995],[7.883790800000002,54.189031899999996],[7.883673199999996,54.18909299999999],[7.8835985999999965,54.18913560000001],[7.883528599999999,54.1891681],[7.883530399999999,54.18918469999999],[7.883253799999997,54.189383800000016],[7.8831414,54.1894701],[7.8831215000000014,54.18952699999999],[7.883159099999997,54.1895632],[7.883236399999999,54.1895774],[7.883315900000001,54.18955019999999],[7.884020599999999,54.18905519999999],[7.884284900000002,54.188861300000006],[7.885186700000001,54.1882632],[7.8852242000000015,54.188273399999986],[7.8852413,54.18826180000001],[7.887758999999997,54.1865513],[7.8903317,54.184834300000006],[7.890779199999998,54.18452740000001],[7.8910130999999994,54.18437029999998],[7.8910321,54.18435399999999],[7.891054700000001,54.18433499999999],[7.891068199999997,54.18431120000001],[7.891065200000001,54.184284500000004],[7.891047700000003,54.1842582],[7.891004900000002,54.18423700000001],[7.890940600000002,54.18422799999999],[7.890877999999997,54.1842392],[7.890803299999998,54.18428930000001],[7.8901967999999965,54.184698499999996],[7.8900160000000055,54.18469660000001],[7.888489200000003,54.1838302],[7.888363100000003,54.18375889999999],[7.888350500000001,54.1837515],[7.8883063000000035,54.18372639999999],[7.888625300000003,54.18354810000001],[7.889695599999999,54.182915699999995],[7.889735900000001,54.182938],[7.889965299999999,54.1830651],[7.889982700000002,54.18307560000001],[7.890283599999998,54.18325780000001],[7.8903240000000014,54.183280499999995],[7.8903602,54.18330090000001],[7.890716399999999,54.1835012],[7.891072100000002,54.1837032],[7.891135600000002,54.18377459999999],[7.891286999999999,54.18397000000001],[7.891356999999999,54.18402720000001],[7.8914549,54.1840769],[7.8915418,54.18402],[7.891407400000002,54.18394260000001],[7.8913369,54.1838631],[7.891283600000005,54.183789299999994],[7.891234800000001,54.1837123],[7.891161499999999,54.18365320000001],[7.891082800000005,54.183610200000004],[7.8908622,54.18347850000001],[7.890808500000003,54.18344640000001],[7.890768099999998,54.18329670000001],[7.8907298000000035,54.18311740000001],[7.890714699999998,54.18290240000002],[7.890721100000004,54.18268700000001],[7.890763500000003,54.1825159],[7.890839500000001,54.18234290000001],[7.8909569999999984,54.1821722],[7.891101800000001,54.181999800000014],[7.8912093000000025,54.1819019],[7.891252999999998,54.18184430000001],[7.891279400000003,54.18178660000002],[7.891303800000002,54.1816867],[7.8913369,54.1814888],[7.891347600000002,54.181359],[7.891357400000003,54.18123959999999],[7.891362199999997,54.18113880000002],[7.8913668999999995,54.181035500000014],[7.891379200000002,54.18096849999999],[7.891411300000002,54.180880200000004],[7.891447900000002,54.180808400000004],[7.8914839000000025,54.1807339],[7.891535299999997,54.180666200000005],[7.8916687,54.18050240000001],[7.891998900000002,54.1802469],[7.892014800000004,54.1802471],[7.8926291000000015,54.179880700000005],[7.892657100000004,54.1798773],[7.893142500000002,54.179585599999996],[7.8931421,54.1795732],[7.892949499999997,54.179457200000016],[7.892923699999999,54.1794586],[7.892860599999997,54.1794954],[7.892863499999999,54.17950450000001],[7.892901199999996,54.1795209],[7.892525300000003,54.17973520000001],[7.8924949000000035,54.1797189],[7.8921629000000015,54.17991670000001],[7.892134800000004,54.179933299999995],[7.8921118,54.179946900000004],[7.8918102999999995,54.1801253],[7.891793099999998,54.1801149],[7.891773200000002,54.180101900000004],[7.891766500000003,54.1800977],[7.891758699999999,54.1800927],[7.891670099999997,54.180036300000005],[7.891639200000001,54.1800542],[7.891603399999999,54.18007479999999],[7.891583900000003,54.1801306],[7.891264700000001,54.1803062],[7.8912498,54.18029829999999],[7.8912359,54.1802908],[7.890962199999998,54.180451],[7.8909397,54.18043790000001],[7.8909265,54.180430300000005],[7.890845999999998,54.180478600000015],[7.890537100000004,54.1806664],[7.890217,54.18052279999999],[7.889800299999998,54.18030130000002],[7.889501200000003,54.18008820000001],[7.889257299999999,54.1798673],[7.889093600000002,54.1796201],[7.888946200000003,54.1793457],[7.8891139999999975,54.179306699999984],[7.889222499999999,54.17926700000001],[7.8893356,54.1792108],[7.889338100000003,54.17919430000001],[7.889329899999998,54.179179100000006],[7.890008300000001,54.179038999999996],[7.889864999999998,54.178796000000006],[7.888345600000001,54.179107],[7.888308600000004,54.17911449999999],[7.888241,54.17898629999999],[7.8881391,54.178793399999996],[7.888075699999998,54.178673300000014],[7.8881076000000006,54.17861510000001],[7.888197500000003,54.1784513],[7.8882868,54.1782882],[7.8883434,54.1781851],[7.888396799999996,54.1781552],[7.888687900000001,54.1779918],[7.8888673,54.17789120000001],[7.8888901,54.1779049],[7.888799400000002,54.177955100000005],[7.8888116,54.177963000000005],[7.888954599999999,54.17788270000001],[7.888885899999998,54.1778388],[7.889246500000001,54.1776496],[7.889306100000001,54.1776863],[7.890575000000004,54.1785049],[7.890536400000001,54.1785194],[7.8905195999999975,54.1785379],[7.890532499999999,54.1785581],[7.890560199999999,54.178568000000006],[7.890590799999999,54.178565099999986],[7.890733099999998,54.17851100000001],[7.8915555,54.1781985],[7.89179,54.1781097],[7.891993600000001,54.178301899999994],[7.892057899999999,54.17836260000001],[7.892045,54.17836890000001],[7.892104299999996,54.1784239],[7.892197200000002,54.1783903],[7.892187,54.17838030000001],[7.892137900000001,54.1783325],[7.892125099999998,54.1783371],[7.891846299999997,54.17806780000001],[7.892214300000004,54.17792450000001],[7.8933431999999994,54.1774968],[7.893562799999998,54.177413],[7.8945447,54.17703840000002],[7.8947901,54.176944799999994],[7.8948114,54.1769638],[7.8971704,54.176066500000005],[7.897161800000002,54.1760572],[7.897158400000004,54.17605349999999],[7.899367000000003,54.175211],[7.899547699999997,54.174635300000006],[7.899660100000002,54.17427709999999],[7.899752500000003,54.17398280000001],[7.899690699999998,54.1739752],[7.899861599999999,54.17343],[7.899943099999997,54.1734357],[7.900031000000002,54.17313349999999],[7.9001626000000025,54.17274270000001],[7.900139200000003,54.172712600000004],[7.899905899999999,54.17241769999999],[7.899583600000003,54.1719977],[7.8992144999999985,54.1719173],[7.898208100000003,54.172147],[7.898085200000003,54.1721751]]],[[[7.906934399999997,54.1822683],[7.906957099999997,54.182207600000005],[7.907021199999998,54.18215229999999],[7.907124400000001,54.1820741],[7.907713,54.1815184],[7.907972800000002,54.1812815],[7.908127999999999,54.181114],[7.908319999999998,54.180884600000006],[7.908514300000001,54.1807097],[7.9086313,54.18059869999999],[7.908883399999997,54.1804779],[7.908949300000002,54.18043910000001],[7.909091500000002,54.180395600000004],[7.9094562999999996,54.1803361],[7.909934399999998,54.180304400000004],[7.910361399999998,54.18028709999999],[7.9108662999999995,54.18026400000001],[7.910998500000001,54.1802565],[7.9111486000000015,54.1802193],[7.911260299999999,54.18016080000001],[7.911585400000003,54.18002659999999],[7.9123309,54.179701300000005],[7.912404100000001,54.1796811],[7.9124874000000025,54.17961520000001],[7.912479900000002,54.1796038],[7.912443799999998,54.17960430000001],[7.912336500000003,54.17964090000001],[7.912091699999999,54.1797414],[7.911809600000003,54.1798745],[7.911721299999998,54.1799038],[7.911616000000004,54.17995950000001],[7.911365199999998,54.1800496],[7.911073100000002,54.18017890000001],[7.910859800000001,54.180209500000004],[7.910223400000002,54.1802439],[7.909489699999998,54.1802825],[7.9092549,54.18031310000001],[7.9090936,54.1803443],[7.908914900000002,54.18038059999999],[7.908687700000001,54.180500699999996],[7.908534800000003,54.18059290000001],[7.908208999999999,54.1809],[7.9077934,54.181369800000006],[7.9076043999999985,54.1815234],[7.907095500000001,54.1820012],[7.906931200000001,54.182133900000004],[7.906856700000001,54.1821983],[7.906689899999998,54.1822343],[7.906120900000002,54.1822648],[7.905682899999999,54.1822219],[7.9053603,54.18223420000002],[7.905133199999998,54.18222810000001],[7.904720100000002,54.18225],[7.9045026000000025,54.182292100000005],[7.904421699999999,54.182326200000006],[7.904433500000001,54.1823766],[7.9044681999999975,54.1823953],[7.904702300000003,54.1823533],[7.905126399999999,54.18231350000001],[7.905497500000001,54.1823146],[7.905784500000004,54.1823317],[7.906117300000002,54.18236809999998],[7.906151699999997,54.18240680000002],[7.906180199999999,54.1824679],[7.906207799999999,54.1825436],[7.906147600000002,54.1828483],[7.905919299999998,54.1830706],[7.904259200000001,54.1846437],[7.904317100000002,54.18467379999999],[7.904204500000001,54.18477990000002],[7.903959999999999,54.18468670000001],[7.903842999999998,54.1846421],[7.903729600000004,54.184600100000004],[7.903704099999999,54.1846237],[7.903671800000004,54.18465340000001],[7.903653299999999,54.1846699],[7.903437299999999,54.184871900000005],[7.903395499999999,54.18491089999999],[7.9033631000000035,54.18494530000001],[7.903320300000001,54.1849907],[7.9034233,54.1850276],[7.903473000000002,54.184984499999985],[7.9035103,54.1849522],[7.903550999999997,54.18491229999999],[7.903760099999999,54.184720299999995],[7.903785499999997,54.184718499999995],[7.904127800000004,54.18484589999999],[7.903740900000002,54.1852158],[7.903176900000004,54.1857568],[7.903133200000004,54.18574159999999],[7.902104099999996,54.185370400000004],[7.9015534,54.185171799999985],[7.901514300000005,54.18514040000001],[7.9014198,54.1851242],[7.901057700000001,54.1849894],[7.9009082,54.184668],[7.9019589,54.183603100000006],[7.902790799999998,54.18271539999999],[7.902788400000002,54.182693500000006],[7.902771300000004,54.1826773],[7.902724,54.18266969999999],[7.902686599999999,54.1826792],[7.902411100000002,54.18297590000002],[7.902331600000005,54.18303670000001],[7.902285199999998,54.18308710000001],[7.902252000000002,54.183144],[7.901861000000004,54.183569299999995],[7.900887199999998,54.1845527],[7.900730799999999,54.18464939999999],[7.9006184000000035,54.18475910000001],[7.900559500000002,54.18481670000001],[7.900542900000002,54.1848329],[7.900566499999999,54.184891500000006],[7.902042699999999,54.1854282],[7.902162799999998,54.18547240000001],[7.902177499999999,54.18547780000001],[7.902193200000003,54.185483600000005],[7.9022831,54.18551660000001],[7.902292899999998,54.18554040000001],[7.902979300000001,54.1857852],[7.903058300000002,54.18581400000001],[7.902520400000002,54.1863173],[7.902142599999998,54.186702200000006],[7.901947200000002,54.1868585],[7.9014131000000045,54.18736539999999],[7.9006574,54.18805110000001],[7.899838800000002,54.1888263],[7.899667499999997,54.1890156],[7.899335300000002,54.189291000000004],[7.899315500000004,54.1893372],[7.899370900000002,54.1893465],[7.8995843999999975,54.1892007],[7.899730700000004,54.189089700000004],[7.900299099999999,54.1885382],[7.901511300000001,54.18744200000001],[7.901841299999997,54.18709950000001],[7.902107899999996,54.18685620000001],[7.902281700000001,54.18671770000001],[7.9025309,54.186695099999994],[7.902639000000002,54.18667980000001],[7.902846900000002,54.18666269999999],[7.9031569,54.186645900000016],[7.903630800000003,54.18663310000001],[7.903942200000002,54.18663360000001],[7.904171900000002,54.18663969999999],[7.904335700000004,54.18664789999999],[7.904492199999997,54.18666180000002],[7.904677800000003,54.186684799999995],[7.904888199999998,54.1867209],[7.905062600000003,54.186743100000015],[7.9053163999999985,54.18676490000001],[7.905570199999999,54.18679509999999],[7.9062954,54.1868746],[7.906467199999996,54.1868959],[7.906731100000005,54.18694500000001],[7.907026199999999,54.186992000000004],[7.907292600000003,54.187027799999996],[7.907642599999999,54.18708949999999],[7.9081158000000045,54.187195499999994],[7.9084378,54.18727050000001],[7.9088761000000005,54.1873785],[7.909049399999998,54.1874314],[7.9092360000000035,54.1874863],[7.909552199999997,54.18759730000002],[7.909812200000001,54.18766990000001],[7.910089199999997,54.1877564],[7.9103784000000035,54.18785810000001],[7.910657900000003,54.18796740000001],[7.910791000000001,54.1880399],[7.910978000000002,54.18817250000001],[7.9111028999999995,54.1882528],[7.911203099999997,54.18833320000001],[7.911298599999997,54.1883861],[7.911401500000002,54.1884323],[7.911601900000002,54.188505899999996],[7.911733199999996,54.1885484],[7.911855000000001,54.1885754],[7.911981299999997,54.1886156],[7.912144900000002,54.18866779999999],[7.912307499999996,54.188716199999995],[7.9124805000000045,54.18875340000001],[7.912673699999997,54.1887949],[7.912901200000001,54.1888328],[7.913087500000003,54.1888718],[7.913305500000003,54.1889132],[7.913569100000004,54.18894879999999],[7.913876300000003,54.188989899999996],[7.914145299999998,54.1890143],[7.914501999999999,54.18903260000001],[7.9149578,54.189062799999995],[7.915139700000001,54.18907790000001],[7.915445899999998,54.18911539999999],[7.9157691,54.189154599999995],[7.915947200000003,54.1891703],[7.916262899999999,54.1891711],[7.916547999999999,54.1892014],[7.916733899999997,54.1892159],[7.9168752,54.189221599999996],[7.917134100000003,54.18925900000001],[7.917293500000001,54.189266100000005],[7.917745899999997,54.1893105],[7.918053500000003,54.1893498],[7.918285699999999,54.189377900000004],[7.918742499999996,54.18944640000001],[7.919079299999997,54.1895225],[7.919345300000001,54.189605400000005],[7.9194761999999965,54.18965589999999],[7.919561400000002,54.1896815],[7.920401799999999,54.19061650000001],[7.920438500000002,54.1906975],[7.920319499999998,54.190798100000016],[7.920262100000002,54.1907738],[7.920191799999999,54.19083070000001],[7.920247799999999,54.1908544],[7.920195300000003,54.1909045],[7.9197926999999995,54.19128489999999],[7.919516800000002,54.19155580000001],[7.9194094,54.19166890000001],[7.919391599999998,54.19171159999999],[7.9194049999999985,54.1917198],[7.919457900000003,54.191714],[7.919524299999999,54.1916648],[7.919913300000001,54.19129300000001],[7.9202629000000035,54.1909774],[7.9205684000000005,54.190757200000014],[7.9206136,54.19070700000001],[7.9206232999999955,54.190688099999996],[7.9206572000000035,54.19064389999999],[7.921414800000005,54.18990610000001],[7.921434100000002,54.189866899999984],[7.921391600000001,54.189857200000006],[7.921329599999999,54.189877],[7.921075999999998,54.1900856],[7.920919899999997,54.19025080000001],[7.920761099999998,54.1903761],[7.920648299999999,54.1905067],[7.920567900000003,54.1905511],[7.920487200000004,54.1905485],[7.920405899999999,54.19047840000001],[7.920581000000001,54.1903751],[7.9206647,54.1903363],[7.920717500000004,54.1902961],[7.920704300000001,54.1902348],[7.920667299999998,54.190194300000016],[7.9205448999999994,54.19009790000001],[7.920390499999999,54.190008799999994],[7.9202027,54.1898758],[7.9201013000000025,54.1897798],[7.920051899999998,54.1896973],[7.920001499999997,54.18959650000001],[7.919944200000003,54.1894588],[7.919904800000003,54.18933969999999],[7.919891500000002,54.18919270000001],[7.9199094999999975,54.1891],[7.919960700000003,54.1889896],[7.920065799999999,54.188821000000004],[7.920169200000001,54.18871010000001],[7.920283000000001,54.1886489],[7.920371100000004,54.1885635],[7.9203985999999995,54.1885252],[7.920379700000005,54.1885124],[7.920247000000001,54.18850739999999],[7.920073000000001,54.1884839],[7.919792000000002,54.188376700000006],[7.9195709,54.1882564],[7.919351899999998,54.188122199999995],[7.919248599999999,54.18803530000002],[7.919107299999999,54.18788260000001],[7.9190404999999995,54.187783200000005],[7.919002099999999,54.18767170000001],[7.918940400000002,54.187542399999984],[7.918830700000003,54.187371000000006],[7.918733999999998,54.187239399999996],[7.918616500000001,54.18713180000001],[7.918537900000002,54.18704040000001],[7.918436499999998,54.1869715],[7.918307600000001,54.186894300000006],[7.918150900000002,54.18677509999999],[7.918001200000002,54.1866549],[7.9178145,54.186474600000004],[7.917708299999999,54.1863275],[7.917582899999998,54.18618680000001],[7.917518500000002,54.18609800000001],[7.917435000000001,54.18595100000001],[7.917356400000001,54.1858202],[7.917278499999999,54.185690500000014],[7.9171913,54.18557589999999],[7.917099300000005,54.18543879999999],[7.917003900000002,54.18528529999999],[7.916937000000001,54.18513050000001],[7.916853599999998,54.1849221],[7.916827999999998,54.1848301],[7.916791900000002,54.18475269999999],[7.916773000000001,54.1846573],[7.916753500000004,54.184558],[7.916737899999998,54.184440900000006],[7.916749200000001,54.184293700000005],[7.916770999999998,54.18409689999999],[7.916792799999999,54.183945],[7.916854499999999,54.18377960000001],[7.916934499999999,54.1836272],[7.917016499999997,54.1834957],[7.917104800000003,54.1833968],[7.917442200000001,54.18314440000001],[7.917602699999999,54.1830572],[7.9177419,54.1829937],[7.917900399999998,54.1829102],[7.917987999999999,54.1828487],[7.918119500000001,54.18274379999999],[7.918183000000001,54.1826815],[7.918209699999999,54.18263100000001],[7.9182125,54.18258230000001],[7.918204300000001,54.1825522],[7.918172800000001,54.1825008],[7.918059699999998,54.18242459999999],[7.917960300000003,54.18236670000001],[7.917874099999997,54.18229840000001],[7.917820999999999,54.18221400000001],[7.917805800000002,54.1820945],[7.918004399999998,54.181926],[7.918172900000003,54.1817796],[7.918256699999998,54.18182540000001],[7.918302000000004,54.18189389999999],[7.918479200000001,54.1823679],[7.918572500000003,54.18259259999999],[7.9186362000000035,54.182791400000006],[7.918726499999998,54.1830703],[7.918862099999999,54.18341610000002],[7.918882200000003,54.183436199999996],[7.918925300000003,54.1834348],[7.918935600000004,54.1834012],[7.918573500000005,54.1823693],[7.918349500000002,54.18176340000001],[7.918301400000001,54.18166819999999],[7.918282099999997,54.1816345],[7.918293500000002,54.18162410000001],[7.918308300000002,54.1815644],[7.918303400000002,54.181481],[7.918238899999999,54.18138249999999],[7.918105499999999,54.181254],[7.917907399999996,54.18113820000001],[7.917625700000003,54.1809847],[7.917372200000002,54.1808906],[7.9173377999999985,54.1809083],[7.917364100000001,54.18096319999999],[7.9174522000000005,54.18103070000001],[7.917539499999999,54.18107620000001],[7.917719100000004,54.181166299999994],[7.917847100000003,54.181250800000015],[7.9179939,54.181338700000005],[7.918058000000001,54.1814016],[7.918098000000001,54.1814715],[7.918045099999999,54.181537299999995],[7.917961400000002,54.181610899999995],[7.9178567000000015,54.1816913],[7.917738400000005,54.1817684],[7.917592700000003,54.18184970000001],[7.9174391000000055,54.1819019],[7.917217400000002,54.18196460000001],[7.916969700000001,54.1820157],[7.916777099999999,54.1820501],[7.916576600000001,54.18207890000001],[7.916426900000001,54.182094600000006],[7.916149900000003,54.18211569999998],[7.9159640999999965,54.18212139999999],[7.915647699999999,54.182119400000005],[7.915387000000001,54.182131],[7.915083499999997,54.182131600000005],[7.914695000000004,54.1821358],[7.9145082000000055,54.1821265],[7.914296599999998,54.1821267],[7.914125399999999,54.1821183],[7.9138869000000005,54.182107699999996],[7.913640500000002,54.18209010000001],[7.913386100000002,54.18207389999999],[7.913127800000001,54.1820495],[7.912923700000003,54.182017],[7.912712000000003,54.1819749],[7.912452300000002,54.181932700000004],[7.912188000000004,54.18188320000001],[7.9119011,54.1818195],[7.911615800000002,54.181760000000004],[7.9113352000000035,54.1817063],[7.911207600000003,54.181680000000014],[7.910967400000002,54.181630899999995],[7.9107572,54.181585299999995],[7.910527399999998,54.1815414],[7.9102663,54.18148070000001],[7.910150599999998,54.1814579],[7.9100019999999995,54.1814464],[7.909896100000001,54.181457300000005],[7.909575900000003,54.1815361],[7.909386599999999,54.18157580000001],[7.909253200000001,54.1816128],[7.909139300000001,54.1816311],[7.908961199999999,54.181687499999995],[7.908700699999998,54.1817883],[7.908550900000002,54.18184],[7.908242400000003,54.18196639999999],[7.908103500000002,54.182012900000004],[7.9079694999999965,54.18204419999999],[7.907825200000001,54.1820876],[7.907438300000004,54.182217],[7.9072749999999985,54.182263700000014],[7.907216699999998,54.18228810000001],[7.906934399999997,54.1822683]]]]}}]}