{
  "type": "FeatureCollection",
  "name": "pandolab-german-empire-1914-modern-coast-working-base-r3",
  "crs": {
    "type": "name",
    "properties": {
      "name": "EPSG:4326"
    }
  },
  "features": [
    {
      "type": "Feature",
      "id": "historical-country:deutsches-reich:1914-base-r1",
      "properties": {
        "name": "Deutsches Reich",
        "englishName": "German Empire",
        "referenceDate": "1914-07-31",
        "status": "working-base-modern-coast-not-final",
        "sourceBasis": "HistoGIS German Empire 1871-02-27..1919-12-31 (CC BY 4.0)",
        "hgisAlignment": "Compared against OSHistory hgis-germany-transformer correction lines; source already aligns substantially closer to correction targets, so the transform is not applied a second time.",
        "heligolandPatch": "High-resolution modern coastlines: Helgoland from Pleiades-preserved OSM relation 3787052; Düne from OSM way 273992076.",
        "heligoland1914GeometryStatus": {
          "status": "provisional-modern-proxy",
          "periodReferenceDate": "1914-07-31",
          "historicalIslandOutlinesDigitized": false,
          "modernComponents": ["Helgoland Hauptinsel", "Düne"],
          "auditedEvidence": "tools/historical-library/working/german-empire-1914-helgoland-temporal-qa.json",
          "doNotTreatAsVerified1914Shoreline": true
        },
        "refinementRequired": true,
        "sourceLicense": "HistoGIS CC BY 4.0; OSM-derived island coastlines ODbL 1.0",
        "normalization": "Removed consecutive duplicate coordinates from source geometry where present; no shape-altering simplification applied.",
        "coastlineRefinement": {
          "northSeaDollartToJade": {
            "revision": "r1",
            "method": "Conservative densification of the 1914 HistoGIS skeleton with processed OpenStreetMap coastline points only where the current coastline lies within 150 m of the historical skeleton segment; changed/reclaimed/harbour/estuary areas outside the threshold remain on the historical line.",
            "historicalBasis": "HistoGIS German Empire 1871-1919 working skeleton; period control maps: Preußische Landesaufnahme/TK25 1877-1912.",
            "detailSource": "OpenStreetMap processed coastline (coastlines-split-4326/lines.shp)",
            "detailLicense": "ODbL 1.0",
            "attribution": "© OpenStreetMap contributors",
            "thresholdMetres": 150,
            "historicalSectorPoints": 177,
            "refinedSectorPoints": 1336,
            "insertedCurrentPoints": 1160,
            "rejectedCurrentPoints": 2584
          }
        },
        "coastlineMode": "Modern high-resolution website coastline for DEU/DNK/POL/RUS/LTU; intended for later replacement with reconstructed 1914 shoreline.",
        "coastlineSource": "assets/data/countries-ne-5.1.1.geojson (current website canonical geometry)",
        "landBorderMode": "Existing historical working-base land borders retained; four coast/land junction vertices snapped to modern coastline.",
        "notes": [
          "INTERIM geometry: modern coastline + historical working-base land borders.",
          "North Sea modern coast: Netherlands/Germany coast junction to 1914 North Schleswig west land-border endpoint.",
          "Baltic modern coast: 1914 North Schleswig east land-border endpoint to the 1914 German/Russian coast endpoint north of Memel.",
          "Codex shoreline pass should later replace only the modern coastline portions with reconstructed 1914 shoreline and re-snap the four coastal land-border terminals.",
          "Als is explicitly taken from the modern Danish geometry because it was part of the German Empire in 1914."
        ]
      },
      "geometry": {
        "type": "MultiPolygon",
        "coordinates": [
          [
            [
              [
                8.659353,
                55.305813
              ],
              [
                8.729541861425535,
                55.26992979267128
              ],
              [
                8.765016415583641,
                55.26909178914205
              ],
              [
                8.789476097606213,
                55.27568394913906
              ],
              [
                8.826418851329423,
                55.26951544426757
              ],
              [
                8.827697073714608,
                55.269419136746
              ],
              [
                8.836173428328573,
                55.26733135171807
              ],
              [
                8.849188997777004,
                55.26600389372143
              ],
              [
                8.857916982690929,
                55.26622885756218
              ],
              [
                8.873773282086031,
                55.27115515287336
              ],
              [
                8.888131562999114,
                55.27697285826744
              ],
              [
                8.905740929146335,
                55.2781291051384
              ],
              [
                8.919199879601752,
                55.2883314215588
              ],
              [
                8.927227003792042,
                55.2958795957541
              ],
              [
                8.914548145951478,
                55.30929145537656
              ],
              [
                8.914171516570232,
                55.30953373765514
              ],
              [
                8.913882913713348,
                55.30980923345189
              ],
              [
                8.899525632580227,
                55.32014649006361
              ],
              [
                8.902968058427335,
                55.34282633421795
              ],
              [
                8.884617219487172,
                55.35068235960134
              ],
              [
                8.877715569876349,
                55.35882919836479
              ],
              [
                8.880232566594096,
                55.36662275889766
              ],
              [
                8.889514795027981,
                55.36804864206852
              ],
              [
                8.887829818689326,
                55.38950376830827
              ],
              [
                8.900846028852687,
                55.39933480024528
              ],
              [
                8.921081639392355,
                55.41023499973313
              ],
              [
                8.921556541926467,
                55.41049098822257
              ],
              [
                8.933739135499572,
                55.41704863670719
              ],
              [
                8.953805757531267,
                55.42872052569086
              ],
              [
                8.958792835708485,
                55.43102691486418
              ],
              [
                8.974647728419264,
                55.43705345395177
              ],
              [
                8.992744853468427,
                55.43825166072728
              ],
              [
                9.032132947589226,
                55.43731199121574
              ],
              [
                9.07472998637076,
                55.43229226124527
              ],
              [
                9.08029588649742,
                55.43163530292913
              ],
              [
                9.111293106640352,
                55.43294177390547
              ],
              [
                9.11615269707051,
                55.43478515738573
              ],
              [
                9.145851855986418,
                55.44025670938026
              ],
              [
                9.1702539764813,
                55.44791639429347
              ],
              [
                9.172067887349534,
                55.44799947844245
              ],
              [
                9.187724476792827,
                55.44550750846962
              ],
              [
                9.206236910045991,
                55.43808459583988
              ],
              [
                9.218304998644957,
                55.43175261833964
              ],
              [
                9.21437846028175,
                55.42403964790385
              ],
              [
                9.214423142073388,
                55.42396164826307
              ],
              [
                9.229618270498316,
                55.40686735593975
              ],
              [
                9.230552019421337,
                55.40648664911129
              ],
              [
                9.260292559806471,
                55.39436773063419
              ],
              [
                9.285225148704804,
                55.38545983443879
              ],
              [
                9.301435582026349,
                55.37966375066139
              ],
              [
                9.30179916596098,
                55.37938999464274
              ],
              [
                9.309056798615947,
                55.37893334968012
              ],
              [
                9.330238650328631,
                55.37808243940498
              ],
              [
                9.332373379967201,
                55.37746160386786
              ],
              [
                9.351533349913591,
                55.37188803526522
              ],
              [
                9.364693690400138,
                55.36860597808165
              ],
              [
                9.372308714812153,
                55.36710539159079
              ],
              [
                9.379207152474999,
                55.37010704018413
              ],
              [
                9.395370407623513,
                55.38215060954943
              ],
              [
                9.4360358560614,
                55.38354637874797
              ],
              [
                9.445048523304584,
                55.38121212407971
              ],
              [
                9.455891192875079,
                55.38135290112288
              ],
              [
                9.464529470466163,
                55.38367613710958
              ],
              [
                9.49391172920716,
                55.37871977777625
              ],
              [
                9.5098159116202,
                55.37603307360745
              ],
              [
                9.539485740201272,
                55.37276199619063
              ],
              [
                9.576119097954658,
                55.37111686533111
              ],
              [
                9.599294,
                55.373358
              ],
              [
                9.600841,
                55.365912
              ],
              [
                9.621104,
                55.358547
              ],
              [
                9.633474,
                55.351996
              ],
              [
                9.645274,
                55.342719
              ],
              [
                9.648285,
                55.332913
              ],
              [
                9.634613,
                55.325019
              ],
              [
                9.634613,
                55.317572
              ],
              [
                9.644867,
                55.31094
              ],
              [
                9.681895,
                55.274644
              ],
              [
                9.694184,
                55.271633
              ],
              [
                9.706065,
                55.265082
              ],
              [
                9.710297,
                55.248684
              ],
              [
                9.706554,
                55.237006
              ],
              [
                9.699474,
                55.229804
              ],
              [
                9.692882,
                55.221015
              ],
              [
                9.689789,
                55.204901
              ],
              [
                9.684418,
                55.197577
              ],
              [
                9.67156,
                55.19245
              ],
              [
                9.655772,
                55.189439
              ],
              [
                9.6421,
                55.188422
              ],
              [
                9.583344,
                55.194648
              ],
              [
                9.569835,
                55.192532
              ],
              [
                9.561534,
                55.187201
              ],
              [
                9.554942,
                55.180569
              ],
              [
                9.545909,
                55.17414
              ],
              [
                9.521821,
                55.165432
              ],
              [
                9.507172,
                55.161933
              ],
              [
                9.494395,
                55.160549
              ],
              [
                9.486339,
                55.156236
              ],
              [
                9.486339,
                55.147406
              ],
              [
                9.49464,
                55.140082
              ],
              [
                9.511892,
                55.140082
              ],
              [
                9.511892,
                55.133205
              ],
              [
                9.482432,
                55.133775
              ],
              [
                9.468761,
                55.131781
              ],
              [
                9.456554,
                55.125718
              ],
              [
                9.466645,
                55.121405
              ],
              [
                9.479177,
                55.119696
              ],
              [
                9.508067,
                55.119534
              ],
              [
                9.521332,
                55.115871
              ],
              [
                9.535818,
                55.106879
              ],
              [
                9.559581,
                55.085395
              ],
              [
                9.533702,
                55.065823
              ],
              [
                9.516612,
                55.056545
              ],
              [
                9.498057,
                55.050686
              ],
              [
                9.452403,
                55.045356
              ],
              [
                9.434337,
                55.037543
              ],
              [
                9.442882,
                55.023383
              ],
              [
                9.455251,
                55.023179
              ],
              [
                9.511892,
                55.036363
              ],
              [
                9.537364,
                55.035386
              ],
              [
                9.545909,
                55.036363
              ],
              [
                9.553233,
                55.039618
              ],
              [
                9.560232,
                55.04442
              ],
              [
                9.568533,
                55.048774
              ],
              [
                9.579926,
                55.050686
              ],
              [
                9.601573,
                55.045396
              ],
              [
                9.641856,
                55.019721
              ],
              [
                9.662608,
                55.009711
              ],
              [
                9.71754,
                55.001166
              ],
              [
                9.730968,
                54.995429
              ],
              [
                9.738617,
                54.980862
              ],
              [
                9.760753,
                54.904975
              ],
              [
                9.763194,
                54.900458
              ],
              [
                9.761567,
                54.897406
              ],
              [
                9.751964,
                54.893012
              ],
              [
                9.737071,
                54.892768
              ],
              [
                9.722992,
                54.89765
              ],
              [
                9.711436,
                54.898586
              ],
              [
                9.703461,
                54.886176
              ],
              [
                9.715994,
                54.883775
              ],
              [
                9.727875,
                54.879462
              ],
              [
                9.737804,
                54.873521
              ],
              [
                9.744477,
                54.866278
              ],
              [
                9.748302,
                54.857856
              ],
              [
                9.750255,
                54.846259
              ],
              [
                9.745942,
                54.836005
              ],
              [
                9.731212,
                54.831529
              ],
              [
                9.719574,
                54.835842
              ],
              [
                9.705333,
                54.85456
              ],
              [
                9.696625,
                54.858873
              ],
              [
                9.65504,
                54.857082
              ],
              [
                9.6421,
                54.858873
              ],
              [
                9.623302,
                54.865302
              ],
              [
                9.624685,
                54.869289
              ],
              [
                9.632823,
                54.873114
              ],
              [
                9.634613,
                54.87934
              ],
              [
                9.616954,
                54.894232
              ],
              [
                9.610362,
                54.903225
              ],
              [
                9.617524,
                54.907294
              ],
              [
                9.644216,
                54.913275
              ],
              [
                9.638845,
                54.92475
              ],
              [
                9.615001,
                54.932685
              ],
              [
                9.586762,
                54.92772
              ],
              [
                9.581228,
                54.92178
              ],
              [
                9.568044,
                54.901435
              ],
              [
                9.556814,
                54.890326
              ],
              [
                9.550548,
                54.882717
              ],
              [
                9.545909,
                54.87934
              ],
              [
                9.538341,
                54.877916
              ],
              [
                9.522146,
                54.879299
              ],
              [
                9.515147,
                54.875922
              ],
              [
                9.498057,
                54.864325
              ],
              [
                9.456391,
                54.843817
              ],
              [
                9.442882,
                54.831529
              ],
              [
                9.43629,
                54.810452
              ],
              [
                9.437503,
                54.810411
              ],
              [
                9.451427,
                54.81037
              ],
              [
                9.510997,
                54.827826
              ],
              [
                9.529959,
                54.841498
              ],
              [
                9.554373,
                54.847113
              ],
              [
                9.566905,
                54.860175
              ],
              [
                9.579926,
                54.866278
              ],
              [
                9.583181,
                54.830268
              ],
              [
                9.631602,
                54.819892
              ],
              [
                9.693044,
                54.81802
              ],
              [
                9.73463,
                54.807318
              ],
              [
                9.752126,
                54.799628
              ],
              [
                9.778087,
                54.793158
              ],
              [
                9.801768,
                54.783393
              ],
              [
                9.812185,
                54.766059
              ],
              [
                9.823741,
                54.756741
              ],
              [
                9.849864,
                54.759345
              ],
              [
                9.895356,
                54.769477
              ],
              [
                9.891449,
                54.790269
              ],
              [
                9.91505,
                54.791205
              ],
              [
                9.94752,
                54.779527
              ],
              [
                9.97047,
                54.762641
              ],
              [
                9.984141,
                54.728502
              ],
              [
                9.990489,
                54.720526
              ],
              [
                9.999522,
                54.712958
              ],
              [
                10.01824,
                54.701239
              ],
              [
                10.005382,
                54.695502
              ],
              [
                9.992198,
                54.696479
              ],
              [
                9.979828,
                54.699774
              ],
              [
                9.97047,
                54.701239
              ],
              [
                9.971039,
                54.699042
              ],
              [
                9.9463,
                54.687649
              ],
              [
                9.943126,
                54.687567
              ],
              [
                9.936697,
                54.685004
              ],
              [
                9.932384,
                54.685248
              ],
              [
                9.929942,
                54.683092
              ],
              [
                9.929454,
                54.673896
              ],
              [
                9.944102,
                54.673326
              ],
              [
                9.970225,
                54.677924
              ],
              [
                9.996349,
                54.678778
              ],
              [
                10.011404,
                54.66706
              ],
              [
                10.022146,
                54.672431
              ],
              [
                10.033539,
                54.672919
              ],
              [
                10.039073,
                54.666815
              ],
              [
                10.031912,
                54.652777
              ],
              [
                10.036957,
                54.638902
              ],
              [
                10.037608,
                54.619086
              ],
              [
                10.031912,
                54.577704
              ],
              [
                10.026866,
                54.559963
              ],
              [
                10.02003,
                54.545844
              ],
              [
                10.010427,
                54.534329
              ],
              [
                9.997813,
                54.523668
              ],
              [
                9.965587,
                54.506171
              ],
              [
                9.925304,
                54.493109
              ],
              [
                9.882009,
                54.484849
              ],
              [
                9.840099,
                54.482123
              ],
              [
                9.840099,
                54.475287
              ],
              [
                9.883311,
                54.462104
              ],
              [
                10.124685,
                54.495754
              ],
              [
                10.143403,
                54.491848
              ],
              [
                10.203868,
                54.461005
              ],
              [
                10.18393,
                54.449368
              ],
              [
                10.183849,
                54.438422
              ],
              [
                10.191742,
                54.426174
              ],
              [
                10.197032,
                54.410102
              ],
              [
                10.191254,
                54.396715
              ],
              [
                10.177094,
                54.384263
              ],
              [
                10.159028,
                54.375312
              ],
              [
                10.141775,
                54.37226
              ],
              [
                10.144379,
                54.370022
              ],
              [
                10.147797,
                54.368313
              ],
              [
                10.148285,
                54.36518
              ],
              [
                10.141775,
                54.358588
              ],
              [
                10.152517,
                54.351793
              ],
              [
                10.155528,
                54.343411
              ],
              [
                10.151622,
                54.33397
              ],
              [
                10.141775,
                54.324408
              ],
              [
                10.163748,
                54.329169
              ],
              [
                10.180349,
                54.341132
              ],
              [
                10.203868,
                54.37226
              ],
              [
                10.217133,
                54.405422
              ],
              [
                10.224376,
                54.413804
              ],
              [
                10.234386,
                54.417711
              ],
              [
                10.272146,
                54.420071
              ],
              [
                10.285818,
                54.42475
              ],
              [
                10.292491,
                54.430162
              ],
              [
                10.297618,
                54.435736
              ],
              [
                10.306895,
                54.441107
              ],
              [
                10.31837,
                54.443305
              ],
              [
                10.36085,
                54.441107
              ],
              [
                10.382823,
                54.43476
              ],
              [
                10.44337,
                54.406399
              ],
              [
                10.601085,
                54.365424
              ],
              [
                10.690196,
                54.31623
              ],
              [
                10.731293,
                54.310207
              ],
              [
                10.77711,
                54.315131
              ],
              [
                10.810802,
                54.327379
              ],
              [
                10.867931,
                54.358588
              ],
              [
                10.90089,
                54.371039
              ],
              [
                10.935313,
                54.379543
              ],
              [
                11.018809,
                54.385891
              ],
              [
                11.018809,
                54.379096
              ],
              [
                11.000824,
                54.378567
              ],
              [
                10.975841,
                54.378404
              ],
              [
                10.993175,
                54.373847
              ],
              [
                11.010509,
                54.377183
              ],
              [
                11.033946,
                54.367621
              ],
              [
                11.104177,
                54.39289
              ],
              [
                11.135509,
                54.385891
              ],
              [
                11.098399,
                54.361518
              ],
              [
                11.087738,
                54.351752
              ],
              [
                11.081798,
                54.354641
              ],
              [
                11.06658,
                54.358588
              ],
              [
                11.077403,
                54.342231
              ],
              [
                11.086599,
                54.302436
              ],
              [
                11.094493,
                54.283515
              ],
              [
                11.087087,
                54.270901
              ],
              [
                11.087738,
                54.253892
              ],
              [
                11.094493,
                54.225084
              ],
              [
                11.09018,
                54.207994
              ],
              [
                11.080577,
                54.198879
              ],
              [
                11.070974,
                54.192572
              ],
              [
                11.06658,
                54.183905
              ],
              [
                10.95045,
                54.139472
              ],
              [
                10.91033,
                54.109198
              ],
              [
                10.892833,
                54.102525
              ],
              [
                10.852387,
                54.094306
              ],
              [
                10.844574,
                54.094468
              ],
              [
                10.836111,
                54.089993
              ],
              [
                10.829356,
                54.092841
              ],
              [
                10.822276,
                54.097357
              ],
              [
                10.813324,
                54.097886
              ],
              [
                10.805431,
                54.094875
              ],
              [
                10.801443,
                54.092231
              ],
              [
                10.762869,
                54.05683
              ],
              [
                10.752615,
                54.050116
              ],
              [
                10.752615,
                54.043891
              ],
              [
                10.76588,
                54.024359
              ],
              [
                10.780447,
                54.009955
              ],
              [
                10.799653,
                54.000556
              ],
              [
                10.826915,
                53.995429
              ],
              [
                10.865571,
                53.997789
              ],
              [
                10.875499,
                53.995429
              ],
              [
                10.882579,
                53.985053
              ],
              [
                10.883556,
                53.973131
              ],
              [
                10.88738,
                53.963935
              ],
              [
                10.90211,
                53.961371
              ],
              [
                10.906016,
                53.961208
              ],
              [
                10.917654,
                53.960761
              ],
              [
                10.922618,
                53.961371
              ],
              [
                10.935395,
                53.967271
              ],
              [
                10.964692,
                53.985419
              ],
              [
                10.981212,
                53.989244
              ],
              [
                11.000255,
                53.991604
              ],
              [
                11.053477,
                54.00849
              ],
              [
                11.175059,
                54.018012
              ],
              [
                11.183849,
                54.016018
              ],
              [
                11.190766,
                54.010321
              ],
              [
                11.197276,
                53.996243
              ],
              [
                11.204356,
                53.989244
              ],
              [
                11.239919,
                53.983466
              ],
              [
                11.245372,
                53.97842
              ],
              [
                11.240733,
                53.955634
              ],
              [
                11.242931,
                53.945217
              ],
              [
                11.255626,
                53.940863
              ],
              [
                11.285411,
                53.939683
              ],
              [
                11.293712,
                53.940863
              ],
              [
                11.334158,
                53.961371
              ],
              [
                11.341807,
                53.958319
              ],
              [
                11.352061,
                53.944159
              ],
              [
                11.358246,
                53.940863
              ],
              [
                11.399913,
                53.940863
              ],
              [
                11.400401,
                53.93773
              ],
              [
                11.438731,
                53.909125
              ],
              [
                11.4463,
                53.906155
              ],
              [
                11.457693,
                53.906155
              ],
              [
                11.458995,
                53.916693
              ],
              [
                11.469086,
                53.932766
              ],
              [
                11.476817,
                53.952704
              ],
              [
                11.472423,
                53.968817
              ],
              [
                11.479828,
                53.976142
              ],
              [
                11.489513,
                53.980618
              ],
              [
                11.497895,
                53.981838
              ],
              [
                11.495942,
                53.986314
              ],
              [
                11.4935,
                53.997626
              ],
              [
                11.49171,
                54.002346
              ],
              [
                11.52589,
                54.022773
              ],
              [
                11.52589,
                54.030219
              ],
              [
                11.519054,
                54.030219
              ],
              [
                11.519054,
                54.036444
              ],
              [
                11.544607,
                54.030178
              ],
              [
                11.553233,
                54.030219
              ],
              [
                11.573497,
                54.039049
              ],
              [
                11.591319,
                54.065619
              ],
              [
                11.604747,
                54.071234
              ],
              [
                11.612804,
                54.072903
              ],
              [
                11.619395,
                54.077297
              ],
              [
                11.624522,
                54.083645
              ],
              [
                11.628917,
                54.091051
              ],
              [
                11.629568,
                54.096015
              ],
              [
                11.622081,
                54.099555
              ],
              [
                11.622081,
                54.104682
              ],
              [
                11.625255,
                54.109809
              ],
              [
                11.629405,
                54.113227
              ],
              [
                11.633149,
                54.115912
              ],
              [
                11.657888,
                54.142239
              ],
              [
                11.689708,
                54.155219
              ],
              [
                11.72877,
                54.158515
              ],
              [
                11.812266,
                54.149807
              ],
              [
                12.050629,
                54.179918
              ],
              [
                12.088145,
                54.194078
              ],
              [
                12.093272,
                54.165432
              ],
              [
                12.089529,
                54.137641
              ],
              [
                12.091645,
                54.114
              ],
              [
                12.115001,
                54.097886
              ],
              [
                12.105317,
                54.110012
              ],
              [
                12.100352,
                54.135972
              ],
              [
                12.095063,
                54.145697
              ],
              [
                12.105479,
                54.157375
              ],
              [
                12.134288,
                54.166978
              ],
              [
                12.142833,
                54.180487
              ],
              [
                12.131602,
                54.181138
              ],
              [
                12.12086,
                54.179999
              ],
              [
                12.110606,
                54.177436
              ],
              [
                12.101329,
                54.173651
              ],
              [
                12.108897,
                54.18301
              ],
              [
                12.142833,
                54.209174
              ],
              [
                12.163097,
                54.219916
              ],
              [
                12.18686,
                54.243354
              ],
              [
                12.200938,
                54.248725
              ],
              [
                12.214041,
                54.250963
              ],
              [
                12.289399,
                54.275092
              ],
              [
                12.327322,
                54.293769
              ],
              [
                12.342133,
                54.303941
              ],
              [
                12.378184,
                54.344916
              ],
              [
                12.438324,
                54.395819
              ],
              [
                12.444835,
                54.405463
              ],
              [
                12.486095,
                54.447333
              ],
              [
                12.501964,
                54.473578
              ],
              [
                12.513438,
                54.482245
              ],
              [
                12.533865,
                54.488267
              ],
              [
                12.533865,
                54.482123
              ],
              [
                12.527029,
                54.482123
              ],
              [
                12.54835,
                54.462063
              ],
              [
                12.591482,
                54.451728
              ],
              [
                12.819102,
                54.451728
              ],
              [
                12.856619,
                54.441107
              ],
              [
                12.879649,
                54.448798
              ],
              [
                12.908376,
                54.444648
              ],
              [
                12.921153,
                54.433498
              ],
              [
                12.896332,
                54.420071
              ],
              [
                12.870779,
                54.416815
              ],
              [
                12.763682,
                54.422187
              ],
              [
                12.720958,
                54.431586
              ],
              [
                12.694591,
                54.433661
              ],
              [
                12.686778,
                54.431627
              ],
              [
                12.676117,
                54.422553
              ],
              [
                12.670421,
                54.420071
              ],
              [
                12.650076,
                54.420071
              ],
              [
                12.624197,
                54.422919
              ],
              [
                12.614513,
                54.419745
              ],
              [
                12.608409,
                54.406399
              ],
              [
                12.602224,
                54.413804
              ],
              [
                12.596934,
                54.411933
              ],
              [
                12.588064,
                54.407457
              ],
              [
                12.581716,
                54.406399
              ],
              [
                12.583507,
                54.397854
              ],
              [
                12.587657,
                54.394029
              ],
              [
                12.594005,
                54.392768
              ],
              [
                12.602224,
                54.392076
              ],
              [
                12.598643,
                54.391547
              ],
              [
                12.595876,
                54.391506
              ],
              [
                12.594412,
                54.390204
              ],
              [
                12.594737,
                54.385891
              ],
              [
                12.575531,
                54.391995
              ],
              [
                12.554047,
                54.390815
              ],
              [
                12.535981,
                54.383734
              ],
              [
                12.527029,
                54.37226
              ],
              [
                12.510753,
                54.384263
              ],
              [
                12.490977,
                54.390082
              ],
              [
                12.454763,
                54.392076
              ],
              [
                12.438487,
                54.387519
              ],
              [
                12.424978,
                54.375922
              ],
              [
                12.418468,
                54.360663
              ],
              [
                12.424001,
                54.344916
              ],
              [
                12.409679,
                54.346625
              ],
              [
                12.403819,
                54.34809
              ],
              [
                12.396739,
                54.351752
              ],
              [
                12.389903,
                54.344916
              ],
              [
                12.396495,
                54.332953
              ],
              [
                12.391612,
                54.321112
              ],
              [
                12.37908,
                54.312445
              ],
              [
                12.362559,
                54.310207
              ],
              [
                12.36964,
                54.296576
              ],
              [
                12.37794,
                54.285875
              ],
              [
                12.380138,
                54.277086
              ],
              [
                12.368826,
                54.269192
              ],
              [
                12.412446,
                54.25141
              ],
              [
                12.436778,
                54.247707
              ],
              [
                12.458181,
                54.255561
              ],
              [
                12.442638,
                54.255194
              ],
              [
                12.430837,
                54.258612
              ],
              [
                12.41033,
                54.269192
              ],
              [
                12.41684,
                54.280951
              ],
              [
                12.42628,
                54.289618
              ],
              [
                12.451427,
                54.303941
              ],
              [
                12.457286,
                54.306301
              ],
              [
                12.468272,
                54.308336
              ],
              [
                12.472423,
                54.310207
              ],
              [
                12.475597,
                54.315131
              ],
              [
                12.476573,
                54.327786
              ],
              [
                12.478689,
                54.331855
              ],
              [
                12.495616,
                54.340277
              ],
              [
                12.560557,
                54.358588
              ],
              [
                12.547048,
                54.364488
              ],
              [
                12.540782,
                54.365424
              ],
              [
                12.540782,
                54.37226
              ],
              [
                12.559337,
                54.376288
              ],
              [
                12.566091,
                54.375922
              ],
              [
                12.574229,
                54.37226
              ],
              [
                12.574229,
                54.379096
              ],
              [
                12.592947,
                54.36933
              ],
              [
                12.622732,
                54.373928
              ],
              [
                12.677257,
                54.392076
              ],
              [
                12.675059,
                54.395413
              ],
              [
                12.672374,
                54.402981
              ],
              [
                12.670421,
                54.406399
              ],
              [
                12.680837,
                54.410875
              ],
              [
                12.692556,
                54.413642
              ],
              [
                12.704845,
                54.414618
              ],
              [
                12.71754,
                54.413804
              ],
              [
                12.71754,
                54.406399
              ],
              [
                12.702485,
                54.40412
              ],
              [
                12.692393,
                54.396186
              ],
              [
                12.686534,
                54.384752
              ],
              [
                12.684093,
                54.37226
              ],
              [
                12.696625,
                54.384955
              ],
              [
                12.701182,
                54.391669
              ],
              [
                12.7046,
                54.399604
              ],
              [
                12.713552,
                54.390082
              ],
              [
                12.723806,
                54.381252
              ],
              [
                12.735037,
                54.37816
              ],
              [
                12.746104,
                54.385891
              ],
              [
                12.757823,
                54.379788
              ],
              [
                12.768565,
                54.380072
              ],
              [
                12.778331,
                54.384752
              ],
              [
                12.78712,
                54.392076
              ],
              [
                12.789887,
                54.384345
              ],
              [
                12.794688,
                54.377143
              ],
              [
                12.800955,
                54.370754
              ],
              [
                12.818044,
                54.357978
              ],
              [
                12.821788,
                54.356147
              ],
              [
                12.825369,
                54.357245
              ],
              [
                12.83546,
                54.358588
              ],
              [
                12.854666,
                54.357856
              ],
              [
                12.864757,
                54.359565
              ],
              [
                12.875987,
                54.365424
              ],
              [
                12.884532,
                54.373481
              ],
              [
                12.894867,
                54.389716
              ],
              [
                12.903819,
                54.399604
              ],
              [
                12.929373,
                54.414374
              ],
              [
                12.969086,
                54.429389
              ],
              [
                13.0088,
                54.438056
              ],
              [
                13.03419,
                54.433661
              ],
              [
                13.021495,
                54.426459
              ],
              [
                13.021007,
                54.414537
              ],
              [
                13.028575,
                54.401842
              ],
              [
                13.040375,
                54.392076
              ],
              [
                13.083669,
                54.378974
              ],
              [
                13.095551,
                54.37226
              ],
              [
                13.076671,
                54.352525
              ],
              [
                13.08074,
                54.337144
              ],
              [
                13.109223,
                54.310207
              ],
              [
                13.112071,
                54.299302
              ],
              [
                13.112071,
                54.288479
              ],
              [
                13.114919,
                54.280015
              ],
              [
                13.125987,
                54.276597
              ],
              [
                13.170665,
                54.276597
              ],
              [
                13.170665,
                54.269192
              ],
              [
                13.161306,
                54.269029
              ],
              [
                13.154633,
                54.26732
              ],
              [
                13.143403,
                54.263007
              ],
              [
                13.176117,
                54.264838
              ],
              [
                13.228363,
                54.247382
              ],
              [
                13.263194,
                54.242499
              ],
              [
                13.288829,
                54.23428
              ],
              [
                13.321788,
                54.194525
              ],
              [
                13.348888,
                54.180487
              ],
              [
                13.333344,
                54.174018
              ],
              [
                13.321544,
                54.166815
              ],
              [
                13.346528,
                54.166938
              ],
              [
                13.3838,
                54.178127
              ],
              [
                13.403494,
                54.173651
              ],
              [
                13.395681,
                54.161933
              ],
              [
                13.39088,
                54.157294
              ],
              [
                13.382986,
                54.153144
              ],
              [
                13.394786,
                54.148912
              ],
              [
                13.40211,
                54.151313
              ],
              [
                13.408702,
                54.154608
              ],
              [
                13.417735,
                54.153144
              ],
              [
                13.423188,
                54.148098
              ],
              [
                13.437673,
                54.12519
              ],
              [
                13.450369,
                54.110419
              ],
              [
                13.465099,
                54.098456
              ],
              [
                13.483572,
                54.091295
              ],
              [
                13.507091,
                54.091051
              ],
              [
                13.507091,
                54.097886
              ],
              [
                13.498871,
                54.102484
              ],
              [
                13.487478,
                54.113918
              ],
              [
                13.479259,
                54.118354
              ],
              [
                13.479259,
                54.12519
              ],
              [
                13.602712,
                54.139472
              ],
              [
                13.632335,
                54.147528
              ],
              [
                13.683442,
                54.168036
              ],
              [
                13.711925,
                54.173651
              ],
              [
                13.716482,
                54.168443
              ],
              [
                13.714692,
                54.164049
              ],
              [
                13.708263,
                54.160875
              ],
              [
                13.698253,
                54.159329
              ],
              [
                13.698253,
                54.153144
              ],
              [
                13.72877,
                54.143866
              ],
              [
                13.808116,
                54.104682
              ],
              [
                13.808116,
                54.097886
              ],
              [
                13.793712,
                54.083197
              ],
              [
                13.785492,
                54.06391
              ],
              [
                13.773204,
                54.046332
              ],
              [
                13.746104,
                54.036444
              ],
              [
                13.758149,
                54.030992
              ],
              [
                13.78712,
                54.009101
              ],
              [
                13.797618,
                53.998928
              ],
              [
                13.803477,
                53.996324
              ],
              [
                13.831798,
                53.989244
              ],
              [
                13.838634,
                53.986314
              ],
              [
                13.84311,
                53.97956
              ],
              [
                13.846202,
                53.972235
              ],
              [
                13.849132,
                53.967597
              ],
              [
                13.850271,
                53.964016
              ],
              [
                13.848969,
                53.959459
              ],
              [
                13.848643,
                53.955552
              ],
              [
                13.85255,
                53.953843
              ],
              [
                13.866873,
                53.954657
              ],
              [
                13.870128,
                53.953843
              ],
              [
                13.875499,
                53.951239
              ],
              [
                13.881602,
                53.949042
              ],
              [
                13.88795,
                53.947577
              ],
              [
                13.893565,
                53.947089
              ],
              [
                13.906016,
                53.943061
              ],
              [
                13.907563,
                53.933539
              ],
              [
                13.901378,
                53.922309
              ],
              [
                13.890147,
                53.912909
              ],
              [
                13.818533,
                53.877997
              ],
              [
                13.808116,
                53.865139
              ],
              [
                13.817068,
                53.852932
              ],
              [
                13.835785,
                53.84748
              ],
              [
                13.85434,
                53.844916
              ],
              [
                13.862804,
                53.841254
              ],
              [
                13.869151,
                53.830308
              ],
              [
                13.8838,
                53.817694
              ],
              [
                13.899913,
                53.809149
              ],
              [
                13.910655,
                53.810492
              ],
              [
                13.984223,
                53.773993
              ],
              [
                14.017345,
                53.769517
              ],
              [
                14.033539,
                53.757514
              ],
              [
                14.037446,
                53.755276
              ],
              [
                14.061534,
                53.756415
              ],
              [
                14.068858,
                53.755276
              ],
              [
                14.094005,
                53.746324
              ],
              [
                14.10613,
                53.743354
              ],
              [
                14.186534,
                53.739814
              ],
              [
                14.214692,
                53.744859
              ],
              [
                14.226573,
                53.758694
              ],
              [
                14.234141,
                53.761786
              ],
              [
                14.250173,
                53.759955
              ],
              [
                14.264496,
                53.751614
              ],
              [
                14.267426,
                53.735419
              ],
              [
                14.259532,
                53.727973
              ],
              [
                14.212738,
                53.708075
              ],
              [
                14.225352,
                53.703762
              ],
              [
                14.240001,
                53.700751
              ],
              [
                14.256196,
                53.699449
              ],
              [
                14.263901,
                53.699976
              ],
              [
                14.273692,
                53.700629
              ],
              [
                14.291677,
                53.705268
              ],
              [
                14.304861,
                53.712551
              ],
              [
                14.306163,
                53.720689
              ],
              [
                14.288585,
                53.727973
              ],
              [
                14.29835,
                53.731431
              ],
              [
                14.301606,
                53.734849
              ],
              [
                14.29835,
                53.738267
              ],
              [
                14.288585,
                53.741645
              ],
              [
                14.2942,
                53.749091
              ],
              [
                14.304047,
                53.743883
              ],
              [
                14.318044,
                53.739732
              ],
              [
                14.330414,
                53.734198
              ],
              [
                14.342052,
                53.714911
              ],
              [
                14.356212,
                53.708441
              ],
              [
                14.383556,
                53.700629
              ],
              [
                14.403575,
                53.687812
              ],
              [
                14.414561,
                53.682359
              ],
              [
                14.458669,
                53.677883
              ],
              [
                14.51238,
                53.666449
              ],
              [
                14.531016,
                53.657782
              ],
              [
                14.546235,
                53.644761
              ],
              [
                14.579112,
                53.607245
              ],
              [
                14.590587,
                53.598375
              ],
              [
                14.595876,
                53.601304
              ],
              [
                14.597016,
                53.617336
              ],
              [
                14.601573,
                53.626654
              ],
              [
                14.610037,
                53.632758
              ],
              [
                14.62379,
                53.639228
              ],
              [
                14.623057,
                53.643012
              ],
              [
                14.622813,
                53.646959
              ],
              [
                14.62379,
                53.652818
              ],
              [
                14.613048,
                53.65469
              ],
              [
                14.587413,
                53.656073
              ],
              [
                14.575938,
                53.659654
              ],
              [
                14.544932,
                53.704047
              ],
              [
                14.551443,
                53.726142
              ],
              [
                14.575938,
                53.769517
              ],
              [
                14.587413,
                53.763495
              ],
              [
                14.597341,
                53.765204
              ],
              [
                14.608246,
                53.769029
              ],
              [
                14.62379,
                53.769517
              ],
              [
                14.61671,
                53.794745
              ],
              [
                14.620372,
                53.814846
              ],
              [
                14.627289,
                53.832709
              ],
              [
                14.630626,
                53.851508
              ],
              [
                14.62379,
                53.851508
              ],
              [
                14.621349,
                53.839545
              ],
              [
                14.613536,
                53.83161
              ],
              [
                14.58961,
                53.817328
              ],
              [
                14.595876,
                53.810492
              ],
              [
                14.587087,
                53.812649
              ],
              [
                14.580089,
                53.815334
              ],
              [
                14.574474,
                53.819078
              ],
              [
                14.569102,
                53.824164
              ],
              [
                14.574229,
                53.827094
              ],
              [
                14.583263,
                53.834215
              ],
              [
                14.58961,
                53.837836
              ],
              [
                14.575857,
                53.854804
              ],
              [
                14.552094,
                53.862779
              ],
              [
                14.441173,
                53.869615
              ],
              [
                14.425548,
                53.879828
              ],
              [
                14.438162,
                53.899319
              ],
              [
                14.434906,
                53.901313
              ],
              [
                14.434093,
                53.901597
              ],
              [
                14.433767,
                53.902411
              ],
              [
                14.431895,
                53.906155
              ],
              [
                14.422048,
                53.896145
              ],
              [
                14.414236,
                53.894721
              ],
              [
                14.405772,
                53.897406
              ],
              [
                14.393809,
                53.899319
              ],
              [
                14.385102,
                53.897284
              ],
              [
                14.378266,
                53.89232
              ],
              [
                14.371593,
                53.885891
              ],
              [
                14.363048,
                53.879381
              ],
              [
                14.392914,
                53.875963
              ],
              [
                14.40919,
                53.871568
              ],
              [
                14.417654,
                53.865139
              ],
              [
                14.415701,
                53.853013
              ],
              [
                14.405284,
                53.844184
              ],
              [
                14.392589,
                53.840725
              ],
              [
                14.383556,
                53.844672
              ],
              [
                14.356212,
                53.834459
              ],
              [
                14.342621,
                53.831855
              ],
              [
                14.328298,
                53.831
              ],
              [
                14.328298,
                53.824164
              ],
              [
                14.342052,
                53.82099
              ],
              [
                14.341319,
                53.818915
              ],
              [
                14.328298,
                53.817328
              ],
              [
                14.318858,
                53.818183
              ],
              [
                14.303071,
                53.823065
              ],
              [
                14.291352,
                53.824164
              ],
              [
                14.274669,
                53.830797
              ],
              [
                14.226573,
                53.871975
              ],
              [
                14.203136,
                53.878323
              ],
              [
                14.200819,
                53.878157
              ],
              [
                14.087413,
                53.870429
              ],
              [
                14.065115,
                53.872382
              ],
              [
                14.04835,
                53.879381
              ],
              [
                14.025076,
                53.863837
              ],
              [
                13.99586,
                53.853746
              ],
              [
                13.938487,
                53.844672
              ],
              [
                13.875255,
                53.844062
              ],
              [
                13.840099,
                53.850287
              ],
              [
                13.821788,
                53.865139
              ],
              [
                13.834727,
                53.867987
              ],
              [
                13.855479,
                53.877387
              ],
              [
                13.887706,
                53.881537
              ],
              [
                13.922374,
                53.893378
              ],
              [
                13.931651,
                53.899319
              ],
              [
                13.938975,
                53.928209
              ],
              [
                13.901866,
                53.969794
              ],
              [
                13.90447,
                53.995429
              ],
              [
                13.954845,
                53.993598
              ],
              [
                13.972667,
                53.989244
              ],
              [
                13.965831,
                53.981838
              ],
              [
                13.968272,
                53.976264
              ],
              [
                13.960297,
                53.956732
              ],
              [
                13.958995,
                53.940863
              ],
              [
                13.97462,
                53.957343
              ],
              [
                13.987478,
                53.961412
              ],
              [
                14.027843,
                53.961371
              ],
              [
                14.022634,
                53.95897
              ],
              [
                14.018565,
                53.956366
              ],
              [
                14.01588,
                53.952704
              ],
              [
                14.014334,
                53.947089
              ],
              [
                14.04835,
                53.940863
              ],
              [
                14.040294,
                53.953843
              ],
              [
                14.053071,
                53.97842
              ],
              [
                14.05128,
                54.005072
              ],
              [
                14.037446,
                54.021715
              ],
              [
                14.014334,
                54.016018
              ],
              [
                14.006196,
                54.032294
              ],
              [
                13.995291,
                54.045722
              ],
              [
                13.9817,
                54.056342
              ],
              [
                13.965831,
                54.063788
              ],
              [
                13.946056,
                54.066596
              ],
              [
                13.926117,
                54.064032
              ],
              [
                13.915863,
                54.056383
              ],
              [
                13.924815,
                54.043891
              ],
              [
                13.924815,
                54.036444
              ],
              [
                13.91627,
                54.033637
              ],
              [
                13.907237,
                54.027493
              ],
              [
                13.899913,
                54.019721
              ],
              [
                13.896983,
                54.012274
              ],
              [
                13.89088,
                54.010159
              ],
              [
                13.855968,
                54.002346
              ],
              [
                13.858084,
                54.015774
              ],
              [
                13.865571,
                54.024075
              ],
              [
                13.873546,
                54.029975
              ],
              [
                13.876313,
                54.036444
              ],
              [
                13.871104,
                54.048651
              ],
              [
                13.863617,
                54.049994
              ],
              [
                13.854991,
                54.046332
              ],
              [
                13.823009,
                54.037909
              ],
              [
                13.808279,
                54.026313
              ],
              [
                13.7942,
                54.018134
              ],
              [
                13.774099,
                54.022773
              ],
              [
                13.782074,
                54.042141
              ],
              [
                13.809255,
                54.0751
              ],
              [
                13.814952,
                54.101264
              ],
              [
                13.806163,
                54.116645
              ],
              [
                13.76531,
                54.141913
              ],
              [
                13.75294,
                54.153144
              ],
              [
                13.762218,
                54.164455
              ],
              [
                13.777599,
                54.174018
              ],
              [
                13.796153,
                54.17829
              ],
              [
                13.814952,
                54.173651
              ],
              [
                13.823741,
                54.163967
              ],
              [
                13.844086,
                54.131293
              ],
              [
                13.855968,
                54.118354
              ],
              [
                13.882498,
                54.102444
              ],
              [
                13.948416,
                54.079779
              ],
              [
                13.986176,
                54.071234
              ],
              [
                14.016612,
                54.060004
              ],
              [
                14.192393,
                53.946112
              ],
              [
                14.209483,
                53.938625
              ],
              [
                14.210053,
                53.938463
              ],
              [
                14.226573,
                53.934027
              ],
              [
                14.237478,
                53.928656
              ],
              [
                14.268077,
                53.92182
              ],
              [
                14.367035,
                53.916978
              ],
              [
                14.406749,
                53.92182
              ],
              [
                14.445567,
                53.934027
              ],
              [
                14.517345,
                53.965237
              ],
              [
                14.781912,
                54.034613
              ],
              [
                15.010102,
                54.06981
              ],
              [
                15.288341,
                54.138861
              ],
              [
                15.468516,
                54.167141
              ],
              [
                15.665782,
                54.198432
              ],
              [
                15.859711,
                54.249986
              ],
              [
                16.020844,
                54.261786
              ],
              [
                16.131521,
                54.283515
              ],
              [
                16.118907,
                54.276028
              ],
              [
                16.069347,
                54.263007
              ],
              [
                16.091075,
                54.253974
              ],
              [
                16.17921,
                54.263007
              ],
              [
                16.17921,
                54.269192
              ],
              [
                16.172374,
                54.269192
              ],
              [
                16.172374,
                54.276597
              ],
              [
                16.220063,
                54.276597
              ],
              [
                16.219574,
                54.28148
              ],
              [
                16.218516,
                54.282375
              ],
              [
                16.216645,
                54.28205
              ],
              [
                16.213227,
                54.283515
              ],
              [
                16.21518,
                54.299628
              ],
              [
                16.192149,
                54.300279
              ],
              [
                16.137706,
                54.290269
              ],
              [
                16.17213,
                54.300238
              ],
              [
                16.213552,
                54.316107
              ],
              [
                16.275401,
                54.358588
              ],
              [
                16.262869,
                54.343695
              ],
              [
                16.240489,
                54.330024
              ],
              [
                16.231781,
                54.322577
              ],
              [
                16.240896,
                54.32453
              ],
              [
                16.259044,
                54.326728
              ],
              [
                16.274913,
                54.330471
              ],
              [
                16.288829,
                54.340237
              ],
              [
                16.323904,
                54.349921
              ],
              [
                16.336762,
                54.358588
              ],
              [
                16.32488,
                54.373114
              ],
              [
                16.305024,
                54.373481
              ],
              [
                16.296235,
                54.367255
              ],
              [
                16.281586,
                54.358588
              ],
              [
                16.323985,
                54.401313
              ],
              [
                16.439789,
                54.488267
              ],
              [
                16.439789,
                54.482123
              ],
              [
                16.434418,
                54.472357
              ],
              [
                16.444509,
                54.469875
              ],
              [
                16.460623,
                54.473456
              ],
              [
                16.473399,
                54.482123
              ],
              [
                16.479747,
                54.495551
              ],
              [
                16.473888,
                54.499661
              ],
              [
                16.460948,
                54.496487
              ],
              [
                16.446056,
                54.488267
              ],
              [
                16.466563,
                54.512152
              ],
              [
                16.501313,
                54.532416
              ],
              [
                16.569591,
                54.557196
              ],
              [
                16.778494,
                54.575141
              ],
              [
                16.85963,
                54.59394
              ],
              [
                16.902192,
                54.598131
              ],
              [
                16.939952,
                54.606024
              ],
              [
                17.035818,
                54.66706
              ],
              [
                17.337413,
                54.74901
              ],
              [
                17.715668,
                54.790432
              ],
              [
                17.885427,
                54.824123
              ],
              [
                18.152354,
                54.838324
              ],
              [
                18.316905,
                54.838324
              ],
              [
                18.339529,
                54.833482
              ],
              [
                18.375824,
                54.815131
              ],
              [
                18.389171,
                54.811103
              ],
              [
                18.410167,
                54.808295
              ],
              [
                18.75172,
                54.69009
              ],
              [
                18.813975,
                54.643215
              ],
              [
                18.824067,
                54.632229
              ],
              [
                18.834321,
                54.616685
              ],
              [
                18.835297,
                54.603095
              ],
              [
                18.817638,
                54.598131
              ],
              [
                18.813243,
                54.601549
              ],
              [
                18.80836,
                54.608832
              ],
              [
                18.802257,
                54.616034
              ],
              [
                18.784028,
                54.623521
              ],
              [
                18.771821,
                54.642279
              ],
              [
                18.755382,
                54.654486
              ],
              [
                18.707774,
                54.701239
              ],
              [
                18.698497,
                54.703803
              ],
              [
                18.663422,
                54.707994
              ],
              [
                18.654552,
                54.71015
              ],
              [
                18.64503,
                54.71955
              ],
              [
                18.61671,
                54.725246
              ],
              [
                18.556977,
                54.74901
              ],
              [
                18.49822,
                54.765367
              ],
              [
                18.48878,
                54.773179
              ],
              [
                18.456309,
                54.787665
              ],
              [
                18.447765,
                54.789984
              ],
              [
                18.435557,
                54.786811
              ],
              [
                18.42921,
                54.781684
              ],
              [
                18.41505,
                54.753119
              ],
              [
                18.413097,
                54.746527
              ],
              [
                18.413097,
                54.73192
              ],
              [
                18.418468,
                54.728217
              ],
              [
                18.442393,
                54.721991
              ],
              [
                18.447765,
                54.718248
              ],
              [
                18.459809,
                54.706041
              ],
              [
                18.474457,
                54.687567
              ],
              [
                18.473888,
                54.679918
              ],
              [
                18.470063,
                54.673285
              ],
              [
                18.470388,
                54.666734
              ],
              [
                18.481944,
                54.659613
              ],
              [
                18.475922,
                54.640082
              ],
              [
                18.487315,
                54.631781
              ],
              [
                18.506358,
                54.634101
              ],
              [
                18.52296,
                54.646552
              ],
              [
                18.5171,
                54.62995
              ],
              [
                18.525157,
                54.616685
              ],
              [
                18.537608,
                54.605455
              ],
              [
                18.562836,
                54.560004
              ],
              [
                18.570649,
                54.55036
              ],
              [
                18.566742,
                54.527411
              ],
              [
                18.567556,
                54.48786
              ],
              [
                18.574067,
                54.450385
              ],
              [
                18.588064,
                54.433661
              ],
              [
                18.60377,
                54.430609
              ],
              [
                18.634288,
                54.416938
              ],
              [
                18.649913,
                54.413804
              ],
              [
                18.663341,
                54.412991
              ],
              [
                18.680024,
                54.40998
              ],
              [
                18.694347,
                54.404527
              ],
              [
                18.70045,
                54.395819
              ],
              [
                18.717296,
                54.382025
              ],
              [
                18.885916,
                54.350165
              ],
              [
                18.923188,
                54.348538
              ],
              [
                18.954356,
                54.358588
              ],
              [
                18.962901,
                54.353502
              ],
              [
                18.97462,
                54.349758
              ],
              [
                19.002126,
                54.344916
              ],
              [
                19.377208,
                54.377631
              ],
              [
                19.459972,
                54.401028
              ],
              [
                19.499278,
                54.406399
              ],
              [
                19.531016,
                54.414944
              ],
              [
                19.59254,
                54.452379
              ],
              [
                19.609548,
                54.456732
              ],
              [
                19.60963,
                54.456732
              ],
              [
                19.626475,
                54.461005
              ],
              [
                19.626475,
                54.468451
              ],
              [
                19.73406,
                54.525702
              ],
              [
                19.831879,
                54.598131
              ],
              [
                19.883149,
                54.656195
              ],
              [
                19.888682,
                54.660224
              ],
              [
                19.892833,
                54.661038
              ],
              [
                19.896332,
                54.662177
              ],
              [
                19.900157,
                54.66706
              ],
              [
                19.901052,
                54.671698
              ],
              [
                19.899262,
                54.68301
              ],
              [
                19.900157,
                54.687567
              ],
              [
                19.90561,
                54.69481
              ],
              [
                19.915212,
                54.702541
              ],
              [
                19.930186,
                54.719428
              ],
              [
                19.956309,
                54.756903
              ],
              [
                19.961681,
                54.773179
              ],
              [
                19.958832,
                54.79682
              ],
              [
                19.952322,
                54.816311
              ],
              [
                19.925792,
                54.867133
              ],
              [
                19.922211,
                54.876614
              ],
              [
                19.920665,
                54.889594
              ],
              [
                19.934337,
                54.916938
              ],
              [
                19.940766,
                54.934394
              ],
              [
                19.956716,
                54.95185
              ],
              [
                19.976736,
                54.964586
              ],
              [
                19.99586,
                54.968085
              ],
              [
                20.021658,
                54.951239
              ],
              [
                20.033702,
                54.948188
              ],
              [
                20.074962,
                54.954413
              ],
              [
                20.143565,
                54.951809
              ],
              [
                20.205821,
                54.958441
              ],
              [
                20.365571,
                54.946194
              ],
              [
                20.406993,
                54.951606
              ],
              [
                20.482432,
                54.975531
              ],
              [
                20.634044,
                55.048774
              ],
              [
                20.808442,
                55.176256
              ],
              [
                20.822276,
                55.180976
              ],
              [
                20.924569,
                55.282658
              ],
              [
                20.924815,
                55.282904
              ],
              [
                20.999522,
                55.357001
              ],
              [
                21.041515,
                55.416083
              ],
              [
                21.082367,
                55.497626
              ],
              [
                21.09311,
                55.581692
              ],
              [
                21.099376,
                55.5987
              ],
              [
                21.093923,
                55.603461
              ],
              [
                21.099376,
                55.612982
              ],
              [
                21.090668,
                55.633124
              ],
              [
                21.093516,
                55.695543
              ],
              [
                21.085216,
                55.722846
              ],
              [
                21.117442,
                55.699774
              ],
              [
                21.131521,
                55.655585
              ],
              [
                21.133556,
                55.568305
              ],
              [
                21.131358,
                55.555732
              ],
              [
                21.122081,
                55.539008
              ],
              [
                21.119884,
                55.527045
              ],
              [
                21.119884,
                55.489447
              ],
              [
                21.108409,
                55.47309
              ],
              [
                21.092621,
                55.45661
              ],
              [
                21.087169,
                55.441067
              ],
              [
                21.106212,
                55.427436
              ],
              [
                21.106212,
                55.42121
              ],
              [
                21.091807,
                55.410712
              ],
              [
                21.073497,
                55.391791
              ],
              [
                21.057628,
                55.369452
              ],
              [
                21.050955,
                55.348863
              ],
              [
                21.037852,
                55.328599
              ],
              [
                20.988943,
                55.291327
              ],
              [
                20.989431,
                55.273116
              ],
              [
                20.989513,
                55.270413
              ],
              [
                20.951915,
                55.254706
              ],
              [
                20.941091,
                55.248684
              ],
              [
                20.943126,
                55.245307
              ],
              [
                20.94337,
                55.244534
              ],
              [
                20.937022,
                55.237738
              ],
              [
                20.913097,
                55.233222
              ],
              [
                20.903331,
                55.225816
              ],
              [
                20.905528,
                55.218573
              ],
              [
                20.895274,
                55.216254
              ],
              [
                20.890636,
                55.212592
              ],
              [
                20.888438,
                55.206
              ],
              [
                20.884044,
                55.198065
              ],
              [
                20.876964,
                55.19184
              ],
              [
                20.860688,
                55.181342
              ],
              [
                20.853038,
                55.17414
              ],
              [
                20.834809,
                55.152045
              ],
              [
                20.823741,
                55.143134
              ],
              [
                20.773611,
                55.114488
              ],
              [
                20.687836,
                55.050686
              ],
              [
                20.558116,
                54.981757
              ],
              [
                20.548676,
                54.977973
              ],
              [
                20.539887,
                54.97663
              ],
              [
                20.533376,
                54.973578
              ],
              [
                20.530935,
                54.964667
              ],
              [
                20.533946,
                54.959662
              ],
              [
                20.541352,
                54.952053
              ],
              [
                20.550466,
                54.94477
              ],
              [
                20.558116,
                54.940823
              ],
              [
                20.576915,
                54.93891
              ],
              [
                20.763682,
                54.947699
              ],
              [
                20.805186,
                54.940823
              ],
              [
                20.860362,
                54.911322
              ],
              [
                20.969086,
                54.899807
              ],
              [
                21.039317,
                54.903998
              ],
              [
                21.050955,
                54.910386
              ],
              [
                21.055919,
                54.914455
              ],
              [
                21.066173,
                54.910102
              ],
              [
                21.07602,
                54.903388
              ],
              [
                21.078949,
                54.899807
              ],
              [
                21.090668,
                54.901557
              ],
              [
                21.096934,
                54.905463
              ],
              [
                21.100841,
                54.90998
              ],
              [
                21.106212,
                54.91352
              ],
              [
                21.190278,
                54.926907
              ],
              [
                21.230154,
                54.93891
              ],
              [
                21.243419,
                54.961249
              ],
              [
                21.236339,
                54.98078
              ],
              [
                21.219412,
                55.013251
              ],
              [
                21.195079,
                55.135403
              ],
              [
                21.191905,
                55.143459
              ],
              [
                21.19158,
                55.147162
              ],
              [
                21.183442,
                55.168647
              ],
              [
                21.181326,
                55.171088
              ],
              [
                21.181326,
                55.193345
              ],
              [
                21.183442,
                55.201728
              ],
              [
                21.188813,
                55.208319
              ],
              [
                21.201671,
                55.214423
              ],
              [
                21.210297,
                55.211493
              ],
              [
                21.216645,
                55.205268
              ],
              [
                21.222911,
                55.201483
              ],
              [
                21.236827,
                55.200629
              ],
              [
                21.248871,
                55.201483
              ],
              [
                21.259044,
                55.204983
              ],
              [
                21.267589,
                55.211737
              ],
              [
                21.271332,
                55.220282
              ],
              [
                21.273285,
                55.232652
              ],
              [
                21.272309,
                55.243842
              ],
              [
                21.267589,
                55.248684
              ],
              [
                21.269054,
                55.253567
              ],
              [
                21.264496,
                55.276557
              ],
              [
                21.264415,
                55.284003
              ],
              [
                21.270844,
                55.288031
              ],
              [
                21.278087,
                55.286566
              ],
              [
                21.28533,
                55.287055
              ],
              [
                21.291189,
                55.297065
              ],
              [
                21.289236,
                55.305243
              ],
              [
                21.282481,
                55.31684
              ],
              [
                21.274181,
                55.327338
              ],
              [
                21.267589,
                55.331855
              ],
              [
                21.259451,
                55.336249
              ],
              [
                21.256358,
                55.346747
              ],
              [
                21.257091,
                55.369371
              ],
              [
                21.246593,
                55.370185
              ],
              [
                21.188813,
                55.338609
              ],
              [
                21.18336,
                55.346177
              ],
              [
                21.183279,
                55.348375
              ],
              [
                21.186046,
                55.349189
              ],
              [
                21.224294,
                55.399319
              ],
              [
                21.232758,
                55.406928
              ],
              [
                21.248302,
                55.417873
              ],
              [
                21.248383,
                55.442328
              ],
              [
                21.236583,
                55.482652
              ],
              [
                21.224294,
                55.512397
              ],
              [
                21.222911,
                55.520209
              ],
              [
                21.218516,
                55.523627
              ],
              [
                21.208995,
                55.529608
              ],
              [
                21.199392,
                55.537665
              ],
              [
                21.195079,
                55.547187
              ],
              [
                21.196056,
                55.559394
              ],
              [
                21.197765,
                55.567328
              ],
              [
                21.19809,
                55.574774
              ],
              [
                21.195079,
                55.58511
              ],
              [
                21.157563,
                55.64175
              ],
              [
                21.150157,
                55.659329
              ],
              [
                21.147227,
                55.678168
              ],
              [
                21.140798,
                55.688137
              ],
              [
                21.099376,
                55.729071
              ],
              [
                21.089529,
                55.735256
              ],
              [
                21.08074,
                55.738593
              ],
              [
                21.074392,
                55.74494
              ],
              [
                21.069835,
                55.769721
              ],
              [
                21.060557,
                55.789252
              ],
              [
                21.044688,
                55.873725
              ],
              [
                21.06384879891695,
                55.89372343711583
              ],
              [
                21.06833974484299,
                55.89334201358484
              ],
              [
                21.12549596950032,
                55.8884745325628
              ],
              [
                21.14811159417694,
                55.87185632937849
              ],
              [
                21.17023241700505,
                55.87556997047417
              ],
              [
                21.2056901919704,
                55.86394483976826
              ],
              [
                21.23081722303986,
                55.87577903546001
              ],
              [
                21.27935868972692,
                55.85239350599745
              ],
              [
                21.319508367029,
                55.82962728026255
              ],
              [
                21.34929788852974,
                55.79928155267805
              ],
              [
                21.37559508038035,
                55.78531800007547
              ],
              [
                21.37865729867452,
                55.74984997148233
              ],
              [
                21.35727943812285,
                55.74245360313569
              ],
              [
                21.35636938970173,
                55.73913722598356
              ],
              [
                21.38549553598047,
                55.72125706675846
              ],
              [
                21.42645433166823,
                55.67210987828325
              ],
              [
                21.46089234009279,
                55.61389837603939
              ],
              [
                21.5140305990422,
                55.56794546062405
              ],
              [
                21.51240981049547,
                55.53104504363391
              ],
              [
                21.53390493522707,
                55.50869455596698
              ],
              [
                21.56620544193063,
                55.48584729414212
              ],
              [
                21.57368446392885,
                55.46913246175809
              ],
              [
                21.58582769977955,
                55.45861772971431
              ],
              [
                21.57631653931675,
                55.44981261405913
              ],
              [
                21.60036475145542,
                55.44074455903345
              ],
              [
                21.61783617701423,
                55.42203884670332
              ],
              [
                21.60368616822495,
                55.40285487677138
              ],
              [
                21.62987381830508,
                55.37270553672395
              ],
              [
                21.68900441321644,
                55.3530572532411
              ],
              [
                21.7139082590887,
                55.32657157324232
              ],
              [
                21.72136388018944,
                55.30076637066226
              ],
              [
                21.74486013607754,
                55.28991754540255
              ],
              [
                21.76682657032631,
                55.2983005038026
              ],
              [
                21.76033741446093,
                55.3143547096003
              ],
              [
                21.78525523919723,
                55.32189961165259
              ],
              [
                21.82515211549559,
                55.32224978758065
              ],
              [
                21.83497714396221,
                55.32802299258676
              ],
              [
                21.86460887146741,
                55.32501346267406
              ],
              [
                21.87560292970656,
                55.3103761524111
              ],
              [
                21.88248548098854,
                55.2960731819194
              ],
              [
                21.87471228162758,
                55.28595542803928
              ],
              [
                21.91500417237395,
                55.27595862825584
              ],
              [
                21.93578718052473,
                55.27079562982543
              ],
              [
                22.02987669830381,
                55.24987894490562
              ],
              [
                22.07809518542313,
                55.23391516437587
              ],
              [
                22.13159388001965,
                55.22645135794966
              ],
              [
                22.19127759607641,
                55.22680698727705
              ],
              [
                22.22246479913781,
                55.21401111648608
              ],
              [
                22.20355169813301,
                55.19905827957107
              ],
              [
                22.20467650325999,
                55.18563602955719
              ],
              [
                22.18759405923513,
                55.178832140562
              ],
              [
                22.19988468669976,
                55.15897090149982
              ],
              [
                22.24445788104156,
                55.15977329264166
              ],
              [
                22.25216253088064,
                55.16021485323236
              ],
              [
                22.34640375702177,
                55.15336237511561
              ],
              [
                22.42410194372079,
                55.13531212434708
              ],
              [
                22.47680242500966,
                55.13731893079889
              ],
              [
                22.55546570722664,
                55.13882361177328
              ],
              [
                22.56850274630207,
                55.1251267355427
              ],
              [
                22.59539742563665,
                55.12037263767373
              ],
              [
                22.60426417633805,
                55.10285297919839
              ],
              [
                22.61954377692935,
                55.09373404563836
              ],
              [
                22.59575074380916,
                55.06713327317264
              ],
              [
                22.60520154167039,
                55.03749976266245
              ],
              [
                22.61580081779063,
                55.0183157664633
              ],
              [
                22.6380052080374,
                55.00798476962991
              ],
              [
                22.63066582078368,
                54.9992085514562
              ],
              [
                22.64932654614592,
                54.96871931657341
              ],
              [
                22.67048627507603,
                54.96624558355803
              ],
              [
                22.66596206954604,
                54.98727443875815
              ],
              [
                22.68015000924765,
                54.987450497308
              ],
              [
                22.6941558611776,
                54.98027522225129
              ],
              [
                22.69860075976062,
                54.97032330139517
              ],
              [
                22.71119548499917,
                54.97264416924795
              ],
              [
                22.73492524678002,
                54.96184209355262
              ],
              [
                22.73345643924741,
                54.94927843808266
              ],
              [
                22.7486500274338,
                54.94014769030805
              ],
              [
                22.77235349460363,
                54.9356323779582
              ],
              [
                22.75329371293072,
                54.92657810985686
              ],
              [
                22.75732769062066,
                54.91844374468472
              ],
              [
                22.78230772594139,
                54.92636870007377
              ],
              [
                22.79583519607603,
                54.91498842504843
              ],
              [
                22.79128073515341,
                54.90583080364333
              ],
              [
                22.80112321267562,
                54.9029741197824
              ],
              [
                22.81559640145546,
                54.91195701471511
              ],
              [
                22.8163392632893,
                54.91160963442474
              ],
              [
                22.85350165540116,
                54.89424289493663
              ],
              [
                22.85330377352648,
                54.88588930462721
              ],
              [
                22.84158036396712,
                54.86703810710225
              ],
              [
                22.84509277079337,
                54.86331006757908
              ],
              [
                22.87183053464097,
                54.85491114737698
              ],
              [
                22.86562196528553,
                54.84351359590899
              ],
              [
                22.87127128713665,
                54.83762042632999
              ],
              [
                22.87904682525065,
                54.83553968675604
              ],
              [
                22.89044648938277,
                54.8167451222085
              ],
              [
                22.87282745050573,
                54.79382734359459
              ],
              [
                22.88011407699705,
                54.7901760996778
              ],
              [
                22.85987892903725,
                54.78423743580765
              ],
              [
                22.8493919756047,
                54.76844489616838
              ],
              [
                22.83283079358702,
                54.76456090987792
              ],
              [
                22.82380248485894,
                54.7677119846653
              ],
              [
                22.8129401669663,
                54.7627125211267
              ],
              [
                22.81602172014744,
                54.75591459552232
              ],
              [
                22.80859024676517,
                54.75053280331726
              ],
              [
                22.80056764530478,
                54.75611236770113
              ],
              [
                22.78335543798586,
                54.74714444593474
              ],
              [
                22.78339459792216,
                54.74713740988164
              ],
              [
                22.78019014930521,
                54.73905512521222
              ],
              [
                22.75277423256792,
                54.73314751116643
              ],
              [
                22.74569689256831,
                54.72601047066676
              ],
              [
                22.7529545343006,
                54.70682582711341
              ],
              [
                22.73952238493673,
                54.69906251536991
              ],
              [
                22.73701385478219,
                54.68195010607641
              ],
              [
                22.74374256715653,
                54.67237879608575
              ],
              [
                22.74202812332857,
                54.66595622277922
              ],
              [
                22.7582003854421,
                54.65595491659579
              ],
              [
                22.75704323915186,
                54.64825349943545
              ],
              [
                22.75459808992906,
                54.63194685831034
              ],
              [
                22.73584909089075,
                54.62346634879842
              ],
              [
                22.72638617250827,
                54.60339173914753
              ],
              [
                22.70758153314945,
                54.59849955504662
              ],
              [
                22.69434925304784,
                54.58354294742818
              ],
              [
                22.71660809763189,
                54.55883460192987
              ],
              [
                22.69195385402491,
                54.53175029159489
              ],
              [
                22.69141642282985,
                54.51804921797113
              ],
              [
                22.69998652242044,
                54.50771770944013
              ],
              [
                22.71163279465795,
                54.46243900236858
              ],
              [
                22.70832189235353,
                54.44990211106349
              ],
              [
                22.70834362508148,
                54.44990251916612
              ],
              [
                22.72290509478693,
                54.4509376181602
              ],
              [
                22.74194291521281,
                54.44922704655684
              ],
              [
                22.77363501898084,
                54.39088411699296
              ],
              [
                22.78051485997003,
                54.37819943978212
              ],
              [
                22.80929007593851,
                54.34391103159743
              ],
              [
                22.79236159991806,
                54.33408650584724
              ],
              [
                22.77690218252264,
                54.3259196753607
              ],
              [
                22.76643501052652,
                54.30953045973352
              ],
              [
                22.75021844652925,
                54.29066941784753
              ],
              [
                22.72798836007008,
                54.28149512811506
              ],
              [
                22.68896541131072,
                54.27525853756468
              ],
              [
                22.6516366193832,
                54.28876059103949
              ],
              [
                22.62398052770056,
                54.26493030208582
              ],
              [
                22.59866730119773,
                54.26180578862689
              ],
              [
                22.57184514346565,
                54.27255465144696
              ],
              [
                22.54262875843889,
                54.26617677966613
              ],
              [
                22.53034255869842,
                54.24803454984362
              ],
              [
                22.53037771538724,
                54.24803324231627
              ],
              [
                22.53037406597457,
                54.22805904627459
              ],
              [
                22.54640250122859,
                54.21110381361859
              ],
              [
                22.57210736902289,
                54.20404447552018
              ],
              [
                22.59221208765765,
                54.17536465742352
              ],
              [
                22.59302172835662,
                54.14302119831376
              ],
              [
                22.61989581723621,
                54.11313519377983
              ],
              [
                22.63538127037409,
                54.10695017410116
              ],
              [
                22.63626240982556,
                54.09911205076266
              ],
              [
                22.63096541016182,
                54.09302285725839
              ],
              [
                22.60678023114293,
                54.08203440459525
              ],
              [
                22.60064551681469,
                54.06925487462753
              ],
              [
                22.60198373075345,
                54.06342776489387
              ],
              [
                22.60421417041991,
                54.05371165436035
              ],
              [
                22.61949850925356,
                54.04862788332144
              ],
              [
                22.66510701464674,
                54.03259202647597
              ],
              [
                22.67941464225199,
                54.01337854393761
              ],
              [
                22.69347530553494,
                53.99717220674166
              ],
              [
                22.69801802955897,
                53.97166205930452
              ],
              [
                22.71379527101448,
                53.96605633760737
              ],
              [
                22.72275078136378,
                53.95221785393098
              ],
              [
                22.72276906676955,
                53.95221757271219
              ],
              [
                22.75224363960035,
                53.94477057055396
              ],
              [
                22.78223554431829,
                53.91993595242092
              ],
              [
                22.78679369924355,
                53.88306319262927
              ],
              [
                22.77835863235318,
                53.86231392330011
              ],
              [
                22.73028231046342,
                53.83123418736645
              ],
              [
                22.73036227693626,
                53.82350634405059
              ],
              [
                22.73057540440539,
                53.80270051075054
              ],
              [
                22.69630796665676,
                53.75978280685286
              ],
              [
                22.62237506192043,
                53.73726441803993
              ],
              [
                22.61493522693435,
                53.71750438793038
              ],
              [
                22.5979499216232,
                53.72201278389898
              ],
              [
                22.58978561694497,
                53.73349852953221
              ],
              [
                22.52643132757821,
                53.70210035183241
              ],
              [
                22.50973959932081,
                53.69898229055403
              ],
              [
                22.49603567675442,
                53.70019693341816
              ],
              [
                22.47782924261186,
                53.70180894288234
              ],
              [
                22.47263362617929,
                53.69984694058056
              ],
              [
                22.43424492983563,
                53.68534359172753
              ],
              [
                22.40177602447091,
                53.6665139741744
              ],
              [
                22.37142412856824,
                53.65657059245392
              ],
              [
                22.33759803734854,
                53.63885955109858
              ],
              [
                22.29146066323207,
                53.62173306939761
              ],
              [
                22.23478431108105,
                53.58304358480906
              ],
              [
                22.1074066824366,
                53.53577868313538
              ],
              [
                22.08613797793,
                53.53667886772911
              ],
              [
                22.06031827124593,
                53.52932201536105
              ],
              [
                22.03749376095512,
                53.49885535279289
              ],
              [
                22.02135237592205,
                53.49620315711326
              ],
              [
                22.0109464101381,
                53.51559452700695
              ],
              [
                21.99129652161805,
                53.52143533478548
              ],
              [
                21.96578784805614,
                53.51104681394779
              ],
              [
                21.93871671198988,
                53.51093434559505
              ],
              [
                21.91548289037996,
                53.49735987588556
              ],
              [
                21.89066952577898,
                53.4615575307725
              ],
              [
                21.85440597321513,
                53.45887739088852
              ],
              [
                21.79290311041844,
                53.47831235352037
              ],
              [
                21.7238196603874,
                53.49117111007513
              ],
              [
                21.68790814234015,
                53.49387686241054
              ],
              [
                21.67298783302794,
                53.48904390999812
              ],
              [
                21.65200897707319,
                53.48224415633204
              ],
              [
                21.60149180011519,
                53.48145690548957
              ],
              [
                21.5296016397236,
                53.4777152480868
              ],
              [
                21.47276783184197,
                53.47186137843616
              ],
              [
                21.433522955194,
                53.46186468114094
              ],
              [
                21.32529494724459,
                53.43821175444261
              ],
              [
                21.25283081441354,
                53.41764078477312
              ],
              [
                21.15071843226116,
                53.37963408469808
              ],
              [
                21.13463446503484,
                53.36059153106714
              ],
              [
                21.05364173421689,
                53.33161495872712
              ],
              [
                21.01555675883505,
                53.31185298976416
              ],
              [
                20.88119735326281,
                53.26952084094654
              ],
              [
                20.87365784311215,
                53.28453643967524
              ],
              [
                20.83843913477055,
                53.30314403477552
              ],
              [
                20.7958836813106,
                53.3101712848176
              ],
              [
                20.77034228627067,
                53.31381629014196
              ],
              [
                20.73299491478873,
                53.32785018181752
              ],
              [
                20.70723709208225,
                53.32855437609773
              ],
              [
                20.68129935385923,
                53.32157230220492
              ],
              [
                20.65063447258215,
                53.3226236941023
              ],
              [
                20.58061011410926,
                53.34083870124014
              ],
              [
                20.54399782870197,
                53.3470627856832
              ],
              [
                20.52591753966304,
                53.33643934823646
              ],
              [
                20.46926948812994,
                53.25421690196817
              ],
              [
                20.44252829074519,
                53.23269334148439
              ],
              [
                20.41932951348958,
                53.21210533714494
              ],
              [
                20.38472667708907,
                53.18135079344638
              ],
              [
                20.33965333131424,
                53.14876240537527
              ],
              [
                20.29111071690761,
                53.13369371548021
              ],
              [
                20.22715594105548,
                53.14650689716976
              ],
              [
                20.16769475113469,
                53.15309390327517
              ],
              [
                20.14928540999763,
                53.15934884399328
              ],
              [
                20.13125850811326,
                53.17683261213665
              ],
              [
                20.09314239491396,
                53.1980764483394
              ],
              [
                20.03251661214062,
                53.21353110055237
              ],
              [
                20.01496275102646,
                53.20995257495106
              ],
              [
                19.99161674900231,
                53.19662799843333
              ],
              [
                19.92409574341544,
                53.22858522073253
              ],
              [
                19.89182632957633,
                53.21503738693015
              ],
              [
                19.88899449037629,
                53.20509275333249
              ],
              [
                19.86186879622071,
                53.19795645177409
              ],
              [
                19.83705364260231,
                53.18172098777848
              ],
              [
                19.83086547044241,
                53.16961363618957
              ],
              [
                19.84154490677775,
                53.16294685875476
              ],
              [
                19.84264834126825,
                53.15274107184559
              ],
              [
                19.84375150449463,
                53.14253617101483
              ],
              [
                19.81239798841617,
                53.14997400331932
              ],
              [
                19.77559923148063,
                53.15478072783825
              ],
              [
                19.73623376037305,
                53.14544088993015
              ],
              [
                19.70204518675394,
                53.12621544048468
              ],
              [
                19.68648106153589,
                53.12782285693503
              ],
              [
                19.67738910076504,
                53.15999862242401
              ],
              [
                19.66451253263207,
                53.16560002381225
              ],
              [
                19.66251863878981,
                53.1698765276234
              ],
              [
                19.65418367336258,
                53.17537947114496
              ],
              [
                19.61825745752048,
                53.17871598957278
              ],
              [
                19.60445261250888,
                53.1903299329581
              ],
              [
                19.61446999896715,
                53.20756474876163
              ],
              [
                19.56692199813084,
                53.22491237213907
              ],
              [
                19.55610177347073,
                53.2142806121055
              ],
              [
                19.55934164706931,
                53.20453935790496
              ],
              [
                19.54796429883964,
                53.19632606423292
              ],
              [
                19.55268968551627,
                53.17814818498691
              ],
              [
                19.49465833767018,
                53.16395745019606
              ],
              [
                19.47695200383516,
                53.17043941589837
              ],
              [
                19.46925155450839,
                53.18880119520093
              ],
              [
                19.45453210686915,
                53.18972869265013
              ],
              [
                19.43575571491464,
                53.18487688875538
              ],
              [
                19.39337640148844,
                53.19177264240123
              ],
              [
                19.36859992790031,
                53.1861665077851
              ],
              [
                19.34401713725793,
                53.21629199870994
              ],
              [
                19.3316525928936,
                53.21944090186908
              ],
              [
                19.31119996628544,
                53.21593760757803
              ],
              [
                19.26536898863827,
                53.20326511056243
              ],
              [
                19.25452878053019,
                53.19201322731879
              ],
              [
                19.22678069031732,
                53.18221001135084
              ],
              [
                19.21211728737635,
                53.16582584143202
              ],
              [
                19.19433383124273,
                53.15439536325896
              ],
              [
                19.16871867102035,
                53.14939493422025
              ],
              [
                19.09937163616606,
                53.11961330540141
              ],
              [
                19.08211134297189,
                53.12303016662215
              ],
              [
                19.04124777975838,
                53.10938144121413
              ],
              [
                18.99731376257879,
                53.0827960833251
              ],
              [
                18.99598635115735,
                53.07938919318736
              ],
              [
                18.99391204892603,
                53.07406169261105
              ],
              [
                18.96623840016963,
                53.06199224332214
              ],
              [
                18.92471718383722,
                53.06204524106432
              ],
              [
                18.88101046565772,
                53.0669755686662
              ],
              [
                18.84956518447986,
                53.07070419282857
              ],
              [
                18.83379249102488,
                53.07101983711506
              ],
              [
                18.80686100859572,
                53.05708464903024
              ],
              [
                18.76825317570378,
                53.02534778169245
              ],
              [
                18.7704473664619,
                53.02045784565041
              ],
              [
                18.79147028627782,
                53.02223159797271
              ],
              [
                18.79524613946631,
                53.01486744414453
              ],
              [
                18.76967120337296,
                52.99667776116463
              ],
              [
                18.78034659181077,
                52.98296394531469
              ],
              [
                18.76843386871178,
                52.96994667604394
              ],
              [
                18.77356790462719,
                52.95238035894015
              ],
              [
                18.78506830145245,
                52.94397902579573
              ],
              [
                18.77782309136649,
                52.92295227380897
              ],
              [
                18.76471608309678,
                52.91476887663943
              ],
              [
                18.74962316332407,
                52.90014541096502
              ],
              [
                18.72731756921907,
                52.89605682145635
              ],
              [
                18.69982606372881,
                52.89817847593115
              ],
              [
                18.65694287507342,
                52.88613406982571
              ],
              [
                18.62310395972331,
                52.86506484325972
              ],
              [
                18.62246383458989,
                52.86088215988446
              ],
              [
                18.60290969365627,
                52.84586611990279
              ],
              [
                18.61323369879946,
                52.84424688037742
              ],
              [
                18.61784654094354,
                52.81004302721123
              ],
              [
                18.63336513772897,
                52.78296861749094
              ],
              [
                18.60346503183219,
                52.75427153185949
              ],
              [
                18.57559432655108,
                52.75820826868566
              ],
              [
                18.55877898735553,
                52.75735638423736
              ],
              [
                18.54363946177784,
                52.74807281706391
              ],
              [
                18.52178353835602,
                52.74630416257633
              ],
              [
                18.50853393273887,
                52.71809350859152
              ],
              [
                18.50465027358644,
                52.69865567746439
              ],
              [
                18.48123248158693,
                52.69279767939227
              ],
              [
                18.46747100465617,
                52.67270979347737
              ],
              [
                18.47587336245206,
                52.66331708141328
              ],
              [
                18.46360229418601,
                52.65982090152535
              ],
              [
                18.46176478012892,
                52.64741665756254
              ],
              [
                18.48120827602542,
                52.62669901776184
              ],
              [
                18.48387636791667,
                52.60511402360626
              ],
              [
                18.47718780257851,
                52.59297679210627
              ],
              [
                18.4853102568144,
                52.58181134732193
              ],
              [
                18.47528042883506,
                52.56687983014037
              ],
              [
                18.48842101422691,
                52.55662965176844
              ],
              [
                18.46905644458343,
                52.54459273145029
              ],
              [
                18.47100332848857,
                52.5379354881449
              ],
              [
                18.45075794359649,
                52.53309008325348
              ],
              [
                18.44211259657868,
                52.54070937041032
              ],
              [
                18.41809721184324,
                52.53010919300018
              ],
              [
                18.41174791127241,
                52.53343248786149
              ],
              [
                18.41390950819583,
                52.54820166944599
              ],
              [
                18.37787563561151,
                52.54286431368901
              ],
              [
                18.35800625021317,
                52.53991596274469
              ],
              [
                18.3438132540312,
                52.522816496656
              ],
              [
                18.2598303234092,
                52.48513782749112
              ],
              [
                18.21330421278292,
                52.49046988380653
              ],
              [
                18.20373460693634,
                52.51042073114552
              ],
              [
                18.16923566985987,
                52.51005185023509
              ],
              [
                18.15272429092068,
                52.50213994214144
              ],
              [
                18.11190318955344,
                52.48223395573616
              ],
              [
                18.09472200908027,
                52.4849100507893
              ],
              [
                18.06077407126735,
                52.46433446166169
              ],
              [
                18.01914574687167,
                52.44166529623237
              ],
              [
                17.98294446210792,
                52.42961333183666
              ],
              [
                17.95507466563993,
                52.41078363847524
              ],
              [
                17.95817493166885,
                52.37666957969612
              ],
              [
                17.92351660629661,
                52.36074831078587
              ],
              [
                17.91969626685401,
                52.33950873437463
              ],
              [
                17.9034581613853,
                52.33437018699114
              ],
              [
                17.87795059309904,
                52.31064353129405
              ],
              [
                17.8431396201772,
                52.28975491815129
              ],
              [
                17.82274378403588,
                52.26754912041504
              ],
              [
                17.77985898095391,
                52.22144548203092
              ],
              [
                17.70513674242333,
                52.19812722197761
              ],
              [
                17.66489377619476,
                52.178821694084
              ],
              [
                17.6622742626064,
                52.16585257531445
              ],
              [
                17.67683126178429,
                52.1435113150157
              ],
              [
                17.68050355586671,
                52.10404668891803
              ],
              [
                17.70038250578626,
                52.07808336195255
              ],
              [
                17.73604778183808,
                52.05491723374934
              ],
              [
                17.77118714171172,
                52.04438627157051
              ],
              [
                17.81075526272155,
                52.02127619529097
              ],
              [
                17.83128513927502,
                52.0092711011793
              ],
              [
                17.89967280049323,
                51.9719208737239
              ],
              [
                17.94068946044275,
                51.93234620166747
              ],
              [
                17.97247172470776,
                51.89620367940789
              ],
              [
                18.01605869487907,
                51.86242175235152
              ],
              [
                18.03716038772696,
                51.81906698396006
              ],
              [
                18.03152173361843,
                51.80566461616968
              ],
              [
                18.01554951712682,
                51.80112794684436
              ],
              [
                17.97317820230577,
                51.80746309645599
              ],
              [
                17.9715299692938,
                51.79848078830035
              ],
              [
                17.96971558955344,
                51.78858839247003
              ],
              [
                17.99698321489456,
                51.77707502649527
              ],
              [
                17.99501475755923,
                51.75351278402502
              ],
              [
                18.01464885103199,
                51.72809722982697
              ],
              [
                18.02092599153735,
                51.7176536224436
              ],
              [
                18.04543708294347,
                51.72174867853794
              ],
              [
                18.07613277429089,
                51.70765738877017
              ],
              [
                18.09643518562889,
                51.70898366298734
              ],
              [
                18.11577107426645,
                51.69606772035823
              ],
              [
                18.11186166882629,
                51.67424282366099
              ],
              [
                18.09045953922468,
                51.66464192613589
              ],
              [
                18.08229044819808,
                51.63946625331855
              ],
              [
                18.09756333933236,
                51.62995703677067
              ],
              [
                18.10491184349185,
                51.60852030440599
              ],
              [
                18.12935843373539,
                51.60545553518914
              ],
              [
                18.15852048845759,
                51.5878483250029
              ],
              [
                18.19583111706837,
                51.58111403418407
              ],
              [
                18.19561230164899,
                51.55850077930713
              ],
              [
                18.16460876494682,
                51.5482323573347
              ],
              [
                18.1448344278362,
                51.53617548835432
              ],
              [
                18.14296422372936,
                51.52919712703687
              ],
              [
                18.13675136700386,
                51.50599796623602
              ],
              [
                18.14887391673724,
                51.48273614753731
              ],
              [
                18.15469162939792,
                51.469331180416
              ],
              [
                18.18078076920452,
                51.46142982497373
              ],
              [
                18.21085836902695,
                51.42819410473447
              ],
              [
                18.21389237929021,
                51.40010944515112
              ],
              [
                18.20056397746577,
                51.39307796884861
              ],
              [
                18.18298028943354,
                51.35173786261376
              ],
              [
                18.1719192263293,
                51.32612716402102
              ],
              [
                18.16033764065836,
                51.31066420292635
              ],
              [
                18.16084273245562,
                51.27908251914216
              ],
              [
                18.17731907002253,
                51.26749392464685
              ],
              [
                18.18384951461834,
                51.23142491990006
              ],
              [
                18.19343206864682,
                51.21521787249231
              ],
              [
                18.1919990767804,
                51.20556380601627
              ],
              [
                18.17593026674605,
                51.18659619711321
              ],
              [
                18.16235016326761,
                51.17418947881107
              ],
              [
                18.17463359238914,
                51.17392124103382
              ],
              [
                18.21800642644947,
                51.15672076804099
              ],
              [
                18.25224562893419,
                51.15786606952531
              ],
              [
                18.30592033452199,
                51.1418744719633
              ],
              [
                18.33542869435956,
                51.14170235185337
              ],
              [
                18.3730067458671,
                51.13965196608759
              ],
              [
                18.41477099181644,
                51.12009197381413
              ],
              [
                18.43657599828051,
                51.09328472332263
              ],
              [
                18.44242340934615,
                51.07420514834985
              ],
              [
                18.4404838170532,
                51.06269641137605
              ],
              [
                18.43805053625956,
                51.04824795114781
              ],
              [
                18.44533460173748,
                51.02730138738426
              ],
              [
                18.46694097413556,
                51.01300313893424
              ],
              [
                18.50294677638886,
                51.01397366156554
              ],
              [
                18.54104825310161,
                50.9963555991883
              ],
              [
                18.59051752470679,
                50.97927236236498
              ],
              [
                18.62242388103273,
                50.97150466816238
              ],
              [
                18.61257074350959,
                50.96194221969403
              ],
              [
                18.63512736111057,
                50.93505140748633
              ],
              [
                18.65341955467333,
                50.9303171966524
              ],
              [
                18.65707567446954,
                50.92540843231109
              ],
              [
                18.63179471383548,
                50.8721205265013
              ],
              [
                18.61716265617419,
                50.84996942089145
              ],
              [
                18.62625850661503,
                50.83456384388938
              ],
              [
                18.69188400627793,
                50.81353228050496
              ],
              [
                18.72779750043862,
                50.78882838648954
              ],
              [
                18.74680731272053,
                50.77463979441937
              ],
              [
                18.76266679671942,
                50.77012860313066
              ],
              [
                18.79919134687692,
                50.76686376453915
              ],
              [
                18.83851918311959,
                50.76866284979418
              ],
              [
                18.88984318919164,
                50.75371722477535
              ],
              [
                18.92348011656052,
                50.72729787080936
              ],
              [
                18.94275286511462,
                50.69279491284708
              ],
              [
                18.97045553753019,
                50.68994216485606
              ],
              [
                18.98481356294529,
                50.6604918825921
              ],
              [
                19.04291503488113,
                50.66055072847346
              ],
              [
                19.06445314081385,
                50.63536138761842
              ],
              [
                19.07058852609404,
                50.63444056168788
              ],
              [
                19.09078437145678,
                50.63843244413157
              ],
              [
                19.09730214004557,
                50.63712695780695
              ],
              [
                19.10719996656945,
                50.62023404477385
              ],
              [
                19.10541334115712,
                50.61598096951344
              ],
              [
                19.07436224081916,
                50.61112902344228
              ],
              [
                19.07454521716185,
                50.60811203758283
              ],
              [
                19.10454479527115,
                50.58712929503609
              ],
              [
                19.10522469696159,
                50.58248951411182
              ],
              [
                19.079796009553,
                50.5510993057708
              ],
              [
                19.0925395034777,
                50.51160707223752
              ],
              [
                19.07282887204554,
                50.50257210239379
              ],
              [
                19.06742978031484,
                50.50314537388961
              ],
              [
                19.05648370068334,
                50.48691838040659
              ],
              [
                19.04224984081311,
                50.48169009443555
              ],
              [
                19.01628594369791,
                50.48040571108867
              ],
              [
                18.98728635184659,
                50.45229211171845
              ],
              [
                18.97356239301489,
                50.42308233754961
              ],
              [
                18.96960292109463,
                50.41464761608546
              ],
              [
                18.97425683587361,
                50.39574132443273
              ],
              [
                18.97204972895194,
                50.37537091015287
              ],
              [
                19.03493243896313,
                50.35218186103875
              ],
              [
                19.0572442605918,
                50.34413779775755
              ],
              [
                19.06192741431126,
                50.34008433193835
              ],
              [
                19.05944810812211,
                50.32344158743685
              ],
              [
                19.0782006084013,
                50.2934254430757
              ],
              [
                19.08497254646911,
                50.28257347145234
              ],
              [
                19.12266416989364,
                50.2611995554791
              ],
              [
                19.14320983384795,
                50.25032072784787
              ],
              [
                19.15773660177635,
                50.2293858902838
              ],
              [
                19.16190242483047,
                50.22419977542033
              ],
              [
                19.16386939710615,
                50.21650475265866
              ],
              [
                19.16443337658195,
                50.21429817081641
              ],
              [
                19.17134283968933,
                50.21330708388556
              ],
              [
                19.17791220355839,
                50.20478033154784
              ],
              [
                19.18591709292233,
                50.20546855714941
              ],
              [
                19.19105455923054,
                50.20302148770146
              ],
              [
                19.19236879479777,
                50.19567952658871
              ],
              [
                19.20592928600655,
                50.19212344534422
              ],
              [
                19.21346271776979,
                50.1849326373746
              ],
              [
                19.21794053016416,
                50.18306134571137
              ],
              [
                19.22275771865921,
                50.1762010347629
              ],
              [
                19.23185549518606,
                50.17326320955733
              ],
              [
                19.23963478497329,
                50.16123674627652
              ],
              [
                19.24724622723198,
                50.15498493566174
              ],
              [
                19.25084698956757,
                50.14164674696408
              ],
              [
                19.25596206930259,
                50.13635449804206
              ],
              [
                19.2487289927284,
                50.13040628427036
              ],
              [
                19.23950390851699,
                50.11629015233889
              ],
              [
                19.24135474490085,
                50.11191922822939
              ],
              [
                19.23249493540852,
                50.10821894983399
              ],
              [
                19.22867099624176,
                50.09977772085485
              ],
              [
                19.22290355316536,
                50.09540153506948
              ],
              [
                19.22409579533468,
                50.08948584161052
              ],
              [
                19.21434496665881,
                50.08114584127326
              ],
              [
                19.21200436292242,
                50.0745731092905
              ],
              [
                19.21948073179228,
                50.07323411446834
              ],
              [
                19.22411228230102,
                50.07257328914438
              ],
              [
                19.22908601328815,
                50.07186363168693
              ],
              [
                19.23364189650803,
                50.0662830164599
              ],
              [
                19.22525755658233,
                50.06730634787147
              ],
              [
                19.22013895736498,
                50.06253284444845
              ],
              [
                19.21374659680106,
                50.06442453741539
              ],
              [
                19.20286093733591,
                50.06375644910067
              ],
              [
                19.19394155618317,
                50.06496249284859
              ],
              [
                19.16923803540111,
                50.05540669144983
              ],
              [
                19.15068300813144,
                50.056366707245
              ],
              [
                19.14312992466089,
                50.04798985384402
              ],
              [
                19.14243001875153,
                50.03017388279892
              ],
              [
                19.10817183807545,
                49.98597025635009
              ],
              [
                19.12155084222757,
                49.96410300584187
              ],
              [
                19.07799359261969,
                49.955313889797
              ],
              [
                19.03898786953322,
                49.95138730422359
              ],
              [
                19.01644432850229,
                49.95243429133135
              ],
              [
                18.96476024642381,
                49.92141911574829
              ],
              [
                18.939730220654,
                49.92054494426674
              ],
              [
                18.90660407380749,
                49.94252941455514
              ],
              [
                18.91504226623184,
                49.92302499548169
              ],
              [
                18.86386837352045,
                49.92137697198261
              ],
              [
                18.81834934854125,
                49.93319381024664
              ],
              [
                18.80640970271961,
                49.93081864674321
              ],
              [
                18.78751999115975,
                49.93301647157296
              ],
              [
                18.77660968045751,
                49.93269523556202
              ],
              [
                18.74613594727291,
                49.94095393447935
              ],
              [
                18.71095267753034,
                49.93347688200902
              ],
              [
                18.70506076401706,
                49.92429202903115
              ],
              [
                18.72861362903037,
                49.90803448409661
              ],
              [
                18.72861362483171,
                49.9080344830135
              ],
              [
                18.72861362864406,
                49.90803448038074
              ],
              [
                18.6935896033315,
                49.89899243612184
              ],
              [
                18.68860247505042,
                49.89770377299116
              ],
              [
                18.68587232883938,
                49.89642339712581
              ],
              [
                18.6668557574241,
                49.88750132303293
              ],
              [
                18.65696708578788,
                49.88807226168245
              ],
              [
                18.63510401493931,
                49.89856049638034
              ],
              [
                18.60970857011504,
                49.89883570712652
              ],
              [
                18.58719506380563,
                49.89905749195062
              ],
              [
                18.57915098734438,
                49.90439608511655
              ],
              [
                18.57659683000268,
                49.92311667529321
              ],
              [
                18.55744112272259,
                49.91936516611582
              ],
              [
                18.54074938012677,
                49.92746790382143
              ],
              [
                18.53962168288969,
                49.91346116784582
              ],
              [
                18.54415599036382,
                49.90854811873631
              ],
              [
                18.52497432259485,
                49.90168565948956
              ],
              [
                18.50494250838291,
                49.90499722682821
              ],
              [
                18.49124045126281,
                49.90732866412593
              ],
              [
                18.46554421925725,
                49.91846049357507
              ],
              [
                18.45747621984838,
                49.92498118500708
              ],
              [
                18.43521864966368,
                49.92766645834233
              ],
              [
                18.43028330411252,
                49.93743983631634
              ],
              [
                18.39625059947569,
                49.9345987944356
              ],
              [
                18.37961477139481,
                49.93529983345105
              ],
              [
                18.3675987294585,
                49.93706764436722
              ],
              [
                18.35934797035417,
                49.94131116375964
              ],
              [
                18.35589612534977,
                49.94430010767318
              ],
              [
                18.34472659634448,
                49.94523080387675
              ],
              [
                18.33691396951719,
                49.94611078562528
              ],
              [
                18.33293200237371,
                49.94942753622703
              ],
              [
                18.3348955759027,
                49.94445167356686
              ],
              [
                18.33361326904721,
                49.94037093395607
              ],
              [
                18.34112438190782,
                49.93812474767676
              ],
              [
                18.34378439680491,
                49.94012430873707
              ],
              [
                18.34736696816908,
                49.94021640775539
              ],
              [
                18.34880730168016,
                49.93664739049174
              ],
              [
                18.35227623761142,
                49.93524736711951
              ],
              [
                18.35013509975373,
                49.9338523311015
              ],
              [
                18.34280284279891,
                49.93523213672243
              ],
              [
                18.34094756979829,
                49.93407261598577
              ],
              [
                18.34139912768338,
                49.93201581719947
              ],
              [
                18.34889441780774,
                49.93011918246626
              ],
              [
                18.35051009744457,
                49.92928608142847
              ],
              [
                18.34473463350382,
                49.92988792882001
              ],
              [
                18.34041677090093,
                49.92549860170467
              ],
              [
                18.3370718390034,
                49.92693797427009
              ],
              [
                18.33312338169044,
                49.92749054530861
              ],
              [
                18.33399434502781,
                49.92990977250448
              ],
              [
                18.33133271709939,
                49.93108356374669
              ],
              [
                18.32999473924465,
                49.93022096476197
              ],
              [
                18.33114640432667,
                49.92521194710019
              ],
              [
                18.32676913398502,
                49.92023869708839
              ],
              [
                18.31883758737643,
                49.91338922544279
              ],
              [
                18.32604154248207,
                49.90359926097125
              ],
              [
                18.3203321043114,
                49.89852811912392
              ],
              [
                18.31884687105858,
                49.89306769222351
              ],
              [
                18.31368085697344,
                49.89062510662771
              ],
              [
                18.30704366848103,
                49.88847734975928
              ],
              [
                18.30359011233856,
                49.88496002271245
              ],
              [
                18.30234644061191,
                49.88042974995635
              ],
              [
                18.30078548009955,
                49.87634519334874
              ],
              [
                18.29017337407137,
                49.87374309782033
              ],
              [
                18.28074437786015,
                49.86929430521931
              ],
              [
                18.27309751630958,
                49.86514167302364
              ],
              [
                18.26031563500706,
                49.86415298232986
              ],
              [
                18.25268798959666,
                49.86072144611038
              ],
              [
                18.24266435389038,
                49.8603746097799
              ],
              [
                18.23610158345099,
                49.8562664825315
              ],
              [
                18.23418345683626,
                49.85037919070135
              ],
              [
                18.22132318624753,
                49.8419374573517
              ],
              [
                18.22131714483394,
                49.83434164651699
              ],
              [
                18.19595989848437,
                49.86572937069751
              ],
              [
                18.18003267556423,
                49.87631571088364
              ],
              [
                18.16132174148658,
                49.88372700959317
              ],
              [
                18.14346904817534,
                49.90142102691323
              ],
              [
                18.13007952819194,
                49.90518016986891
              ],
              [
                18.06653657010566,
                49.90898403863458
              ],
              [
                18.02583815616842,
                49.92063552312394
              ],
              [
                18.01712709153215,
                49.92353162619072
              ],
              [
                17.98236954253825,
                49.92577990846134
              ],
              [
                17.95385259830742,
                49.93225007857088
              ],
              [
                17.95424234249435,
                49.94398489228527
              ],
              [
                17.94985422942525,
                49.9575450583913
              ],
              [
                17.90995487806156,
                49.97684414595496
              ],
              [
                17.88524776950301,
                49.97749059910957
              ],
              [
                17.86670749927926,
                49.97417913104641
              ],
              [
                17.82654259889499,
                49.99658620316752
              ],
              [
                17.81747499764555,
                50.00164336473509
              ],
              [
                17.80843383548807,
                50.01258154028951
              ],
              [
                17.78732381658475,
                50.01845538661439
              ],
              [
                17.77230537298774,
                50.026446667393
              ],
              [
                17.77683552080396,
                50.02874700268562
              ],
              [
                17.77693694758119,
                50.0340252992474
              ],
              [
                17.77161284673808,
                50.03548429263994
              ],
              [
                17.77074446635051,
                50.0384033824499
              ],
              [
                17.77427339571954,
                50.0405382904676
              ],
              [
                17.77172249299015,
                50.04406008335057
              ],
              [
                17.77141972326572,
                50.04906682625406
              ],
              [
                17.77051912968369,
                50.05152127550409
              ],
              [
                17.76221908184204,
                50.0535801319322
              ],
              [
                17.76174553317589,
                50.05783185755725
              ],
              [
                17.75612227047574,
                50.06146980143339
              ],
              [
                17.75904388893055,
                50.06487285493876
              ],
              [
                17.75967309088439,
                50.06777166358719
              ],
              [
                17.75100677997091,
                50.07265076313791
              ],
              [
                17.75119117081835,
                50.07704898053085
              ],
              [
                17.74613048714086,
                50.07937827525794
              ],
              [
                17.74005424692913,
                50.08272464767881
              ],
              [
                17.73366776837859,
                50.08632007441204
              ],
              [
                17.73062118024323,
                50.08995340241457
              ],
              [
                17.73116373747092,
                50.09731296040262
              ],
              [
                17.70447880642014,
                50.09682293243717
              ],
              [
                17.6941130048634,
                50.09663710848769
              ],
              [
                17.68235880236006,
                50.10166107325261
              ],
              [
                17.67567190346264,
                50.10553853874982
              ],
              [
                17.66140408098168,
                50.10818768099679
              ],
              [
                17.64983460700265,
                50.1131037793254
              ],
              [
                17.64514980825683,
                50.12264629468945
              ],
              [
                17.6429984715789,
                50.12831518693254
              ],
              [
                17.63317234755523,
                50.1331552890772
              ],
              [
                17.61982614166178,
                50.13857413777964
              ],
              [
                17.60847365883637,
                50.14289559877412
              ],
              [
                17.60331590104593,
                50.15133528742732
              ],
              [
                17.59428675079377,
                50.1603768568685
              ],
              [
                17.59887396850376,
                50.16649485603717
              ],
              [
                17.60144660597828,
                50.16992517875565
              ],
              [
                17.60638867588101,
                50.17113843606765
              ],
              [
                17.61080158187096,
                50.17105155058776
              ],
              [
                17.61875995027053,
                50.17089442631728
              ],
              [
                17.62455130569662,
                50.16889838535246
              ],
              [
                17.63310279517063,
                50.17286114059093
              ],
              [
                17.64440772941411,
                50.17691647225068
              ],
              [
                17.66113972804481,
                50.17827709882979
              ],
              [
                17.66990176364058,
                50.17977639802454
              ],
              [
                17.678930509605,
                50.18132128563682
              ],
              [
                17.69899033580593,
                50.18475349678408
              ],
              [
                17.70567648568352,
                50.1854049488912
              ],
              [
                17.70654395999294,
                50.18656673790424
              ],
              [
                17.71259985049074,
                50.1889218525648
              ],
              [
                17.73507345149516,
                50.1894932959916
              ],
              [
                17.75204951150197,
                50.19265578843723
              ],
              [
                17.76386628687815,
                50.19977083703699
              ],
              [
                17.76321144130162,
                50.2260014535106
              ],
              [
                17.76084275214079,
                50.23095501051329
              ],
              [
                17.74891624502907,
                50.23796511733101
              ],
              [
                17.73368281538241,
                50.24971188396688
              ],
              [
                17.73233792733499,
                50.26916310436753
              ],
              [
                17.73762396434589,
                50.28044082539513
              ],
              [
                17.75011595997157,
                50.29441745008155
              ],
              [
                17.75185835114823,
                50.29994526058583
              ],
              [
                17.73628699190077,
                50.30230227432326
              ],
              [
                17.72789136898195,
                50.30442384682286
              ],
              [
                17.7211578937371,
                50.31832760019285
              ],
              [
                17.71554697414254,
                50.32076961005409
              ],
              [
                17.70384024773945,
                50.32426282323017
              ],
              [
                17.68733834403961,
                50.32663212351016
              ],
              [
                17.68843750953572,
                50.30134357281781
              ],
              [
                17.65078713182952,
                50.27402397077748
              ],
              [
                17.63929349690533,
                50.27113359876929
              ],
              [
                17.62302729809121,
                50.26704047622209
              ],
              [
                17.62176877889068,
                50.26733848370968
              ],
              [
                17.59211821319031,
                50.27924664701276
              ],
              [
                17.58535204154564,
                50.27877122080575
              ],
              [
                17.56317461550451,
                50.27084700732389
              ],
              [
                17.55694347780521,
                50.27059937804033
              ],
              [
                17.49592836915111,
                50.27498796438911
              ],
              [
                17.45612249736322,
                50.27100436307013
              ],
              [
                17.44016045793894,
                50.25214012442451
              ],
              [
                17.43015530102043,
                50.25508426102733
              ],
              [
                17.43151405714199,
                50.26229244989346
              ],
              [
                17.42559051537029,
                50.27130975937192
              ],
              [
                17.42034596152257,
                50.27825511082601
              ],
              [
                17.40741304532171,
                50.27418730638534
              ],
              [
                17.39988275589111,
                50.27974544874397
              ],
              [
                17.37237937000075,
                50.28340760434558
              ],
              [
                17.36285677982629,
                50.27943943484611
              ],
              [
                17.36187079986946,
                50.26570820199733
              ],
              [
                17.35654504412225,
                50.26496647379254
              ],
              [
                17.34602117400571,
                50.26628267092979
              ],
              [
                17.34202726941404,
                50.27850420821235
              ],
              [
                17.33874611217923,
                50.28401911490058
              ],
              [
                17.34858293221984,
                50.28742120306127
              ],
              [
                17.3449368701953,
                50.29507977255083
              ],
              [
                17.34783931483387,
                50.29970874570541
              ],
              [
                17.35444965260336,
                50.30815432825802
              ],
              [
                17.33742146274889,
                50.31380569083917
              ],
              [
                17.34031589135833,
                50.32248221154867
              ],
              [
                17.34787348118115,
                50.32739389941096
              ],
              [
                17.32707483084299,
                50.32727775537483
              ],
              [
                17.31090219397765,
                50.32044230650163
              ],
              [
                17.29966136419152,
                50.31915250088008
              ],
              [
                17.28163790791844,
                50.31840098671068
              ],
              [
                17.26393107634565,
                50.32715222611072
              ],
              [
                17.24356807688559,
                50.33724592724135
              ],
              [
                17.22042863066492,
                50.34878503612226
              ],
              [
                17.2003772472216,
                50.3660771753774
              ],
              [
                17.199453110158,
                50.37654046022597
              ],
              [
                17.20410909732399,
                50.38561217977438
              ],
              [
                17.18505952146515,
                50.390327061358
              ],
              [
                17.17811475656572,
                50.38597850801953
              ],
              [
                17.16275913176526,
                50.38381810281771
              ],
              [
                17.15851844508778,
                50.38068221066008
              ],
              [
                17.14348510732241,
                50.38110318066354
              ],
              [
                17.13408725297722,
                50.38756234305772
              ],
              [
                17.12445998463059,
                50.39417662672226
              ],
              [
                17.11040489164288,
                50.39394501039173
              ],
              [
                17.11152532916243,
                50.40525426126651
              ],
              [
                17.08550711475212,
                50.40630715997029
              ],
              [
                17.08147425250142,
                50.4022533785034
              ],
              [
                17.06897255664589,
                50.40495527293687
              ],
              [
                17.05307898366283,
                50.40779835521688
              ],
              [
                17.03945779073246,
                50.41465517883233
              ],
              [
                17.030131385598,
                50.41573272128154
              ],
              [
                17.02593103441589,
                50.42135200813529
              ],
              [
                17.01824880911393,
                50.42130126356007
              ],
              [
                17.01406404471173,
                50.41902167310921
              ],
              [
                16.99832799441315,
                50.42814972456292
              ],
              [
                16.98413843868443,
                50.42040580281354
              ],
              [
                16.97488121221065,
                50.41825794296367
              ],
              [
                16.9678175644645,
                50.42355787546992
              ],
              [
                16.94633355559674,
                50.43420743041473
              ],
              [
                16.92388247058438,
                50.44091587515452
              ],
              [
                16.90881804477956,
                50.44899409702836
              ],
              [
                16.89848313153006,
                50.44699932889785
              ],
              [
                16.88820780253804,
                50.44329626035559
              ],
              [
                16.88143626590093,
                50.4418286702153
              ],
              [
                16.86930102628477,
                50.41690443979336
              ],
              [
                16.86061955847148,
                50.41166622104314
              ],
              [
                16.86124960786023,
                50.40920282092073
              ],
              [
                16.87900478715003,
                50.39972986399018
              ],
              [
                16.89152994187143,
                50.39566359797793
              ],
              [
                16.89806859298329,
                50.38930192151012
              ],
              [
                16.90460457324404,
                50.39131670193753
              ],
              [
                16.90894612137856,
                50.390259496638
              ],
              [
                16.91155909827491,
                50.38573006120311
              ],
              [
                16.91486177044874,
                50.38286189043901
              ],
              [
                16.91837635450191,
                50.36962484643912
              ],
              [
                16.91486378783371,
                50.36406364960934
              ],
              [
                16.92632433416842,
                50.3487930660904
              ],
              [
                16.93787961262201,
                50.3419234400453
              ],
              [
                16.937588767377,
                50.33843100071457
              ],
              [
                16.93715653413662,
                50.3332403147263
              ],
              [
                16.93367281559132,
                50.32989818849119
              ],
              [
                16.94003837426217,
                50.31935195971703
              ],
              [
                16.94477078284882,
                50.31798773545302
              ],
              [
                16.94765695933428,
                50.31488977199088
              ],
              [
                16.95851592956903,
                50.31200569455364
              ],
              [
                16.96311035382762,
                50.31489584613742
              ],
              [
                16.96845841692492,
                50.31595117010656
              ],
              [
                16.97131300887822,
                50.30919023349588
              ],
              [
                16.98435437605395,
                50.30393670548031
              ],
              [
                16.99585443883022,
                50.30180328943887
              ],
              [
                17.00173374287968,
                50.30228029011389
              ],
              [
                17.00428809493904,
                50.29583009847228
              ],
              [
                17.00994912205174,
                50.29503588483966
              ],
              [
                17.01464852975099,
                50.28764107624431
              ],
              [
                17.01957888868626,
                50.27781425112752
              ],
              [
                17.01747379328819,
                50.26946169956947
              ],
              [
                17.00940023451009,
                50.25977268863025
              ],
              [
                17.00068833677813,
                50.25600635630386
              ],
              [
                17.01100860996268,
                50.24823128597792
              ],
              [
                17.01108817069684,
                50.24188986656749
              ],
              [
                17.01790485092037,
                50.23896313949357
              ],
              [
                17.02810214943771,
                50.2303389213418
              ],
              [
                17.0201403161276,
                50.22371809860336
              ],
              [
                17.01512438593404,
                50.21954652895391
              ],
              [
                16.99999028354701,
                50.21605662045093
              ],
              [
                16.99722735261022,
                50.21662067464877
              ],
              [
                16.99228842476186,
                50.22741244349878
              ],
              [
                16.98057244551424,
                50.24197345712427
              ],
              [
                16.97686304758145,
                50.2450179790138
              ],
              [
                16.97500488527038,
                50.24504050666042
              ],
              [
                16.96118660909217,
                50.23819694551739
              ],
              [
                16.96192054772503,
                50.23381766526075
              ],
              [
                16.96541659597898,
                50.23027045738196
              ],
              [
                16.95669465485557,
                50.22392638688329
              ],
              [
                16.949780073145,
                50.22198467923232
              ],
              [
                16.92816301914817,
                50.22317067120003
              ],
              [
                16.92328337487193,
                50.22603541896228
              ],
              [
                16.91766627030071,
                50.22668053458389
              ],
              [
                16.89887795498997,
                50.22319343696069
              ],
              [
                16.88811629930205,
                50.21629309540241
              ],
              [
                16.88356574193837,
                50.21228351522565
              ],
              [
                16.88436590617815,
                50.20373836817303
              ],
              [
                16.88180396316688,
                50.19976382767328
              ],
              [
                16.8722482771599,
                50.19711637120187
              ],
              [
                16.86345634980442,
                50.19855047146267
              ],
              [
                16.86240937983795,
                50.20114826335895
              ],
              [
                16.8497875693735,
                50.20751938090278
              ],
              [
                16.83719998530252,
                50.20355152128838
              ],
              [
                16.81074243271103,
                50.19032254634736
              ],
              [
                16.80073245005309,
                50.18055299604283
              ],
              [
                16.79650729166926,
                50.16583955147743
              ],
              [
                16.78178544422826,
                50.14481670965917
              ],
              [
                16.75494356515946,
                50.13402884068557
              ],
              [
                16.74312867612481,
                50.13171312266968
              ],
              [
                16.73794832882336,
                50.12639814553125
              ],
              [
                16.72853334220102,
                50.11673696553422
              ],
              [
                16.72729022851057,
                50.11104959497301
              ],
              [
                16.72302000196473,
                50.104850019999
              ],
              [
                16.71790835697172,
                50.10175231830252
              ],
              [
                16.70602085974954,
                50.09680479138206
              ],
              [
                16.69424923808936,
                50.09810985040644
              ],
              [
                16.66593938750767,
                50.10464365844871
              ],
              [
                16.63434755808111,
                50.11205076651417
              ],
              [
                16.62106382734368,
                50.12214723492785
              ],
              [
                16.60714737414068,
                50.13519885745396
              ],
              [
                16.58633519785884,
                50.14191065954135
              ],
              [
                16.58565885428238,
                50.15331259917919
              ],
              [
                16.57076646557383,
                50.1581840310261
              ],
              [
                16.55912187509387,
                50.17115744836266
              ],
              [
                16.56297818057844,
                50.17739327550308
              ],
              [
                16.5599630946806,
                50.18910555638982
              ],
              [
                16.55633376175482,
                50.19804307404005
              ],
              [
                16.56177274478382,
                50.20606151505971
              ],
              [
                16.55833203519882,
                50.22010727699332
              ],
              [
                16.54917680580647,
                50.22910661464886
              ],
              [
                16.54123466674694,
                50.23357699597929
              ],
              [
                16.53390291087877,
                50.23859308936051
              ],
              [
                16.52349268790376,
                50.23967312491056
              ],
              [
                16.5128620591479,
                50.2473533223742
              ],
              [
                16.51449596172501,
                50.25186799857079
              ],
              [
                16.50745581545392,
                50.25223947080693
              ],
              [
                16.50477398759272,
                50.25851671736356
              ],
              [
                16.49552593421224,
                50.26301734217568
              ],
              [
                16.47449184901113,
                50.28051094088807
              ],
              [
                16.46379937943086,
                50.2947110440297
              ],
              [
                16.44684601140147,
                50.30521111747213
              ],
              [
                16.44708395927146,
                50.31122107785009
              ],
              [
                16.43652445764369,
                50.32164388692221
              ],
              [
                16.4227655493561,
                50.32503724111069
              ],
              [
                16.40973432441053,
                50.32485575741927
              ],
              [
                16.40006369729294,
                50.31915220861126
              ],
              [
                16.38495801893993,
                50.32831482572613
              ],
              [
                16.37651537966152,
                50.34206182930734
              ],
              [
                16.36185334533549,
                50.3503720124284
              ],
              [
                16.36656229172197,
                50.35473737249413
              ],
              [
                16.36694377480948,
                50.36912852090315
              ],
              [
                16.35754827048332,
                50.38016473214203
              ],
              [
                16.33915755475708,
                50.37270861685525
              ],
              [
                16.31198606196496,
                50.38086100617036
              ],
              [
                16.29988958067155,
                50.38122540052839
              ],
              [
                16.28663659238135,
                50.36722177081337
              ],
              [
                16.27856491620778,
                50.36826695361918
              ],
              [
                16.27610107312536,
                50.37702878631099
              ],
              [
                16.26772431681827,
                50.38065615463267
              ],
              [
                16.26835079641618,
                50.38751035211116
              ],
              [
                16.26453470671143,
                50.39266945826117
              ],
              [
                16.24981797168922,
                50.39646518498387
              ],
              [
                16.25156394472744,
                50.40640232119539
              ],
              [
                16.2371853248162,
                50.41437845899431
              ],
              [
                16.2222700259876,
                50.40605161187854
              ],
              [
                16.21321985342271,
                50.41068462068957
              ],
              [
                16.20435895312147,
                50.42645823800621
              ],
              [
                16.2064429044432,
                50.44048488870686
              ],
              [
                16.2156486127661,
                50.44865971831199
              ],
              [
                16.22874645682514,
                50.44279922698376
              ],
              [
                16.23463855799318,
                50.44821392122577
              ],
              [
                16.22552577753791,
                50.4580791036573
              ],
              [
                16.2305537655155,
                50.46326669766433
              ],
              [
                16.25642758501499,
                50.46930825250164
              ],
              [
                16.24988355952819,
                50.47201837077763
              ],
              [
                16.25989641143638,
                50.47963252392032
              ],
              [
                16.27163546091134,
                50.47722498116623
              ],
              [
                16.27189527055446,
                50.48425281805882
              ],
              [
                16.29437789912994,
                50.47906079371386
              ],
              [
                16.31139510063364,
                50.49359659239531
              ],
              [
                16.30890037001518,
                50.50097646045052
              ],
              [
                16.31777337896907,
                50.50709880105245
              ],
              [
                16.33072961403156,
                50.50238239490901
              ],
              [
                16.34418853885036,
                50.49616608243901
              ],
              [
                16.35610549252484,
                50.49927612721432
              ],
              [
                16.3737423510317,
                50.51599109751105
              ],
              [
                16.38567775616034,
                50.51989298361114
              ],
              [
                16.40112949869999,
                50.52841886060782
              ],
              [
                16.39911627832481,
                50.53405699317836
              ],
              [
                16.39009449022654,
                50.54287629976917
              ],
              [
                16.41104003903089,
                50.54732062929241
              ],
              [
                16.40942983978328,
                50.56219504653743
              ],
              [
                16.43023686821493,
                50.56845908677538
              ],
              [
                16.44136077540448,
                50.57180519693102
              ],
              [
                16.44160936826978,
                50.57444357231073
              ],
              [
                16.41242073687699,
                50.60201067882987
              ],
              [
                16.37691690721368,
                50.62239349419285
              ],
              [
                16.35994877043034,
                50.63835943127553
              ],
              [
                16.34480161081988,
                50.64457620982842
              ],
              [
                16.34282467094852,
                50.66369135056075
              ],
              [
                16.3347007629303,
                50.66696927859168
              ],
              [
                16.3109943232392,
                50.6636850599749
              ],
              [
                16.28311169425279,
                50.66590471614365
              ],
              [
                16.24720190411949,
                50.67257647815426
              ],
              [
                16.23251212268007,
                50.66746081703622
              ],
              [
                16.23031307503203,
                50.6633994817313
              ],
              [
                16.21995318569483,
                50.63971293013599
              ],
              [
                16.21622205997376,
                50.63304125985143
              ],
              [
                16.18434555961774,
                50.62783084431968
              ],
              [
                16.18090084293816,
                50.62913119306123
              ],
              [
                16.17176602573794,
                50.64469777289776
              ],
              [
                16.14861738013925,
                50.65366742923668
              ],
              [
                16.14053327962305,
                50.65132772632066
              ],
              [
                16.13631678322146,
                50.65420336836039
              ],
              [
                16.12751704343372,
                50.6582344514328
              ],
              [
                16.12639882853243,
                50.66078911076229
              ],
              [
                16.11412808398708,
                50.65910228794605
              ],
              [
                16.10277730706337,
                50.66298678426988
              ],
              [
                16.09670911582362,
                50.6546400369538
              ],
              [
                16.08864564314235,
                50.65219572909474
              ],
              [
                16.08241757418692,
                50.64633041500398
              ],
              [
                16.0679294622235,
                50.64037531834919
              ],
              [
                16.05802128704405,
                50.61865819782374
              ],
              [
                16.05589653528773,
                50.60979694743943
              ],
              [
                16.04224097669165,
                50.61449809760448
              ],
              [
                16.029302581819,
                50.60392863689654
              ],
              [
                16.02481742790545,
                50.59878390909025
              ],
              [
                16.01982005816883,
                50.60012958840356
              ],
              [
                16.01340685407425,
                50.60596064919105
              ],
              [
                16.00505550777562,
                50.60638660020832
              ],
              [
                15.98721938386546,
                50.61252898789649
              ],
              [
                15.99100458166404,
                50.61766630686392
              ],
              [
                16.02067773846393,
                50.62947835509812
              ],
              [
                16.01105715120871,
                50.63660064160033
              ],
              [
                16.00853589081897,
                50.64070442401695
              ],
              [
                16.01071099446332,
                50.66621308862924
              ],
              [
                16.00443066055307,
                50.67600800729322
              ],
              [
                15.97588544339923,
                50.68903794508867
              ],
              [
                15.9522378642456,
                50.68984228708688
              ],
              [
                15.92818497667028,
                50.68687623348453
              ],
              [
                15.88739249191708,
                50.67558549711346
              ],
              [
                15.87967660616235,
                50.67590748872001
              ],
              [
                15.86359457964776,
                50.68725396058067
              ],
              [
                15.86211042589971,
                50.70336632283524
              ],
              [
                15.84005064954089,
                50.73146362710462
              ],
              [
                15.83952500868041,
                50.74724040261218
              ],
              [
                15.83630392653532,
                50.74768352420452
              ],
              [
                15.83149337545538,
                50.74834384228932
              ],
              [
                15.80826732564338,
                50.75456194531933
              ],
              [
                15.79252410742742,
                50.75206133091538
              ],
              [
                15.77948650676898,
                50.74284349193592
              ],
              [
                15.74633377070083,
                50.74021070213229
              ],
              [
                15.74018534183697,
                50.73608995713286
              ],
              [
                15.72840368938345,
                50.73897593450191
              ],
              [
                15.69966908127699,
                50.73878789885757
              ],
              [
                15.68876809530115,
                50.74288500078738
              ],
              [
                15.68028559742839,
                50.75474922638645
              ],
              [
                15.65971982299547,
                50.75997467811519
              ],
              [
                15.63282343216989,
                50.76278258051331
              ],
              [
                15.61620838833523,
                50.77309744733937
              ],
              [
                15.5779303267776,
                50.7785639241256
              ],
              [
                15.53527198024326,
                50.77924017993343
              ],
              [
                15.52405799093849,
                50.77654600203346
              ],
              [
                15.51137671842234,
                50.79062254749341
              ],
              [
                15.49872308397969,
                50.78843260520139
              ],
              [
                15.47952678306252,
                50.79079020376206
              ],
              [
                15.461962349541,
                50.80345666795009
              ],
              [
                15.4482246190264,
                50.81364340133727
              ],
              [
                15.4381746169451,
                50.81421755008596
              ],
              [
                15.40855094956351,
                50.79426738905977
              ],
              [
                15.39583511118955,
                50.77158442318654
              ],
              [
                15.38800705691406,
                50.76750187073712
              ],
              [
                15.37941852927043,
                50.76775135050494
              ],
              [
                15.36059791068935,
                50.78082555848504
              ],
              [
                15.35954886533258,
                50.78423439377729
              ],
              [
                15.3683384710571,
                50.82231422235688
              ],
              [
                15.3710947364776,
                50.82153112483063
              ],
              [
                15.36727718033234,
                50.84052790204358
              ],
              [
                15.36415367366641,
                50.83993517379972
              ],
              [
                15.34463263084071,
                50.8559638135251
              ],
              [
                15.34713145483987,
                50.86260413799333
              ],
              [
                15.35101091902347,
                50.87208477817146
              ],
              [
                15.28265772089512,
                50.89316258000009
              ],
              [
                15.27812064340124,
                50.9069033196475
              ],
              [
                15.26828847516931,
                50.92037373428007
              ],
              [
                15.27188282104811,
                50.93489523339804
              ],
              [
                15.29063688093903,
                50.94873732482208
              ],
              [
                15.29049692791171,
                50.95503217141221
              ],
              [
                15.27768525793769,
                50.96105879038254
              ],
              [
                15.27421738112732,
                50.96489682226377
              ],
              [
                15.27762457694688,
                50.97174448226991
              ],
              [
                15.27507375613036,
                50.97907590857217
              ],
              [
                15.25838412424238,
                50.98094648264505
              ],
              [
                15.24840833886478,
                50.98032591132058
              ],
              [
                15.23980895679815,
                50.98567905643893
              ],
              [
                15.23810088611272,
                50.99491073770665
              ],
              [
                15.24275582322706,
                50.99630344459444
              ],
              [
                15.24277082092499,
                50.99747025760823
              ],
              [
                15.23912474857129,
                50.9987064730755
              ],
              [
                15.23259256151966,
                50.99851554468877
              ],
              [
                15.20360927213052,
                50.99249238355449
              ],
              [
                15.19610186759379,
                50.98878058235169
              ],
              [
                15.19860950806441,
                50.98354683270504
              ],
              [
                15.19080795359959,
                50.98062086161275
              ],
              [
                15.18859189014298,
                50.9804833530787
              ],
              [
                15.17187018664356,
                50.98659086165168
              ],
              [
                15.17555272047496,
                50.98862774979904
              ],
              [
                15.17754232379949,
                50.99423537759408
              ],
              [
                15.17212475564791,
                51.02015642847902
              ],
              [
                15.15818128398713,
                51.01692904486948
              ],
              [
                15.14347824362834,
                51.01343102069742
              ],
              [
                15.13457001557729,
                50.99954937534626
              ],
              [
                15.13246979767761,
                50.99441900728721
              ],
              [
                15.13870931224931,
                50.99381604685708
              ],
              [
                15.14212834973722,
                50.99163744781179
              ],
              [
                15.12741861829418,
                50.99058498810098
              ],
              [
                15.11974818415391,
                50.99379838907285
              ],
              [
                15.10948088488569,
                50.99164856533042
              ],
              [
                15.09939470368882,
                50.99731318491278
              ],
              [
                15.09901089481902,
                51.0037076790627
              ],
              [
                15.10818347922485,
                51.00913315515991
              ],
              [
                15.1004507265555,
                51.01234502853713
              ],
              [
                15.06549498593778,
                51.01945076221315
              ],
              [
                15.05301296495157,
                51.02073699968869
              ],
              [
                15.03585454184812,
                51.02509218171276
              ],
              [
                15.02401200189255,
                51.0196713935514
              ],
              [
                15.01654353522738,
                51.01913425144663
              ],
              [
                15.01527221597276,
                51.01711512557556
              ],
              [
                15.01305251960174,
                51.01607690824663
              ],
              [
                15.00913601609534,
                51.015289708607
              ],
              [
                15.00351423954718,
                51.01265427921134
              ],
              [
                14.99856129371635,
                51.01083238339965
              ],
              [
                14.99684778871628,
                51.00903312286136
              ],
              [
                14.99126961497405,
                51.01092556870231
              ],
              [
                14.98509678778393,
                51.01092872338788
              ],
              [
                14.98398462036486,
                51.00672539809104
              ],
              [
                14.97853585230081,
                51.002869309301
              ],
              [
                14.9729550667879,
                50.99578888044364
              ],
              [
                14.96833470906603,
                50.98989057706097
              ],
              [
                14.98230591914286,
                50.97553020805279
              ],
              [
                14.98542115629891,
                50.97081265722087
              ],
              [
                14.99476144736871,
                50.97120661527069
              ],
              [
                14.99662907429711,
                50.97749732370951
              ],
              [
                14.9991200752884,
                50.98339483781775
              ],
              [
                15.00659447367553,
                50.98418098391132
              ],
              [
                15.01219842933567,
                50.97710357101933
              ],
              [
                15.01531035576551,
                50.97120572589849
              ],
              [
                15.01593049564351,
                50.96373549887113
              ],
              [
                15.00970291392956,
                50.95587286082532
              ],
              [
                15.01032400878234,
                50.94958214509997
              ],
              [
                15.00907797290979,
                50.94329157732751
              ],
              [
                15.00223206418558,
                50.93542856173934
              ],
              [
                14.99601047053114,
                50.92874466137085
              ],
              [
                14.98916853418103,
                50.92245353383387
              ],
              [
                14.98606019801686,
                50.91616250363626
              ],
              [
                14.98917136349227,
                50.91026529643512
              ],
              [
                14.99352512861647,
                50.90594075466202
              ],
              [
                15.00160873436217,
                50.90318873426008
              ],
              [
                14.99539141288132,
                50.89768427522905
              ],
              [
                15.0019813955462,
                50.87458351381882
              ],
              [
                14.99732977097071,
                50.86897719321099
              ],
              [
                14.99477317713451,
                50.86662371986169
              ],
              [
                14.98296862060516,
                50.86622942162968
              ],
              [
                14.97364942111608,
                50.86583451776146
              ],
              [
                14.9630909164985,
                50.86150675839793
              ],
              [
                14.94627535216869,
                50.86554163720941
              ],
              [
                14.93348209582023,
                50.8702173314479
              ],
              [
                14.9064916232258,
                50.87504053153386
              ],
              [
                14.89767215529869,
                50.86788219974619
              ],
              [
                14.88105640677502,
                50.87403350674758
              ],
              [
                14.86887061201561,
                50.87677086227365
              ],
              [
                14.86304857396654,
                50.86968887379747
              ],
              [
                14.86288294889669,
                50.86965512234771
              ],
              [
                14.84718205178904,
                50.86912432095127
              ],
              [
                14.84067770963014,
                50.87044682808943
              ],
              [
                14.8384397971499,
                50.87107251421933
              ],
              [
                14.8335424702743,
                50.87153822826427
              ],
              [
                14.82948196833084,
                50.87357638759319
              ],
              [
                14.82427018008474,
                50.87047237699113
              ],
              [
                14.82569865383922,
                50.86759567130603
              ],
              [
                14.82011515991278,
                50.86256370940213
              ],
              [
                14.81719145310974,
                50.85569489279712
              ],
              [
                14.81079497431141,
                50.85292166348997
              ],
              [
                14.80582673026027,
                50.8430954224586
              ],
              [
                14.80214327060525,
                50.83325935270413
              ],
              [
                14.80146766546089,
                50.82773693562009
              ],
              [
                14.7989749481829,
                50.82238760597967
              ],
              [
                14.79335228407676,
                50.82054462897481
              ],
              [
                14.79061528792519,
                50.82413500882499
              ],
              [
                14.77960027566526,
                50.82047431875797
              ],
              [
                14.76655637375952,
                50.82040611415687
              ],
              [
                14.75947169578541,
                50.82456584283874
              ],
              [
                14.75138663246896,
                50.82335196606736
              ],
              [
                14.74823501236103,
                50.82850586851166
              ],
              [
                14.73803477952483,
                50.82942198353948
              ],
              [
                14.73029054708164,
                50.82486669443141
              ],
              [
                14.7234885654701,
                50.82312305731018
              ],
              [
                14.71726453416415,
                50.82394237003708
              ],
              [
                14.71622206506183,
                50.82925926130362
              ],
              [
                14.71783086954962,
                50.83341210376386
              ],
              [
                14.71456498203652,
                50.83770961351644
              ],
              [
                14.7085152365619,
                50.84070355964123
              ],
              [
                14.68914390414355,
                50.83887837963233
              ],
              [
                14.66897677977466,
                50.84647098064482
              ],
              [
                14.66186760001187,
                50.85119345125476
              ],
              [
                14.64781708597823,
                50.84905740191318
              ],
              [
                14.6226745708429,
                50.85832274209576
              ],
              [
                14.62415220000001,
                50.86842089999998
              ],
              [
                14.6278487,
                50.87686349999996
              ],
              [
                14.6324192,
                50.88314569999997
              ],
              [
                14.635073,
                50.89398379999996
              ],
              [
                14.6387409,
                50.89974369999999
              ],
              [
                14.6528489,
                50.90567260000001
              ],
              [
                14.6518947,
                50.92665669999997
              ],
              [
                14.6502643,
                50.9312106
              ],
              [
                14.6435047,
                50.9313453
              ],
              [
                14.62875190000001,
                50.9258286
              ],
              [
                14.6175227,
                50.92557209999998
              ],
              [
                14.60413549381297,
                50.92099668830737
              ],
              [
                14.59355198829249,
                50.91713340167769
              ],
              [
                14.58986041469572,
                50.91740888348813
              ],
              [
                14.58110347143771,
                50.91535647498566
              ],
              [
                14.56641488715889,
                50.91899928051448
              ],
              [
                14.56049541157417,
                50.92495686254107
              ],
              [
                14.57107152185307,
                50.93149551886649
              ],
              [
                14.57264622874179,
                50.93490840452792
              ],
              [
                14.57861248396327,
                50.93894788884246
              ],
              [
                14.58584242310647,
                50.94963463109083
              ],
              [
                14.59200092365178,
                50.95712650832257
              ],
              [
                14.59751842635464,
                50.96697484790404
              ],
              [
                14.59957839698617,
                50.97739939285342
              ],
              [
                14.59923742547195,
                50.98428009808887
              ],
              [
                14.59047596902128,
                50.98896770832646
              ],
              [
                14.5829727991679,
                50.99208649502467
              ],
              [
                14.5785515651378,
                50.99875444876103
              ],
              [
                14.56913725712495,
                51.00451300298238
              ],
              [
                14.56609681014035,
                51.01079088846693
              ],
              [
                14.5627273035814,
                51.01002072449423
              ],
              [
                14.55829123988092,
                51.0075698245827
              ],
              [
                14.54046773318325,
                51.00518380808004
              ],
              [
                14.53398488059439,
                51.00469184378795
              ],
              [
                14.53630628910342,
                51.00917590327168
              ],
              [
                14.53925808779985,
                51.01068058920592
              ],
              [
                14.52666234997243,
                51.01835427419488
              ],
              [
                14.49874041050027,
                51.02257133995752
              ],
              [
                14.50447879051054,
                51.03783045879959
              ],
              [
                14.50785892552041,
                51.04295325753139
              ],
              [
                14.50075699283086,
                51.04727088534433
              ],
              [
                14.49226288407156,
                51.04422967895084
              ],
              [
                14.49280063505849,
                51.03458487355555
              ],
              [
                14.49150993438028,
                51.0235397841841
              ],
              [
                14.47419744007304,
                51.0254598674034
              ],
              [
                14.47476344780891,
                51.02947185270138
              ],
              [
                14.46851945558686,
                51.03133165580826
              ],
              [
                14.4641052730991,
                51.0356363068565
              ],
              [
                14.45335657507154,
                51.03691392137837
              ],
              [
                14.44532670030792,
                51.03306730676614
              ],
              [
                14.43925904715772,
                51.02765643258945
              ],
              [
                14.4324158347135,
                51.02644389997306
              ],
              [
                14.43278827595637,
                51.02337736130744
              ],
              [
                14.41606502678806,
                51.02010699795253
              ],
              [
                14.40707081921596,
                51.01965649785328
              ],
              [
                14.38706499922745,
                51.02645887837459
              ],
              [
                14.38150135464813,
                51.03829488478033
              ],
              [
                14.37474302257697,
                51.03928996756441
              ],
              [
                14.3631494812063,
                51.04489417715316
              ],
              [
                14.35152377847566,
                51.04362053210931
              ],
              [
                14.34467849053766,
                51.0398020429249
              ],
              [
                14.32970423452084,
                51.04528205942685
              ],
              [
                14.32269774297088,
                51.05189837399972
              ],
              [
                14.31916697147718,
                51.05414694835882
              ],
              [
                14.30290788922718,
                51.05680326732215
              ],
              [
                14.29184749160969,
                51.0457281308223
              ],
              [
                14.2888109366829,
                51.03918443331047
              ],
              [
                14.2747859440389,
                51.03923848978482
              ],
              [
                14.27438923324423,
                51.03765159043679
              ],
              [
                14.28930464240729,
                51.02826196298211
              ],
              [
                14.27936655715999,
                51.01964232522803
              ],
              [
                14.28139962484082,
                51.01625785280218
              ],
              [
                14.27002545087182,
                51.01066766968854
              ],
              [
                14.26061132838983,
                51.00864647284862
              ],
              [
                14.26358034196811,
                51.00408592958325
              ],
              [
                14.26856612885585,
                50.99904768068582
              ],
              [
                14.25947632470908,
                50.99442191758741
              ],
              [
                14.2586141216172,
                50.98799851247767
              ],
              [
                14.27330835234987,
                50.9822247318136
              ],
              [
                14.28668996786853,
                50.97816881256659
              ],
              [
                14.3162459625285,
                50.9849000324804
              ],
              [
                14.3230843662308,
                50.98437833750675
              ],
              [
                14.32855461101189,
                50.982194181455
              ],
              [
                14.32680197584771,
                50.97951363110359
              ],
              [
                14.32788019441913,
                50.97374986723892
              ],
              [
                14.3196024512872,
                50.97242722875952
              ],
              [
                14.31513061506727,
                50.97333310344229
              ],
              [
                14.30276855286781,
                50.96433376977331
              ],
              [
                14.30938283091021,
                50.96076657761987
              ],
              [
                14.31682254561225,
                50.96064265149033
              ],
              [
                14.31776280097214,
                50.95747885067236
              ],
              [
                14.311727253797,
                50.95484526910393
              ],
              [
                14.32381105485508,
                50.9503803904134
              ],
              [
                14.34748238724611,
                50.94969624045685
              ],
              [
                14.34754744501878,
                50.94745982580566
              ],
              [
                14.34880952082598,
                50.94517479029016
              ],
              [
                14.36097648018169,
                50.94263882327061
              ],
              [
                14.37024994387486,
                50.94269525423839
              ],
              [
                14.36893835780329,
                50.9398639980758
              ],
              [
                14.37411817054393,
                50.93865409295054
              ],
              [
                14.38733604403498,
                50.9405191148092
              ],
              [
                14.40539095663414,
                50.93379937051559
              ],
              [
                14.40523126185366,
                50.93129357951606
              ],
              [
                14.40428379448618,
                50.92380172319434
              ],
              [
                14.39459885741882,
                50.91835195266911
              ],
              [
                14.38761185284932,
                50.9101907610649
              ],
              [
                14.38481030626076,
                50.90196114557667
              ],
              [
                14.38112923672884,
                50.89876723462175
              ],
              [
                14.36177663971964,
                50.89849303011471
              ],
              [
                14.34876637066228,
                50.90058612951962
              ],
              [
                14.34605943866949,
                50.89325805389981
              ],
              [
                14.33444509252617,
                50.8900139101085
              ],
              [
                14.31970073075713,
                50.88980462642792
              ],
              [
                14.3045936657523,
                50.88441078252878
              ],
              [
                14.29099938890464,
                50.88608045412362
              ],
              [
                14.28243783564333,
                50.89257350240587
              ],
              [
                14.27005863804314,
                50.89526832121885
              ],
              [
                14.25845165336215,
                50.89044229685454
              ],
              [
                14.24495972006251,
                50.88807386284328
              ],
              [
                14.23766822408117,
                50.88851139602218
              ],
              [
                14.23509304246874,
                50.87996041697836
              ],
              [
                14.22793995962594,
                50.8663507110171
              ],
              [
                14.22205540542112,
                50.85873018361124
              ],
              [
                14.21777330521746,
                50.86082260190519
              ],
              [
                14.20505325327745,
                50.85314614695604
              ],
              [
                14.19622480911847,
                50.85115197995333
              ],
              [
                14.18969046328046,
                50.84917399225991
              ],
              [
                14.18264442859601,
                50.84988122116417
              ],
              [
                14.17024182544304,
                50.84745711595003
              ],
              [
                14.16244011410989,
                50.84798754396436
              ],
              [
                14.14959258059674,
                50.8433326041585
              ],
              [
                14.13291543223462,
                50.83465808456635
              ],
              [
                14.08608598819865,
                50.82485951042934
              ],
              [
                14.07958659129609,
                50.81754171090092
              ],
              [
                14.07869278506016,
                50.81182725166918
              ],
              [
                14.04907739659838,
                50.80888374197961
              ],
              [
                14.03221975466383,
                50.81385655194666
              ],
              [
                14.01794804979145,
                50.81373729209248
              ],
              [
                14.0006074898926,
                50.81201728569549
              ],
              [
                13.98497623711445,
                50.81738697073827
              ],
              [
                13.97132420511966,
                50.81726739901642
              ],
              [
                13.95850014782271,
                50.81129061161023
              ],
              [
                13.95842398000352,
                50.81125511050843
              ],
              [
                13.95049012409071,
                50.80528616487436
              ],
              [
                13.94446347577328,
                50.79736798448428
              ],
              [
                13.93587783754196,
                50.79296488243854
              ],
              [
                13.92044495091995,
                50.7896775427424
              ],
              [
                13.90323704790162,
                50.79281604157884
              ],
              [
                13.89861244207734,
                50.79229648655126
              ],
              [
                13.89438996426312,
                50.77933846696367
              ],
              [
                13.88995993155609,
                50.77291122268898
              ],
              [
                13.88497108404711,
                50.7685045976928
              ],
              [
                13.89382559844674,
                50.76111823565552
              ],
              [
                13.90118976963685,
                50.75362005098003
              ],
              [
                13.89485278470653,
                50.74382741415533
              ],
              [
                13.88467071419309,
                50.73844880176864
              ],
              [
                13.87591228473874,
                50.73853515131163
              ],
              [
                13.87140016521398,
                50.74101298602126
              ],
              [
                13.86294772494136,
                50.74194335196457
              ],
              [
                13.86082878774522,
                50.73930475719464
              ],
              [
                13.85947967369227,
                50.73222548968447
              ],
              [
                13.85750477936567,
                50.72826706005034
              ],
              [
                13.84543580083901,
                50.72545199859665
              ],
              [
                13.83521214108348,
                50.72724971412431
              ],
              [
                13.82719039935842,
                50.72428459606115
              ],
              [
                13.80964482379376,
                50.73158595578968
              ],
              [
                13.79716511220454,
                50.73512680207266
              ],
              [
                13.79248034356791,
                50.73356506943553
              ],
              [
                13.79092189082165,
                50.73689807968032
              ],
              [
                13.78423044437315,
                50.73495283766043
              ],
              [
                13.77496505049181,
                50.73651063112953
              ],
              [
                13.77126022835467,
                50.73377224648148
              ],
              [
                13.7665407910576,
                50.73584190934858
              ],
              [
                13.75758337892253,
                50.73513016715817
              ],
              [
                13.75271233790294,
                50.73117788714733
              ],
              [
                13.74567904251755,
                50.72917120562789
              ],
              [
                13.73889668712179,
                50.72873909885304
              ],
              [
                13.7291224780908,
                50.73374438080455
              ],
              [
                13.71461479974463,
                50.72563553048125
              ],
              [
                13.7098790359211,
                50.72529194833081
              ],
              [
                13.71212425728307,
                50.72016860511915
              ],
              [
                13.70797586572309,
                50.71708671591831
              ],
              [
                13.70031065124126,
                50.71778159795534
              ],
              [
                13.68618902899257,
                50.7209913383987
              ],
              [
                13.6809662585343,
                50.7249063268194
              ],
              [
                13.67002072608574,
                50.72992273403476
              ],
              [
                13.66475783703756,
                50.73291104161509
              ],
              [
                13.65266421222161,
                50.73031015410591
              ],
              [
                13.64373367200687,
                50.72914733870427
              ],
              [
                13.62776447649928,
                50.72250943667008
              ],
              [
                13.62512182300111,
                50.72288069164345
              ],
              [
                13.62643993874049,
                50.71651909614053
              ],
              [
                13.62159213643262,
                50.71425558098544
              ],
              [
                13.60190503070433,
                50.71050645729746
              ],
              [
                13.59004537128759,
                50.7119922281372
              ],
              [
                13.57604921750625,
                50.71205906775972
              ],
              [
                13.56483409759586,
                50.7142807711736
              ],
              [
                13.55727995899164,
                50.71441959822803
              ],
              [
                13.54632004203742,
                50.71063471613268
              ],
              [
                13.53257755088834,
                50.70792729031132
              ],
              [
                13.52364971511757,
                50.70308639465959
              ],
              [
                13.5379733586167,
                50.69143980962494
              ],
              [
                13.54319413587859,
                50.68274798568969
              ],
              [
                13.54335077132093,
                50.67730249228866
              ],
              [
                13.53639511233395,
                50.66987206922759
              ],
              [
                13.51945533445864,
                50.66062986472603
              ],
              [
                13.51523083492852,
                50.65608127028811
              ],
              [
                13.5149933671415,
                50.65251883487563
              ],
              [
                13.52103778704943,
                50.64964002258404
              ],
              [
                13.519974250756,
                50.64412153886869
              ],
              [
                13.50897191697651,
                50.64004912228094
              ],
              [
                13.49359495264156,
                50.6374920297004
              ],
              [
                13.48079316424899,
                50.63182078853588
              ],
              [
                13.46267689727831,
                50.61860700012281
              ],
              [
                13.4668973256218,
                50.6029991663776
              ],
              [
                13.41907710521799,
                50.6101590639184
              ],
              [
                13.40279121831907,
                50.61662160665898
              ],
              [
                13.38895882928173,
                50.62350906226543
              ],
              [
                13.38124774981724,
                50.63205298005973
              ],
              [
                13.37176115733049,
                50.63821227580783
              ],
              [
                13.36129563674943,
                50.63688587791721
              ],
              [
                13.35346750312739,
                50.63087720675637
              ],
              [
                13.34572412104674,
                50.62250987398596
              ],
              [
                13.33418002936537,
                50.61684026056206
              ],
              [
                13.32196512220123,
                50.6127327097844
              ],
              [
                13.31108613518431,
                50.60589068403267
              ],
              [
                13.30749623183634,
                50.58539093369578
              ],
              [
                13.29958433551424,
                50.58212987623517
              ],
              [
                13.28481261967636,
                50.5807335657697
              ],
              [
                13.27344336720521,
                50.58764361863409
              ],
              [
                13.26584757514635,
                50.59264269075848
              ],
              [
                13.25169106363036,
                50.59125134613831
              ],
              [
                13.2408712470232,
                50.58322386923866
              ],
              [
                13.23566832609304,
                50.57370768925745
              ],
              [
                13.22393145237056,
                50.55740686818154
              ],
              [
                13.22061467696073,
                50.54713224428531
              ],
              [
                13.21468425765046,
                50.54074976007253
              ],
              [
                13.21125718284078,
                50.53610531536746
              ],
              [
                13.20588105994393,
                50.52881747069914
              ],
              [
                13.19466161668591,
                50.51566727343327
              ],
              [
                13.18875365412786,
                50.50889055916122
              ],
              [
                13.17094648199209,
                50.5059122785256
              ],
              [
                13.15233698756207,
                50.505905427233
              ],
              [
                13.14003273054473,
                50.50851995809116
              ],
              [
                13.12862044655477,
                50.5171132933577
              ],
              [
                13.10084548385436,
                50.50469655916203
              ],
              [
                13.06947928686909,
                50.50055654879829
              ],
              [
                13.04392407561145,
                50.51145866822534
              ],
              [
                13.03204278511281,
                50.50863589848963
              ],
              [
                13.02344379102813,
                50.48640812973871
              ],
              [
                13.01992184149413,
                50.46652571658041
              ],
              [
                13.02121031543195,
                50.46260795396311
              ],
              [
                13.02350224124198,
                50.45563455428008
              ],
              [
                13.02295073153197,
                50.45085476990963
              ],
              [
                13.01778364845364,
                50.4434849209611
              ],
              [
                12.99959919272734,
                50.43409718629871
              ],
              [
                12.99007953947537,
                50.42676889143773
              ],
              [
                12.98561813536385,
                50.41987592181041
              ],
              [
                12.97929657419166,
                50.41727033739289
              ],
              [
                12.96383873539456,
                50.41337159351184
              ],
              [
                12.94412320421393,
                50.41173490039745
              ],
              [
                12.9420413396817,
                50.40819518084636
              ],
              [
                12.94429759993485,
                50.40615083232886
              ],
              [
                12.94887524785239,
                50.40419787108069
              ],
              [
                12.94542064366495,
                50.403365465903
              ],
              [
                12.94161565663969,
                50.40407134694117
              ],
              [
                12.9367669521899,
                50.40676416508411
              ],
              [
                12.93517069745502,
                50.40842350578102
              ],
              [
                12.91058644205894,
                50.42226773909671
              ],
              [
                12.9025273341503,
                50.42083653134539
              ],
              [
                12.89186905916053,
                50.42805182163757
              ],
              [
                12.85342163498734,
                50.44314954212327
              ],
              [
                12.84459378196093,
                50.4488824364198
              ],
              [
                12.81985437077695,
                50.45934279435416
              ],
              [
                12.8185842631869,
                50.45846542665604
              ],
              [
                12.80734595722969,
                50.44230656057321
              ],
              [
                12.81279631206346,
                50.43260504912754
              ],
              [
                12.81122602917963,
                50.42920264154565
              ],
              [
                12.8023080164246,
                50.43903294833515
              ],
              [
                12.79419351475291,
                50.44797840027055
              ],
              [
                12.75532108670097,
                50.43644268730254
              ],
              [
                12.73658158115949,
                50.43020946722804
              ],
              [
                12.71397692447093,
                50.41188400810795
              ],
              [
                12.70735920547613,
                50.40449865577835
              ],
              [
                12.69357953993926,
                50.40318252678465
              ],
              [
                12.67620002049489,
                50.41386775731674
              ],
              [
                12.67382348747698,
                50.41443954410445
              ],
              [
                12.66783895572472,
                50.41310102885494
              ],
              [
                12.66194151318883,
                50.41022828054014
              ],
              [
                12.65609237626872,
                50.40905333638356
              ],
              [
                12.64758272538347,
                50.40900372058323
              ],
              [
                12.64104853701421,
                50.41034631935818
              ],
              [
                12.62561440436449,
                50.41450852195739
              ],
              [
                12.61867937632913,
                50.41433251774101
              ],
              [
                12.60450432531556,
                50.40568458478366
              ],
              [
                12.59830289276407,
                50.40441128998822
              ],
              [
                12.58476585892881,
                50.40576166936076
              ],
              [
                12.57559827718265,
                50.40211814779421
              ],
              [
                12.5593552624421,
                50.39830381229891
              ],
              [
                12.53433702033085,
                50.39777315343473
              ],
              [
                12.51596247305967,
                50.39508374931149
              ],
              [
                12.49075963588864,
                50.37141398737306
              ],
              [
                12.48890481795027,
                50.36141968070262
              ],
              [
                12.49211192154904,
                50.35761978489168
              ],
              [
                12.49426487989223,
                50.35415577066876
              ],
              [
                12.49048592161411,
                50.34889596359232
              ],
              [
                12.48422424373443,
                50.34548890107814
              ],
              [
                12.48108880556373,
                50.34517999660117
              ],
              [
                12.46995534223116,
                50.35182858019736
              ],
              [
                12.46404331861639,
                50.35103936832439
              ],
              [
                12.44662541084118,
                50.34266994106808
              ],
              [
                12.43906066426573,
                50.33478465695673
              ],
              [
                12.43854726862053,
                50.32786875113084
              ],
              [
                12.43351264916987,
                50.32228762249684
              ],
              [
                12.43102804295432,
                50.32153629044381
              ],
              [
                12.42082187970876,
                50.32141440227407
              ],
              [
                12.41544584571877,
                50.32247511701796
              ],
              [
                12.4037411162907,
                50.32233744413229
              ],
              [
                12.39983816033249,
                50.32111691832112
              ],
              [
                12.39861429113231,
                50.30709384538019
              ],
              [
                12.40213726966279,
                50.30208546768204
              ],
              [
                12.39934376953385,
                50.29167156910376
              ],
              [
                12.39414174524854,
                50.2876924695863
              ],
              [
                12.38612380893686,
                50.28713142904629
              ],
              [
                12.37303877346415,
                50.28349635807168
              ],
              [
                12.36294629548138,
                50.27471518168657
              ],
              [
                12.35215500132603,
                50.26180641615149
              ],
              [
                12.35055401044992,
                50.25304709729127
              ],
              [
                12.35714853307937,
                50.24588738714925
              ],
              [
                12.36117463352243,
                50.24061885437507
              ],
              [
                12.35590419421399,
                50.23606836270616
              ],
              [
                12.35080724332699,
                50.23486279143408
              ],
              [
                12.34301317415684,
                50.23975672820514
              ],
              [
                12.33390484313755,
                50.24119872829851
              ],
              [
                12.33029821036929,
                50.23383287773647
              ],
              [
                12.32863729477618,
                50.20866014978832
              ],
              [
                12.33527048637724,
                50.19794786228133
              ],
              [
                12.33771339749927,
                50.1943656539154
              ],
              [
                12.34011818690532,
                50.19084173101863
              ],
              [
                12.33665096685955,
                50.17258409117216
              ],
              [
                12.33501372217341,
                50.17166864105312
              ],
              [
                12.33241818539409,
                50.17071518541675
              ],
              [
                12.32052492586848,
                50.17098545042771
              ],
              [
                12.29647406734624,
                50.17412163542038
              ],
              [
                12.28957621237861,
                50.17691000006221
              ],
              [
                12.27804523483219,
                50.18981851584082
              ],
              [
                12.27422206921523,
                50.19533101856473
              ],
              [
                12.27502298217082,
                50.19781105007009
              ],
              [
                12.28295500344635,
                50.20630642594924
              ],
              [
                12.28793561517436,
                50.21967698797358
              ],
              [
                12.28668521626827,
                50.22474973580866
              ],
              [
                12.27356240574689,
                50.23169266723853
              ],
              [
                12.26437338319042,
                50.23147575509839
              ],
              [
                12.25427283767001,
                50.23692995246169
              ],
              [
                12.24164258715216,
                50.24377749870604
              ],
              [
                12.24054688781222,
                50.24496014551688
              ],
              [
                12.24170381115052,
                50.2505148283648
              ],
              [
                12.24513299263887,
                50.25649979627547
              ],
              [
                12.24873565220924,
                50.25804077308837
              ],
              [
                12.25617341466979,
                50.25073206356365
              ],
              [
                12.26183559415029,
                50.24936276678602
              ],
              [
                12.26445160283637,
                50.25039210065025
              ],
              [
                12.26306251339989,
                50.25830405400051
              ],
              [
                12.25397177266307,
                50.26930916127985
              ],
              [
                12.24453043949085,
                50.26734882604574
              ],
              [
                12.23546044390265,
                50.26786377222964
              ],
              [
                12.21173109177476,
                50.26929024384948
              ],
              [
                12.20202450300199,
                50.27115945743436
              ],
              [
                12.19962434761686,
                50.27220848912573
              ],
              [
                12.19373234965751,
                50.29496331100418
              ],
              [
                12.20220153589759,
                50.30800206914308
              ],
              [
                12.18554332703831,
                50.32099480374747
              ],
              [
                12.14440478559952,
                50.32142210958157
              ],
              [
                12.1297058877873,
                50.31821053689322
              ],
              [
                12.11508304153161,
                50.31967874224934
              ],
              [
                12.10693808925742,
                50.32162409756347
              ],
              [
                12.10083344928881,
                50.31865235814428
              ],
              [
                12.10499064310604,
                50.31455938954829
              ],
              [
                12.11510079118666,
                50.31305631882395
              ],
              [
                12.12591820474083,
                50.30738767336719
              ],
              [
                12.11918502777448,
                50.29891538962253
              ],
              [
                12.12310105020458,
                50.29072946769464
              ],
              [
                12.13585191428048,
                50.28374042662784
              ],
              [
                12.14004620973767,
                50.27780070646264
              ],
              [
                12.13823961012518,
                50.27502029799708
              ],
              [
                12.12716783293325,
                50.26980882975636
              ],
              [
                12.12120981755062,
                50.26886720936313
              ],
              [
                12.116113786448,
                50.26815037091449
              ],
              [
                12.11229946161025,
                50.26766506643271
              ],
              [
                12.10589025721567,
                50.26368657203797
              ],
              [
                12.09061750624226,
                50.25238367094445
              ],
              [
                12.09267027648077,
                50.24937365002893
              ],
              [
                12.10895526624563,
                50.23798670105504
              ],
              [
                12.12695916992097,
                50.23244467191761
              ],
              [
                12.14130903029419,
                50.23055958265431
              ],
              [
                12.14204163131343,
                50.2337180503455
              ],
              [
                12.14751215307864,
                50.23581263506426
              ],
              [
                12.15131942682037,
                50.23572484588056
              ],
              [
                12.15878163343308,
                50.22558901015522
              ],
              [
                12.16046484531165,
                50.22240026602192
              ],
              [
                12.16062741022198,
                50.2199004246169
              ],
              [
                12.1753252681563,
                50.21285972601702
              ],
              [
                12.1900641403218,
                50.20086583016738
              ],
              [
                12.20132173925461,
                50.18872386765792
              ],
              [
                12.21577324087545,
                50.16810984522386
              ],
              [
                12.21464399967927,
                50.16454298385541
              ],
              [
                12.21130674169398,
                50.1588584473476
              ],
              [
                12.20071567289782,
                50.15246125613179
              ],
              [
                12.19526038279379,
                50.14303584556859
              ],
              [
                12.1947295434097,
                50.13807213805138
              ],
              [
                12.19685793544135,
                50.12279455770683
              ],
              [
                12.2001008290951,
                50.11048423204421
              ],
              [
                12.20133609545228,
                50.10858143629912
              ],
              [
                12.20932444847523,
                50.10232863140857
              ],
              [
                12.22140179906159,
                50.1037975521301
              ],
              [
                12.22901784808583,
                50.10227903889458
              ],
              [
                12.24419738967884,
                50.09440594756546
              ],
              [
                12.27565120496067,
                50.07636214849254
              ],
              [
                12.26176734275188,
                50.06526548553728
              ],
              [
                12.25959936476913,
                50.0612599257137
              ],
              [
                12.26094977494498,
                50.05832240457212
              ],
              [
                12.27144051348571,
                50.06132040464118
              ],
              [
                12.29808481351068,
                50.05852836396304
              ],
              [
                12.31137629811544,
                50.05533520465198
              ],
              [
                12.31802836390661,
                50.05304663363663
              ],
              [
                12.32435840415421,
                50.03874590128992
              ],
              [
                12.33564630973069,
                50.03847808508144
              ],
              [
                12.33770839122862,
                50.03972208177975
              ],
              [
                12.33996767717639,
                50.03942831859088
              ],
              [
                12.3473762442749,
                50.03668974778031
              ],
              [
                12.3656069696342,
                50.0223572693623
              ],
              [
                12.3675319405661,
                50.01761182090979
              ],
              [
                12.378656,
                50.0190975
              ],
              [
                12.37777690000001,
                50.0164829
              ],
              [
                12.379702,
                50.0138853
              ],
              [
                12.3865968,
                50.0124741
              ],
              [
                12.3960311,
                50.0136698
              ],
              [
                12.40043119999999,
                50.0150222
              ],
              [
                12.4021857,
                50.01456659999997
              ],
              [
                12.40278259999999,
                50.01312339999998
              ],
              [
                12.4013273,
                50.01125269999998
              ],
              [
                12.39816420000001,
                50.0099293
              ],
              [
                12.3973935,
                50.0088499
              ],
              [
                12.39800050000001,
                50.0077861
              ],
              [
                12.3998791,
                50.0085482
              ],
              [
                12.4022905,
                50.00772859999996
              ],
              [
                12.40213510000001,
                50.00498909999999
              ],
              [
                12.40620220000001,
                50.00542489999999
              ],
              [
                12.41454680000001,
                50.00459169999995
              ],
              [
                12.4243398,
                50.00030189999995
              ],
              [
                12.4276612,
                50.00191539999997
              ],
              [
                12.4316484,
                50.00250789999998
              ],
              [
                12.431985,
                50.0001903
              ],
              [
                12.43527219999999,
                49.998419
              ],
              [
                12.4353006,
                49.9935016
              ],
              [
                12.4283457,
                49.99245609999998
              ],
              [
                12.4256821,
                49.99098809999997
              ],
              [
                12.4264646,
                49.9901583
              ],
              [
                12.4313609,
                49.98857089999996
              ],
              [
                12.4314793,
                49.98439029999995
              ],
              [
                12.4399865,
                49.98696
              ],
              [
                12.4407215,
                49.9864163
              ],
              [
                12.44776270000001,
                49.9903084
              ],
              [
                12.45359020000001,
                49.99166369999998
              ],
              [
                12.4538275,
                49.9934846
              ],
              [
                12.4589634,
                49.9947619
              ],
              [
                12.463551,
                49.9942313
              ],
              [
                12.4700435,
                49.9909108
              ],
              [
                12.4684814,
                49.98941549999997
              ],
              [
                12.4708458,
                49.9867021
              ],
              [
                12.4754398,
                49.9838139
              ],
              [
                12.4766092,
                49.98074129999998
              ],
              [
                12.486357,
                49.98093519999996
              ],
              [
                12.48995860000001,
                49.9816004
              ],
              [
                12.49434629999999,
                49.9759289
              ],
              [
                12.4995578,
                49.9720459
              ],
              [
                12.4940221,
                49.96986069999998
              ],
              [
                12.4940338,
                49.9666492
              ],
              [
                12.4908401,
                49.962161
              ],
              [
                12.4905553,
                49.9585949
              ],
              [
                12.4880162,
                49.9578822
              ],
              [
                12.4815742,
                49.9582962
              ],
              [
                12.4781864,
                49.9567223
              ],
              [
                12.4758893,
                49.9544648
              ],
              [
                12.47488070000001,
                49.95187960000001
              ],
              [
                12.46999080000001,
                49.94832449999998
              ],
              [
                12.4700923,
                49.9457868
              ],
              [
                12.4749306,
                49.9385227
              ],
              [
                12.478335,
                49.93553479999998
              ],
              [
                12.4943161,
                49.936789
              ],
              [
                12.4929923,
                49.9331631
              ],
              [
                12.4982932,
                49.932487
              ],
              [
                12.5037754,
                49.92962919999996
              ],
              [
                12.5121144,
                49.927577
              ],
              [
                12.52171505096195,
                49.92771489944877
              ],
              [
                12.54156643819427,
                49.92376693212037
              ],
              [
                12.54803529063229,
                49.9201081822029
              ],
              [
                12.55142849607163,
                49.90971341461808
              ],
              [
                12.55084664751225,
                49.90518519028999
              ],
              [
                12.55153307481887,
                49.90574197116845
              ],
              [
                12.5484587808999,
                49.89869222866637
              ],
              [
                12.53578620479661,
                49.89070831046389
              ],
              [
                12.52190799415246,
                49.88163339042979
              ],
              [
                12.51912360458497,
                49.87706305490246
              ],
              [
                12.51875430498216,
                49.86884692416618
              ],
              [
                12.51586461285507,
                49.86410521937092
              ],
              [
                12.51104144445583,
                49.85848591651687
              ],
              [
                12.49891126782785,
                49.84738151002301
              ],
              [
                12.48618648083602,
                49.8416704151268
              ],
              [
                12.48209460608169,
                49.84148739927609
              ],
              [
                12.47298789915674,
                49.83357978878064
              ],
              [
                12.47294255346111,
                49.81477697302556
              ],
              [
                12.47420420189792,
                49.79181625291802
              ],
              [
                12.47389968774685,
                49.78848258099297
              ],
              [
                12.40463499184325,
                49.76246988010754
              ],
              [
                12.40175016580653,
                49.75821651540206
              ],
              [
                12.40143404469103,
                49.75320427470629
              ],
              [
                12.40629601862385,
                49.73986776366814
              ],
              [
                12.41294309413393,
                49.73234497842736
              ],
              [
                12.42553903922292,
                49.73045302523919
              ],
              [
                12.42961954585574,
                49.7200126180248
              ],
              [
                12.44273588637211,
                49.70379244853075
              ],
              [
                12.45300617613109,
                49.70116743401321
              ],
              [
                12.45749621191536,
                49.70216312522346
              ],
              [
                12.48177881214519,
                49.69479691638116
              ],
              [
                12.48554946004491,
                49.6914016381226
              ],
              [
                12.48562578726775,
                49.68781571669478
              ],
              [
                12.49181339771328,
                49.68600448511602
              ],
              [
                12.50511001445523,
                49.6852071368922
              ],
              [
                12.51446606444983,
                49.68782372081272
              ],
              [
                12.52195884939674,
                49.68641276016236
              ],
              [
                12.53013143658354,
                49.6662817669453
              ],
              [
                12.5234031867307,
                49.65613878263692
              ],
              [
                12.51738801251265,
                49.64489362929047
              ],
              [
                12.52337899839566,
                49.62842897418894
              ],
              [
                12.52819355614598,
                49.61820166084888
              ],
              [
                12.53615829618372,
                49.61803044402673
              ],
              [
                12.5459055014492,
                49.62132197010719
              ],
              [
                12.55623304599204,
                49.62075782170425
              ],
              [
                12.56026032784829,
                49.61909399704754
              ],
              [
                12.56214382632285,
                49.60296516530097
              ],
              [
                12.56423253983226,
                49.59648059785943
              ],
              [
                12.57719658454553,
                49.58625364809728
              ],
              [
                12.57084914736714,
                49.56940431587427
              ],
              [
                12.57424267346565,
                49.55932205329741
              ],
              [
                12.58784638984744,
                49.54556996673364
              ],
              [
                12.59510320983132,
                49.54168656000088
              ],
              [
                12.58890623000813,
                49.53808952957483
              ],
              [
                12.60226943521155,
                49.53231359924354
              ],
              [
                12.62076356629371,
                49.52632880585286
              ],
              [
                12.62861886656485,
                49.52681283670017
              ],
              [
                12.6323664916192,
                49.53177942932408
              ],
              [
                12.63686975196423,
                49.5315015574531
              ],
              [
                12.641274882843,
                49.52685116040573
              ],
              [
                12.64421600057632,
                49.52251020961494
              ],
              [
                12.64387558541555,
                49.48497347728321
              ],
              [
                12.64321019188851,
                49.48383286291961
              ],
              [
                12.63801860249339,
                49.48284500428107
              ],
              [
                12.63357528130128,
                49.47613577150683
              ],
              [
                12.63727763719645,
                49.4757460136863
              ],
              [
                12.64868437275003,
                49.46844415156246
              ],
              [
                12.6580235974204,
                49.45035545205531
              ],
              [
                12.65836074518015,
                49.43921255973368
              ],
              [
                12.65551616136565,
                49.43465738632238
              ],
              [
                12.67936755701554,
                49.42613935372803
              ],
              [
                12.70872538198069,
                49.42466705568342
              ],
              [
                12.75768829449047,
                49.39466080363461
              ],
              [
                12.76110968263197,
                49.38260627226919
              ],
              [
                12.75803253204547,
                49.3754118175384
              ],
              [
                12.76818903247983,
                49.36540534301353
              ],
              [
                12.77848709042204,
                49.35490751015406
              ],
              [
                12.77876032349096,
                49.34813646712663
              ],
              [
                12.78591240900105,
                49.34546964404955
              ],
              [
                12.80253926892926,
                49.34168571687398
              ],
              [
                12.8372562007629,
                49.34071282627497
              ],
              [
                12.84286079911798,
                49.3423306129934
              ],
              [
                12.84349519450722,
                49.34506915258144
              ],
              [
                12.84767844826246,
                49.34437930347155
              ],
              [
                12.85937123724971,
                49.3388056832534
              ],
              [
                12.87691987751233,
                49.33246560532844
              ],
              [
                12.88683531512655,
                49.33232852101656
              ],
              [
                12.88887353210739,
                49.33322469528625
              ],
              [
                12.8862673840128,
                49.33898535268978
              ],
              [
                12.88100801764465,
                49.34350184157152
              ],
              [
                12.88016552015003,
                49.35039870363254
              ],
              [
                12.88888820665272,
                49.35092108212837
              ],
              [
                12.90144119116694,
                49.34963153548171
              ],
              [
                12.94283343141847,
                49.34416921493877
              ],
              [
                12.94529038759658,
                49.34378363504192
              ],
              [
                12.95003599790773,
                49.3428952342791
              ],
              [
                12.97264431682968,
                49.33384684006807
              ],
              [
                13.0020129385584,
                49.31425033056155
              ],
              [
                13.007641208146,
                49.30646816726533
              ],
              [
                13.02902328944204,
                49.30457647494287
              ],
              [
                13.03073666242434,
                49.29153814588511
              ],
              [
                13.02872042077543,
                49.28423242623379
              ],
              [
                13.02572710238793,
                49.27899865200621
              ],
              [
                13.03405916862069,
                49.26395019645376
              ],
              [
                13.04740386702064,
                49.26369785614071
              ],
              [
                13.05701021254874,
                49.25670569092846
              ],
              [
                13.06054536976242,
                49.25017885167676
              ],
              [
                13.06917460437981,
                49.24698950192364
              ],
              [
                13.07338301519165,
                49.24634879185096
              ],
              [
                13.08104463678405,
                49.2471612596292
              ],
              [
                13.08714055164771,
                49.24056947656359
              ],
              [
                13.088869884078,
                49.2349048569649
              ],
              [
                13.08847205797776,
                49.23109788784423
              ],
              [
                13.10199891530345,
                49.22341485542864
              ],
              [
                13.11414805232866,
                49.21830733232871
              ],
              [
                13.11428510018693,
                49.21300047554152
              ],
              [
                13.11010731057907,
                49.20321584909858
              ],
              [
                13.11894662271821,
                49.19914168757216
              ],
              [
                13.12936184599146,
                49.19697866573716
              ],
              [
                13.14111876265507,
                49.18995996663337
              ],
              [
                13.14779631165579,
                49.18337602097279
              ],
              [
                13.16205628366933,
                49.17456013118269
              ],
              [
                13.17089436690842,
                49.17303158131485
              ],
              [
                13.174472794537,
                49.16980705924456
              ],
              [
                13.17681646481656,
                49.16162821838056
              ],
              [
                13.17011569292556,
                49.14388183649811
              ],
              [
                13.18298293577092,
                49.13437580714917
              ],
              [
                13.20554660932602,
                49.12219598529436
              ],
              [
                13.23593393812543,
                49.11370834180963
              ],
              [
                13.25581577068744,
                49.11779770517732
              ],
              [
                13.2823346539366,
                49.12052459130168
              ],
              [
                13.28926198523975,
                49.11841491928035
              ],
              [
                13.32457128743102,
                49.10016958080649
              ],
              [
                13.34431810193528,
                49.08884790568166
              ],
              [
                13.35471491119383,
                49.07834585374035
              ],
              [
                13.37617644340963,
                49.0582427724523
              ],
              [
                13.38650202577266,
                49.05263124658854
              ],
              [
                13.39234394610185,
                49.05430515459994
              ],
              [
                13.39738353333331,
                49.05059010332561
              ],
              [
                13.40588614270589,
                49.02271980279244
              ],
              [
                13.40948065765646,
                49.00311651834181
              ],
              [
                13.40234715347687,
                48.99441063368492
              ],
              [
                13.40273556720827,
                48.98736161326279
              ],
              [
                13.41731882867402,
                48.97967960282605
              ],
              [
                13.42455092105877,
                48.97715358379448
              ],
              [
                13.43286767274524,
                48.97192718509171
              ],
              [
                13.44322482919521,
                48.96591163988143
              ],
              [
                13.46957394953948,
                48.95442910720356
              ],
              [
                13.49581103031969,
                48.94144810411503
              ],
              [
                13.50839686863347,
                48.94206180934653
              ],
              [
                13.50794353248662,
                48.94798206329136
              ],
              [
                13.50596801298848,
                48.96015496466777
              ],
              [
                13.50729246934866,
                48.96897865244444
              ],
              [
                13.52947268778716,
                48.97394140309599
              ],
              [
                13.53341093718908,
                48.97386916732186
              ],
              [
                13.53659496023166,
                48.97336510693022
              ],
              [
                13.54347669993989,
                48.96821517425121
              ],
              [
                13.54804991394469,
                48.96709050685944
              ],
              [
                13.55215419940336,
                48.96775688848935
              ],
              [
                13.55706019906277,
                48.96736493297603
              ],
              [
                13.57286350238074,
                48.96626650454441
              ],
              [
                13.57543717722625,
                48.9677309479528
              ],
              [
                13.5763079428752,
                48.97033655173703
              ],
              [
                13.58030192261272,
                48.97084788835428
              ],
              [
                13.58710031576305,
                48.9673643323355
              ],
              [
                13.59310243956522,
                48.96108247033192
              ],
              [
                13.58951562665762,
                48.95585243882959
              ],
              [
                13.59071824176532,
                48.95300651885684
              ],
              [
                13.602519634281,
                48.94325208994666
              ],
              [
                13.6079405782501,
                48.94115034268805
              ],
              [
                13.62245900321179,
                48.93886164445671
              ],
              [
                13.63795805251595,
                48.92580391697478
              ],
              [
                13.64543848018319,
                48.91129247613918
              ],
              [
                13.65545727089208,
                48.89354673875431
              ],
              [
                13.67142999165743,
                48.88012315137738
              ],
              [
                13.6764064625986,
                48.8785780419588
              ],
              [
                13.68936637826673,
                48.8783645043379
              ],
              [
                13.71680413322226,
                48.87821190099344
              ],
              [
                13.72465423435323,
                48.88219938665743
              ],
              [
                13.73681080986814,
                48.88088957803465
              ],
              [
                13.75059115827629,
                48.86684747075611
              ],
              [
                13.75504186733746,
                48.85469373730729
              ],
              [
                13.76560656013834,
                48.83756179217814
              ],
              [
                13.77872178456451,
                48.8325003604695
              ],
              [
                13.79136809426741,
                48.82383124175454
              ],
              [
                13.7983439411692,
                48.81741789597035
              ],
              [
                13.79548398263724,
                48.81492603101005
              ],
              [
                13.81539111974356,
                48.79701593725233
              ],
              [
                13.80870181800394,
                48.78397316597943
              ],
              [
                13.80413793796499,
                48.78123401073321
              ],
              [
                13.81333436838437,
                48.77378383077104
              ],
              [
                13.83244694354906,
                48.77046573137557
              ],
              [
                13.83970268600521,
                48.77143598187566
              ],
              [
                13.83854284913763,
                48.76579375533509
              ],
              [
                13.82216738431553,
                48.75613216366619
              ],
              [
                13.81969433477823,
                48.74751889668541
              ],
              [
                13.81914411778869,
                48.73870518354964
              ],
              [
                13.81745495046893,
                48.73704317535609
              ],
              [
                13.81726962000837,
                48.73400906209022
              ],
              [
                13.81890613246186,
                48.73264155337245
              ],
              [
                13.81732466500863,
                48.73138423370818
              ],
              [
                13.81372416134442,
                48.72972966199193
              ],
              [
                13.81022886188044,
                48.72914891524614
              ],
              [
                13.80718510924299,
                48.7252887169924
              ],
              [
                13.80210842621855,
                48.720146673207
              ],
              [
                13.80040727934167,
                48.71738260627905
              ],
              [
                13.79791639828281,
                48.7163692122155
              ],
              [
                13.79560869229466,
                48.71631157748487
              ],
              [
                13.79386540488456,
                48.71509647674134
              ],
              [
                13.79637677237829,
                48.71289820111479
              ],
              [
                13.79958042140561,
                48.71019780755465
              ],
              [
                13.80427491525548,
                48.70723012001785
              ],
              [
                13.80672081172751,
                48.70837744327127
              ],
              [
                13.81085494064528,
                48.70839387845923
              ],
              [
                13.81215441652386,
                48.70632759158225
              ],
              [
                13.81173389311984,
                48.70514667851621
              ],
              [
                13.81066256138765,
                48.70441064960203
              ],
              [
                13.81064297330217,
                48.70282015651895
              ],
              [
                13.81226750001992,
                48.70084609970217
              ],
              [
                13.81714711025825,
                48.70076703740683
              ],
              [
                13.81924583532818,
                48.69888458687043
              ],
              [
                13.82229390667743,
                48.69898632976442
              ],
              [
                13.82635980619579,
                48.69997576306994
              ],
              [
                13.82978658433662,
                48.69957455660776
              ],
              [
                13.83268154270198,
                48.70009315853253
              ],
              [
                13.8364090296959,
                48.69973190501467
              ],
              [
                13.83461109327457,
                48.69720570776316
              ],
              [
                13.83375334416775,
                48.69479779758225
              ],
              [
                13.83253621078585,
                48.69277406598337
              ],
              [
                13.82868040641647,
                48.69274450222279
              ],
              [
                13.82565400085801,
                48.69299272257866
              ],
              [
                13.82224006717946,
                48.6949481086146
              ],
              [
                13.81921238414749,
                48.69499301972073
              ],
              [
                13.81612261471136,
                48.69502134548803
              ],
              [
                13.81318315404487,
                48.69243433247636
              ],
              [
                13.8131243429503,
                48.68896700549272
              ],
              [
                13.81329909039447,
                48.68557383711762
              ],
              [
                13.81257610944272,
                48.68355645595092
              ],
              [
                13.81588073536831,
                48.68021679064492
              ],
              [
                13.81733139656655,
                48.6755002591032
              ],
              [
                13.81799693562061,
                48.67156053326921
              ],
              [
                13.81585348780207,
                48.66915004308371
              ],
              [
                13.81625342449136,
                48.66392957530433
              ],
              [
                13.81492936845185,
                48.66030364956216
              ],
              [
                13.81251840606883,
                48.64931669099201
              ],
              [
                13.81546606796936,
                48.64537971696915
              ],
              [
                13.82188405341925,
                48.64136890164528
              ],
              [
                13.81988440318986,
                48.63868489289742
              ],
              [
                13.82497226592678,
                48.63499344600093
              ],
              [
                13.82406046134004,
                48.63137806868141
              ],
              [
                13.82232259088518,
                48.62617007091496
              ],
              [
                13.82381503573572,
                48.62045883913366
              ],
              [
                13.82250543429791,
                48.61784325048212
              ],
              [
                13.81971711622002,
                48.61471788316024
              ],
              [
                13.81610473416695,
                48.61549136970277
              ],
              [
                13.81333537888061,
                48.61015374559373
              ],
              [
                13.80988092384528,
                48.60923734702835
              ],
              [
                13.80895238403377,
                48.60701884430916
              ],
              [
                13.80672941824192,
                48.60542881178979
              ],
              [
                13.80588423240312,
                48.60104609469039
              ],
              [
                13.80081964977537,
                48.59797628615431
              ],
              [
                13.80155002872178,
                48.59358339273903
              ],
              [
                13.8025487160881,
                48.58169213861549
              ],
              [
                13.80254871708926,
                48.58169213529725
              ],
              [
                13.80249012541988,
                48.58160082649812
              ],
              [
                13.79701340955825,
                48.57306522705482
              ],
              [
                13.79081641976989,
                48.57282079270657
              ],
              [
                13.77809754352989,
                48.56410406681244
              ],
              [
                13.77050031917436,
                48.55486767703932
              ],
              [
                13.7672844313738,
                48.55656442077418
              ],
              [
                13.76105136048612,
                48.56671787437627
              ],
              [
                13.74995442077775,
                48.56241483721655
              ],
              [
                13.74750145580771,
                48.55286338542192
              ],
              [
                13.75267887229059,
                48.55155709525176
              ],
              [
                13.74250936557981,
                48.54344256486649
              ],
              [
                13.74417841689048,
                48.53393936056642
              ],
              [
                13.7428983277946,
                48.52773645280665
              ],
              [
                13.73083595801674,
                48.52284335966944
              ],
              [
                13.72463861385039,
                48.51277731955815
              ],
              [
                13.68703295573114,
                48.52616062991169
              ],
              [
                13.652978483951,
                48.54004935432126
              ],
              [
                13.64842483293457,
                48.54951743676168
              ],
              [
                13.63972081693089,
                48.55322349486234
              ],
              [
                13.62530589766207,
                48.55590869446846
              ],
              [
                13.61082432137255,
                48.56097165089086
              ],
              [
                13.60058964749087,
                48.56798878127771
              ],
              [
                13.59197152669777,
                48.56835977159384
              ],
              [
                13.57846713446013,
                48.56390915418302
              ],
              [
                13.56921312427459,
                48.56141414430247
              ],
              [
                13.5604473570346,
                48.56701774584074
              ],
              [
                13.54732234977315,
                48.57447004991414
              ],
              [
                13.5334073831125,
                48.58429116220024
              ],
              [
                13.52101911089152,
                48.59079770573747
              ],
              [
                13.50883779178785,
                48.59016450852943
              ],
              [
                13.50038439784451,
                48.58481790363509
              ],
              [
                13.50420959521704,
                48.57677440957701
              ],
              [
                13.49508418030552,
                48.56999043786984
              ],
              [
                13.48163087454229,
                48.56410087739025
              ],
              [
                13.46389375180147,
                48.55767656688826
              ],
              [
                13.44941059605074,
                48.56224315692879
              ],
              [
                13.44080725241893,
                48.56212694902888
              ],
              [
                13.43660828414506,
                48.55873745791192
              ],
              [
                13.43674027663931,
                48.55445455296379
              ],
              [
                13.43761852359792,
                48.55290434255389
              ],
              [
                13.44128983177241,
                48.54642292334105
              ],
              [
                13.44798775182802,
                48.53842009652664
              ],
              [
                13.44747490390396,
                48.53174807564065
              ],
              [
                13.45124619491962,
                48.52560985168287
              ],
              [
                13.45438709792271,
                48.51660655776684
              ],
              [
                13.45385908095928,
                48.51041041987695
              ],
              [
                13.44711866075167,
                48.49651330979476
              ],
              [
                13.4356052935449,
                48.47493363841549
              ],
              [
                13.42538511871415,
                48.458131270964
              ],
              [
                13.4290154706765,
                48.45111771475374
              ],
              [
                13.43568778155312,
                48.44359124758756
              ],
              [
                13.43812545938173,
                48.43410263373664
              ],
              [
                13.43266786625072,
                48.42545884083099
              ],
              [
                13.42582639590289,
                48.41536757692764
              ],
              [
                13.42262011599219,
                48.40342142678249
              ],
              [
                13.41521675400923,
                48.38856086540614
              ],
              [
                13.4118960589327,
                48.38042151195307
              ],
              [
                13.39719305187134,
                48.37069571665338
              ],
              [
                13.38002552046706,
                48.36081604967584
              ],
              [
                13.37684338570904,
                48.35898408063782
              ],
              [
                13.36213798290461,
                48.34972979336688
              ],
              [
                13.3495485712965,
                48.34145617601698
              ],
              [
                13.33344132102234,
                48.33170193572433
              ],
              [
                13.31941826488206,
                48.32388027960929
              ],
              [
                13.30262469508871,
                48.3136355266601
              ],
              [
                13.29258040763883,
                48.30991699045166
              ],
              [
                13.28922917214502,
                48.30867600208357
              ],
              [
                13.27016239259926,
                48.30267751746815
              ],
              [
                13.25675675199433,
                48.29819013161202
              ],
              [
                13.23610768774044,
                48.29692299427741
              ],
              [
                13.21751627340454,
                48.29806458077269
              ],
              [
                13.20532593566288,
                48.29977935880057
              ],
              [
                13.19034933640052,
                48.29954460946436
              ],
              [
                13.18903850704207,
                48.29941425874043
              ],
              [
                13.17328440374531,
                48.29784643232798
              ],
              [
                13.15494881170337,
                48.29184038181766
              ],
              [
                13.12363544084299,
                48.27860582083131
              ],
              [
                13.08209359679173,
                48.27792036643131
              ],
              [
                13.0711075112762,
                48.27437888965198
              ],
              [
                13.06132291624851,
                48.26763766828317
              ],
              [
                13.04415696005898,
                48.26306684286742
              ],
              [
                13.02098291920398,
                48.25700986955569
              ],
              [
                13.01171330286143,
                48.25140938784059
              ],
              [
                12.99626437629391,
                48.2358622087729
              ],
              [
                12.97463527149526,
                48.22099629785646
              ],
              [
                12.96204545762248,
                48.2136889538013
              ],
              [
                12.95128957107856,
                48.20852847499518
              ],
              [
                12.93142000958904,
                48.20792785829516
              ],
              [
                12.91498357088668,
                48.2066408661325
              ],
              [
                12.90262017773521,
                48.20477245917254
              ],
              [
                12.88983544792143,
                48.20395236566359
              ],
              [
                12.87885174527342,
                48.20351449899564
              ],
              [
                12.87151083389773,
                48.20229342696128
              ],
              [
                12.86558855334379,
                48.19914701082285
              ],
              [
                12.86316657271148,
                48.19389149601271
              ],
              [
                12.86048166283837,
                48.18507159274321
              ],
              [
                12.85187125998196,
                48.17847068284283
              ],
              [
                12.84520396182951,
                48.1664128460361
              ],
              [
                12.83953918487888,
                48.16704253556401
              ],
              [
                12.83253109942826,
                48.1649284400825
              ],
              [
                12.83404609030718,
                48.15793976282985
              ],
              [
                12.82717970783138,
                48.15324461418496
              ],
              [
                12.80803965812383,
                48.15135497111661
              ],
              [
                12.79720603898127,
                48.1460555648963
              ],
              [
                12.79630496699033,
                48.13977611959931
              ],
              [
                12.79283218088928,
                48.13358835556099
              ],
              [
                12.78449628260512,
                48.12335142218257
              ],
              [
                12.77929083411564,
                48.12668184880315
              ],
              [
                12.76484971733954,
                48.13027101934541
              ],
              [
                12.75765103133953,
                48.12689950194356
              ],
              [
                12.75843609632213,
                48.12095172910333
              ],
              [
                12.7570997489993,
                48.11839510148258
              ],
              [
                12.7538278839961,
                48.11579255123043
              ],
              [
                12.74793556924219,
                48.11005594567134
              ],
              [
                12.74995598000222,
                48.09772721760743
              ],
              [
                12.75144653971747,
                48.08984545073226
              ],
              [
                12.75697094701774,
                48.07645813059047
              ],
              [
                12.77696930023904,
                48.06085761152663
              ],
              [
                12.80512146268489,
                48.04508021582123
              ],
              [
                12.8474355361345,
                48.01908000394865
              ],
              [
                12.85666404878022,
                48.00768040682975
              ],
              [
                12.85997549064248,
                47.99650958036535
              ],
              [
                12.86625493689595,
                47.97690536038778
              ],
              [
                12.87237993765137,
                47.96431042872094
              ],
              [
                12.88119084591199,
                47.9595985425612
              ],
              [
                12.89284235771605,
                47.95789739512292
              ],
              [
                12.90494615212886,
                47.95704084686415
              ],
              [
                12.91670268069969,
                47.95585046572945
              ],
              [
                12.92088631043048,
                47.95040063349121
              ],
              [
                12.91966444792617,
                47.94139441716219
              ],
              [
                12.92676728696509,
                47.93804270794507
              ],
              [
                12.93482767854436,
                47.94104150768114
              ],
              [
                12.93674861349455,
                47.94384957517796
              ],
              [
                12.93969385634253,
                47.9412495645016
              ],
              [
                12.94042238774633,
                47.93161419017682
              ],
              [
                12.94886663445463,
                47.91852091004001
              ],
              [
                12.96388277587953,
                47.90410053216134
              ],
              [
                12.96978103506776,
                47.89514613771989
              ],
              [
                12.97367743547894,
                47.8889226483231
              ],
              [
                12.97738028987904,
                47.88457013542911
              ],
              [
                12.98501636092323,
                47.87201781633069
              ],
              [
                12.99490228955673,
                47.8602054153563
              ],
              [
                13.0012832170227,
                47.85353574455505
              ],
              [
                13.00510420114388,
                47.84523684741772
              ],
              [
                12.9929668197377,
                47.83376063614438
              ],
              [
                12.98335317672717,
                47.82731026585505
              ],
              [
                12.97871365944929,
                47.81896999385142
              ],
              [
                12.96568408270344,
                47.80182595092759
              ],
              [
                12.95723913844525,
                47.79481004096989
              ],
              [
                12.94484776348054,
                47.78776195220046
              ],
              [
                12.93723117633611,
                47.78381896004514
              ],
              [
                12.93854654031106,
                47.77855194594728
              ],
              [
                12.93238908851162,
                47.77666803644249
              ],
              [
                12.92879100599123,
                47.77221353403252
              ],
              [
                12.92745110472923,
                47.76919240396554
              ],
              [
                12.93518204574026,
                47.76952286547314
              ],
              [
                12.94206705400016,
                47.77014705516483
              ],
              [
                12.94379145762733,
                47.76452997520078
              ],
              [
                12.93910425135481,
                47.76057390821627
              ],
              [
                12.9340508790245,
                47.75835780392541
              ],
              [
                12.93485691267647,
                47.74889069363869
              ],
              [
                12.93091475931615,
                47.74698819088643
              ],
              [
                12.91846249346834,
                47.74276906925903
              ],
              [
                12.90942787442965,
                47.73689618276375
              ],
              [
                12.90535388606633,
                47.72956934776501
              ],
              [
                12.9055169658673,
                47.72550154318752
              ],
              [
                12.90771342854835,
                47.72163694787253
              ],
              [
                12.91398197576972,
                47.71640624706851
              ],
              [
                12.92147707995008,
                47.71320846922529
              ],
              [
                12.92333214127159,
                47.71111543221922
              ],
              [
                12.93167824716625,
                47.70842693584565
              ],
              [
                12.93809005875839,
                47.71101085243797
              ],
              [
                12.94984072940087,
                47.71074300202885
              ],
              [
                12.95566253266444,
                47.70693806000452
              ],
              [
                12.95948083657576,
                47.70865901037575
              ],
              [
                12.96511544524519,
                47.70818381562189
              ],
              [
                12.97513307783183,
                47.70675647966166
              ],
              [
                12.9912758657488,
                47.70802803621149
              ],
              [
                12.99480043614616,
                47.71252924989204
              ],
              [
                13.00048301892741,
                47.71299557903482
              ],
              [
                13.00686721178831,
                47.71681944334005
              ],
              [
                13.00774325963406,
                47.71916121897196
              ],
              [
                13.01035973805868,
                47.72202100724138
              ],
              [
                13.01727421541224,
                47.72225827770988
              ],
              [
                13.02391301278665,
                47.71906760001134
              ],
              [
                13.0282653189412,
                47.71657213027408
              ],
              [
                13.03466621387722,
                47.71617663090492
              ],
              [
                13.04463504701769,
                47.7126657209745
              ],
              [
                13.05047794754002,
                47.70683069444659
              ],
              [
                13.05728171264891,
                47.69954192098611
              ],
              [
                13.06418809688244,
                47.6940175912969
              ],
              [
                13.07396937880749,
                47.69063092280585
              ],
              [
                13.07628901400038,
                47.68876743502453
              ],
              [
                13.07653526420424,
                47.68605872776621
              ],
              [
                13.07868179180866,
                47.67975041761587
              ],
              [
                13.07546220628734,
                47.67371005588966
              ],
              [
                13.07802144981036,
                47.66334984782539
              ],
              [
                13.08467694913687,
                47.65801955827274
              ],
              [
                13.08848026748553,
                47.65351026916092
              ],
              [
                13.08789684966773,
                47.64862435056749
              ],
              [
                13.09778542891881,
                47.63911953477295
              ],
              [
                13.09457472518353,
                47.62861813160833
              ],
              [
                13.07825436309102,
                47.61779620877819
              ],
              [
                13.06914164216881,
                47.606626605271
              ],
              [
                13.064972769056,
                47.60432766168946
              ],
              [
                13.0618929411242,
                47.60211831589173
              ],
              [
                13.06159658483416,
                47.59882297729254
              ],
              [
                13.06487300878292,
                47.59390011859961
              ],
              [
                13.0701448874667,
                47.5908755597027
              ],
              [
                13.0699971613993,
                47.58705745045567
              ],
              [
                13.05954432972078,
                47.58661334302649
              ],
              [
                13.0439626748422,
                47.58411935321021
              ],
              [
                13.04308616505399,
                47.5788941027085
              ],
              [
                13.04045177524128,
                47.57661496377977
              ],
              [
                13.0443672920245,
                47.56947811206301
              ],
              [
                13.04892584311187,
                47.56398035788613
              ],
              [
                13.05499207069688,
                47.56086792839672
              ],
              [
                13.05445746749868,
                47.55800656825031
              ],
              [
                13.05022335031272,
                47.55412141614165
              ],
              [
                13.04436266019949,
                47.54928686428872
              ],
              [
                13.0354557026233,
                47.54016841928776
              ],
              [
                13.03191252255402,
                47.53779136599582
              ],
              [
                13.03023339999725,
                47.533032810626
              ],
              [
                13.03467177787592,
                47.52830180271711
              ],
              [
                13.04239771114125,
                47.52618639932268
              ],
              [
                13.04626696642825,
                47.5214828038746
              ],
              [
                13.04380771903997,
                47.52047805406726
              ],
              [
                13.04252743403431,
                47.51702980360624
              ],
              [
                13.04548274015146,
                47.51424603261064
              ],
              [
                13.04478959715691,
                47.50822393033599
              ],
              [
                13.04687641949632,
                47.49746867746217
              ],
              [
                13.04615989840795,
                47.49283260419256
              ],
              [
                13.04237825620855,
                47.48983483818095
              ],
              [
                13.03756502457514,
                47.49000364099136
              ],
              [
                13.0299268027369,
                47.48778765788434
              ],
              [
                13.02223007661559,
                47.48667829531845
              ],
              [
                13.0187381355042,
                47.47715365969923
              ],
              [
                13.01117687692045,
                47.47014149142601
              ],
              [
                13.00338996986111,
                47.46450973288562
              ],
              [
                12.99491527628071,
                47.47158069536328
              ],
              [
                12.99550615348407,
                47.47643378418033
              ],
              [
                12.98613807820661,
                47.48370945431178
              ],
              [
                12.97382578281671,
                47.48741480572225
              ],
              [
                12.97118715493667,
                47.47753965303801
              ],
              [
                12.96200627731302,
                47.47762435358135
              ],
              [
                12.9443564512026,
                47.48487010210981
              ],
              [
                12.93225506768566,
                47.48928369366769
              ],
              [
                12.90440235210724,
                47.50117838046781
              ],
              [
                12.88695685252258,
                47.51217983579644
              ],
              [
                12.88582708514668,
                47.52042989460375
              ],
              [
                12.87744383027864,
                47.52435720950233
              ],
              [
                12.86768004145553,
                47.52538460209094
              ],
              [
                12.86257768698686,
                47.52902324596717
              ],
              [
                12.85180613837795,
                47.53278427644461
              ],
              [
                12.84994409038955,
                47.5429427112878
              ],
              [
                12.84867673523732,
                47.5461500337243
              ],
              [
                12.84167689709446,
                47.54757116470599
              ],
              [
                12.82622820916168,
                47.54619388154503
              ],
              [
                12.80272768753734,
                47.55122565713432
              ],
              [
                12.79606558021259,
                47.56044050136808
              ],
              [
                12.78311243437691,
                47.57156565798815
              ],
              [
                12.78227336165627,
                47.58355612745279
              ],
              [
                12.79518873277102,
                47.59153284913435
              ],
              [
                12.7927956513034,
                47.59718514065285
              ],
              [
                12.79801851671141,
                47.60287079165091
              ],
              [
                12.80683006342627,
                47.60986571499254
              ],
              [
                12.82323703711599,
                47.60956597337288
              ],
              [
                12.8246692710686,
                47.61283252945041
              ],
              [
                12.81328078252661,
                47.61928633001406
              ],
              [
                12.79271220953563,
                47.63372306868591
              ],
              [
                12.78060668735262,
                47.6339740933783
              ],
              [
                12.7696516608347,
                47.64094287941565
              ],
              [
                12.7619018461522,
                47.65305370990895
              ],
              [
                12.77319139571664,
                47.65919748897144
              ],
              [
                12.77967530914776,
                47.66108805919073
              ],
              [
                12.78460154715776,
                47.67148914456933
              ],
              [
                12.78012863944725,
                47.67430849780649
              ],
              [
                12.77819989477127,
                47.67193620055402
              ],
              [
                12.77114670559476,
                47.66609153784874
              ],
              [
                12.76117215940352,
                47.66768036303158
              ],
              [
                12.75802580107485,
                47.66446931534956
              ],
              [
                12.75268629719765,
                47.66807848132373
              ],
              [
                12.74926028271642,
                47.67461280057329
              ],
              [
                12.73660212920568,
                47.67790647480224
              ],
              [
                12.72984626153469,
                47.68071429665303
              ],
              [
                12.71593549553259,
                47.67665966523001
              ],
              [
                12.70493168033749,
                47.68038929821821
              ],
              [
                12.69412263159568,
                47.68182193263647
              ],
              [
                12.67787603348951,
                47.68244640356097
              ],
              [
                12.65598176035522,
                47.67758107548871
              ],
              [
                12.65383737719374,
                47.67233785608001
              ],
              [
                12.64867085816997,
                47.67327944182433
              ],
              [
                12.63526575458599,
                47.67347990609082
              ],
              [
                12.63051524381082,
                47.67841603768894
              ],
              [
                12.61740466123449,
                47.67339554401964
              ],
              [
                12.60519482075988,
                47.67325750488472
              ],
              [
                12.59807692962372,
                47.66745289172128
              ],
              [
                12.59184196417918,
                47.66052342906139
              ],
              [
                12.58396738379928,
                47.6490007118235
              ],
              [
                12.58041239110681,
                47.64036000852811
              ],
              [
                12.57553302085548,
                47.63330589226843
              ],
              [
                12.56809938971298,
                47.63379025442402
              ],
              [
                12.55461777990421,
                47.63431082301303
              ],
              [
                12.53624552416179,
                47.63662605083505
              ],
              [
                12.53008220934022,
                47.63309976343067
              ],
              [
                12.5135921773524,
                47.6256876416093
              ],
              [
                12.49897295836259,
                47.62560738058674
              ],
              [
                12.49304783147615,
                47.63365082088313
              ],
              [
                12.4837974603594,
                47.6416203135474
              ],
              [
                12.47012553522537,
                47.64751047515575
              ],
              [
                12.46134963386493,
                47.65633885922156
              ],
              [
                12.45680017796934,
                47.66526481001281
              ],
              [
                12.44970774860209,
                47.67197277785615
              ],
              [
                12.44100974890362,
                47.67613599390317
              ],
              [
                12.44165480948467,
                47.68370232577318
              ],
              [
                12.44307689037648,
                47.6943716843883
              ],
              [
                12.43040865416046,
                47.69677843645023
              ],
              [
                12.41604564050023,
                47.69562095161034
              ],
              [
                12.40139655839323,
                47.69286509757683
              ],
              [
                12.38320938428786,
                47.68758425476362
              ],
              [
                12.36261023686095,
                47.68504194885661
              ],
              [
                12.35510821892398,
                47.69086457542478
              ],
              [
                12.34573870590934,
                47.69158991790337
              ],
              [
                12.33604903940758,
                47.69176209480759
              ],
              [
                12.33816585873947,
                47.696923963846
              ],
              [
                12.32949326452091,
                47.69591737584192
              ],
              [
                12.31405579157828,
                47.69366609179017
              ],
              [
                12.29974730390097,
                47.69165917272702
              ],
              [
                12.28511858840122,
                47.69018431250506
              ],
              [
                12.27059849540174,
                47.68460099707638
              ],
              [
                12.26028234958125,
                47.67959260943612
              ],
              [
                12.24946775226269,
                47.68409590063224
              ],
              [
                12.24266161923526,
                47.69252368108793
              ],
              [
                12.24617290980866,
                47.70920947341992
              ],
              [
                12.25480776733164,
                47.71941675185515
              ],
              [
                12.26279094968708,
                47.72865540199425
              ],
              [
                12.26609999282731,
                47.73558838224297
              ],
              [
                12.25735161958318,
                47.74448869233967
              ],
              [
                12.25023872904104,
                47.74187577893355
              ],
              [
                12.2448743882821,
                47.73650873412403
              ],
              [
                12.23939668981311,
                47.73246872752067
              ],
              [
                12.231684869186,
                47.72396269494847
              ],
              [
                12.21934244298643,
                47.71475528641696
              ],
              [
                12.20210879926888,
                47.70867588015771
              ],
              [
                12.19389133270665,
                47.70785722607609
              ],
              [
                12.18295621936631,
                47.70135227711071
              ],
              [
                12.16954449870419,
                47.7014979611096
              ],
              [
                12.16366148002603,
                47.70173440352197
              ],
              [
                12.16636800221376,
                47.69084914476384
              ],
              [
                12.16836207823718,
                47.67924668596323
              ],
              [
                12.18092977592208,
                47.6693037247224
              ],
              [
                12.18978324719814,
                47.65281578348748
              ],
              [
                12.19700413214051,
                47.64384074267779
              ],
              [
                12.20345669159676,
                47.63033221487115
              ],
              [
                12.20463475695449,
                47.62132487618035
              ],
              [
                12.2083853631508,
                47.61549382102787
              ],
              [
                12.20592741718046,
                47.60876648517539
              ],
              [
                12.19698825116064,
                47.60473790563518
              ],
              [
                12.18701797223271,
                47.60480299614002
              ],
              [
                12.17696452429364,
                47.60132563465687
              ],
              [
                12.18130404974901,
                47.60882878159322
              ],
              [
                12.17798796707194,
                47.6150457855518
              ],
              [
                12.1707917765165,
                47.61517416601134
              ],
              [
                12.16039586382671,
                47.61205967568055
              ],
              [
                12.14493578681682,
                47.60687762721963
              ],
              [
                12.13300680839017,
                47.60610357769157
              ],
              [
                12.12079085873269,
                47.61055963580812
              ],
              [
                12.10448432518498,
                47.6125299490579
              ],
              [
                12.09114831168682,
                47.61171597991589
              ],
              [
                12.07343392213483,
                47.61364612941055
              ],
              [
                12.06170588573467,
                47.61701777307615
              ],
              [
                12.05014550985409,
                47.61447772393368
              ],
              [
                12.03693440961845,
                47.6170875748578
              ],
              [
                12.02695415813286,
                47.61216037964699
              ],
              [
                12.01916423015116,
                47.61291055505512
              ],
              [
                12.01024045398731,
                47.62416553367218
              ],
              [
                12.00245573514262,
                47.62324114920981
              ],
              [
                11.98405343305828,
                47.61889617304428
              ],
              [
                11.97687060985737,
                47.61494923456888
              ],
              [
                11.96630545646304,
                47.61777612925852
              ],
              [
                11.94801055579281,
                47.61466044559516
              ],
              [
                11.92978280567712,
                47.61322102736572
              ],
              [
                11.91223133432618,
                47.61227316766811
              ],
              [
                11.90962077270977,
                47.61130075612803
              ],
              [
                11.90258385736234,
                47.60867909631867
              ],
              [
                11.89400917500877,
                47.60862598606598
              ],
              [
                11.88470560200814,
                47.60651371037115
              ],
              [
                11.86979410494342,
                47.60350183328818
              ],
              [
                11.85719691155476,
                47.6022045056048
              ],
              [
                11.85177290578595,
                47.59872189052756
              ],
              [
                11.84804125990789,
                47.59052313628086
              ],
              [
                11.84771001203886,
                47.58432283711005
              ],
              [
                11.84003713794317,
                47.58315897600796
              ],
              [
                11.82589644062326,
                47.58419682163855
              ],
              [
                11.81099471303551,
                47.58616423446096
              ],
              [
                11.79541825521878,
                47.58763459146266
              ],
              [
                11.7870128174197,
                47.58919812151283
              ],
              [
                11.77761586753556,
                47.59094523632367
              ],
              [
                11.76285749486495,
                47.59052918284845
              ],
              [
                11.74610920825256,
                47.58814972591023
              ],
              [
                11.73486565430128,
                47.58782983072044
              ],
              [
                11.71931685416859,
                47.5888143726649
              ],
              [
                11.70663818697799,
                47.58892684691692
              ],
              [
                11.69261411255158,
                47.58804657789828
              ],
              [
                11.67941368432706,
                47.5852834538531
              ],
              [
                11.66536098499774,
                47.58487525874815
              ],
              [
                11.65182908830875,
                47.5873380801749
              ],
              [
                11.63533389390416,
                47.59403178594528
              ],
              [
                11.63166878047274,
                47.58629160074828
              ],
              [
                11.63288927963105,
                47.58019006074363
              ],
              [
                11.62511559787607,
                47.58370713345631
              ],
              [
                11.61944390721638,
                47.58383530017394
              ],
              [
                11.61672812437083,
                47.58101059540374
              ],
              [
                11.61292083551974,
                47.57977408118234
              ],
              [
                11.6075053301689,
                47.58083399894686
              ],
              [
                11.60203498977655,
                47.57792637333005
              ],
              [
                11.60016963575845,
                47.56704195536592
              ],
              [
                11.59194899465207,
                47.56183514395453
              ],
              [
                11.58727662247807,
                47.55518899843766
              ],
              [
                11.58976934238523,
                47.55060149180409
              ],
              [
                11.5853003078736,
                47.5465749066979
              ],
              [
                11.58620465846435,
                47.54222472659697
              ],
              [
                11.58786836451837,
                47.53127318826231
              ],
              [
                11.58667021669252,
                47.52518606189772
              ],
              [
                11.57758266161771,
                47.52048543030207
              ],
              [
                11.57214991775184,
                47.51476873026947
              ],
              [
                11.55127418220428,
                47.51363790419933
              ],
              [
                11.5373217553217,
                47.50997037554654
              ],
              [
                11.528242829032,
                47.50950555613708
              ],
              [
                11.51809189775184,
                47.51061155897522
              ],
              [
                11.5130305537667,
                47.50677241452531
              ],
              [
                11.50563555362265,
                47.50535438111397
              ],
              [
                11.50241658915817,
                47.50746818323705
              ],
              [
                11.48970379238817,
                47.50773698315092
              ],
              [
                11.48291775920563,
                47.50903744860818
              ],
              [
                11.46744022587501,
                47.50886461536372
              ],
              [
                11.45575623065,
                47.50935497922248
              ],
              [
                11.44938037092035,
                47.50735016788743
              ],
              [
                11.44909509089645,
                47.50827043806134
              ],
              [
                11.44844695280051,
                47.51033057388302
              ],
              [
                11.44566118378901,
                47.51188273860278
              ],
              [
                11.44174347927124,
                47.51809411559249
              ],
              [
                11.43714489648914,
                47.5160157573103
              ],
              [
                11.43290358433375,
                47.51374790173661
              ],
              [
                11.42521458749146,
                47.50833170818661
              ],
              [
                11.42207842372708,
                47.50671257061289
              ],
              [
                11.42028160241277,
                47.50377586445001
              ],
              [
                11.41663762034181,
                47.50232897375371
              ],
              [
                11.41330642812993,
                47.4991277102245
              ],
              [
                11.41001943471745,
                47.49489694993513
              ],
              [
                11.40395915007171,
                47.48965283507269
              ],
              [
                11.39414083114663,
                47.48277684791525
              ],
              [
                11.39102770027974,
                47.48262100393707
              ],
              [
                11.3863271922936,
                47.47799605442926
              ],
              [
                11.38372457672359,
                47.4724076653406
              ],
              [
                11.38516938515307,
                47.47009637000752
              ],
              [
                11.39068836002897,
                47.46593363225549
              ],
              [
                11.40271972024372,
                47.46702906214681
              ],
              [
                11.40774939060497,
                47.46613820225242
              ],
              [
                11.40781715773581,
                47.46411884845747
              ],
              [
                11.40991991749129,
                47.46182687226227
              ],
              [
                11.412099048129,
                47.45809814359087
              ],
              [
                11.41140623397915,
                47.45644820526632
              ],
              [
                11.41423909465142,
                47.4529202743469
              ],
              [
                11.4187427131647,
                47.4458557950032
              ],
              [
                11.41702968692532,
                47.44675051279268
              ],
              [
                11.41168251003401,
                47.44710519996001
              ],
              [
                11.40666662707602,
                47.44660103409957
              ],
              [
                11.40124788062974,
                47.44791223456171
              ],
              [
                11.38888198886847,
                47.44711655744469
              ],
              [
                11.38524297040847,
                47.44872851838074
              ],
              [
                11.37574284933251,
                47.44962307551116
              ],
              [
                11.37061620460068,
                47.44595133988296
              ],
              [
                11.36653692950718,
                47.44576091709548
              ],
              [
                11.35945484367544,
                47.44862373403347
              ],
              [
                11.35012762213873,
                47.44908852047904
              ],
              [
                11.34571577890894,
                47.45034475555051
              ],
              [
                11.33799461105121,
                47.44978936037892
              ],
              [
                11.33269178864414,
                47.44656106447702
              ],
              [
                11.32863887132513,
                47.43759536869002
              ],
              [
                11.32175550222009,
                47.43869091580444
              ],
              [
                11.31468868109087,
                47.43142570847293
              ],
              [
                11.30149009113553,
                47.43078818868791
              ],
              [
                11.29112002775541,
                47.42706858310289
              ],
              [
                11.29180666969154,
                47.41612073206288
              ],
              [
                11.28382360722413,
                47.40204536225094
              ],
              [
                11.26839892720017,
                47.39803213826931
              ],
              [
                11.25338604640492,
                47.3989738014479
              ],
              [
                11.23681381190419,
                47.39720307633785
              ],
              [
                11.22393870107411,
                47.40138230847759
              ],
              [
                11.22996001067698,
                47.41456002568177
              ],
              [
                11.24310816310252,
                47.42655930083373
              ],
              [
                11.25234474018708,
                47.42886590647051
              ],
              [
                11.24783912123055,
                47.4330048550818
              ],
              [
                11.23026444243153,
                47.43338029540823
              ],
              [
                11.20922253616566,
                47.43316204584504
              ],
              [
                11.20169094875532,
                47.43053112668858
              ],
              [
                11.19356284280443,
                47.42645104986234
              ],
              [
                11.18625247753581,
                47.42624667215734
              ],
              [
                11.17767921151368,
                47.42569520310642
              ],
              [
                11.1589794748332,
                47.42219463315467
              ],
              [
                11.14083975200099,
                47.41701955493075
              ],
              [
                11.12869500940872,
                47.41218051216589
              ],
              [
                11.12401376999204,
                47.40633208864918
              ],
              [
                11.11328250036267,
                47.39560152249038
              ],
              [
                11.09439872863468,
                47.39583602609532
              ],
              [
                11.06482900595869,
                47.39643263463191
              ],
              [
                11.04765260051404,
                47.3943564117101
              ],
              [
                11.04006092608514,
                47.39649752359804
              ],
              [
                11.0316727020677,
                47.39529526072639
              ],
              [
                11.02087288979548,
                47.39756274106797
              ],
              [
                11.00622397942225,
                47.39511409768014
              ],
              [
                10.98762696469366,
                47.39726208781615
              ],
              [
                10.97476879478716,
                47.39861054957326
              ],
              [
                10.97186670737381,
                47.4033818538347
              ],
              [
                10.97178218341707,
                47.40350624706586
              ],
              [
                10.96934117582472,
                47.40709847000216
              ],
              [
                10.97136972176851,
                47.41401964954825
              ],
              [
                10.97793851276446,
                47.41855516541251
              ],
              [
                10.98538327632778,
                47.42215027465903
              ],
              [
                10.98342579956332,
                47.43081551922657
              ],
              [
                10.96848712223498,
                47.44277175650043
              ],
              [
                10.95325763978497,
                47.45419526930213
              ],
              [
                10.93472657240302,
                47.46629490856984
              ],
              [
                10.92864382698336,
                47.47226424409956
              ],
              [
                10.93874458637602,
                47.48098866842375
              ],
              [
                10.93502140518632,
                47.48371401508201
              ],
              [
                10.9194603210422,
                47.48506539301923
              ],
              [
                10.90471014932028,
                47.48501491591748
              ],
              [
                10.88132132785045,
                47.48060592993711
              ],
              [
                10.86985157657216,
                47.48352707497892
              ],
              [
                10.87039624341464,
                47.49450087608833
              ],
              [
                10.8747805127072,
                47.50132650086611
              ],
              [
                10.8938597948225,
                47.50813425239282
              ],
              [
                10.90876443730302,
                47.51216568145407
              ],
              [
                10.91653554825253,
                47.51285996495329
              ],
              [
                10.92042128265085,
                47.51796081444804
              ],
              [
                10.90548960468628,
                47.51871870576557
              ],
              [
                10.89868353797311,
                47.52464230188743
              ],
              [
                10.89104060429915,
                47.53246511675937
              ],
              [
                10.88797632502411,
                47.53727881436948
              ],
              [
                10.87145820231536,
                47.53622607965317
              ],
              [
                10.85453771433878,
                47.53463989824554
              ],
              [
                10.84774587492683,
                47.52974473131206
              ],
              [
                10.8374828912257,
                47.52662572786348
              ],
              [
                10.83102580578385,
                47.52943524954026
              ],
              [
                10.82262448850397,
                47.52776916777705
              ],
              [
                10.81244989066874,
                47.52631644862825
              ],
              [
                10.81058803079822,
                47.52023401860937
              ],
              [
                10.79561509411262,
                47.520298861639
              ],
              [
                10.78341176875413,
                47.51635233289845
              ],
              [
                10.77585708178078,
                47.51522794918552
              ],
              [
                10.76432704157438,
                47.52011316330362
              ],
              [
                10.76297616501189,
                47.52815970858998
              ],
              [
                10.75764741921199,
                47.53320161370311
              ],
              [
                10.7556359869647,
                47.53613535622255
              ],
              [
                10.74302728517197,
                47.53817214767211
              ],
              [
                10.72678427148306,
                47.53899575497127
              ],
              [
                10.71898072529497,
                47.53847569448736
              ],
              [
                10.7125449820755,
                47.54386905791505
              ],
              [
                10.70047656189691,
                47.54379036007465
              ],
              [
                10.69218425752036,
                47.55036552134337
              ],
              [
                10.69163638858997,
                47.55879579363855
              ],
              [
                10.67703892140037,
                47.55710402220397
              ],
              [
                10.67509309912105,
                47.55932773340272
              ],
              [
                10.65227169116333,
                47.55961816010795
              ],
              [
                10.63895966858679,
                47.55927270760651
              ],
              [
                10.62728425513119,
                47.56049583451033
              ],
              [
                10.62441753074775,
                47.56490920439916
              ],
              [
                10.61771571577416,
                47.56701815598804
              ],
              [
                10.61012647947963,
                47.56566293472549
              ],
              [
                10.5971928513069,
                47.57002870028735
              ],
              [
                10.59165759165601,
                47.5629662806994
              ],
              [
                10.57863639769567,
                47.55504250155234
              ],
              [
                10.57423552178652,
                47.54979044976546
              ],
              [
                10.5783830937542,
                47.54516095590677
              ],
              [
                10.57489439848013,
                47.53722662250148
              ],
              [
                10.57215312448993,
                47.53384729209252
              ],
              [
                10.55991554464175,
                47.53718336586859
              ],
              [
                10.54585538612679,
                47.53711334866178
              ],
              [
                10.53055511972057,
                47.53508810219559
              ],
              [
                10.51134575598221,
                47.53767025783437
              ],
              [
                10.48733053104313,
                47.54173364020062
              ],
              [
                10.47344162252165,
                47.5506716751671
              ],
              [
                10.45722080532119,
                47.55425256583178
              ],
              [
                10.45864579631015,
                47.55854260530082
              ],
              [
                10.4645182614326,
                47.56489401593025
              ],
              [
                10.46733797531189,
                47.56819810064062
              ],
              [
                10.47557763428265,
                47.56912465879764
              ],
              [
                10.47420673803794,
                47.57987891628196
              ],
              [
                10.48332219943537,
                47.58324623148237
              ],
              [
                10.46694081908399,
                47.58722427060696
              ],
              [
                10.4594291627135,
                47.58454589661975
              ],
              [
                10.44746261051773,
                47.58454770243326
              ],
              [
                10.43425831590068,
                47.58259400770163
              ],
              [
                10.42930785630213,
                47.57477690841372
              ],
              [
                10.43322732917321,
                47.57017064129211
              ],
              [
                10.44399375433531,
                47.56774146297486
              ],
              [
                10.4481992643565,
                47.55981235981827
              ],
              [
                10.4548848946718,
                47.55391340911807
              ],
              [
                10.44798743520839,
                47.54219038224448
              ],
              [
                10.44471545745491,
                47.53442854918774
              ],
              [
                10.44390374208954,
                47.53250264665532
              ],
              [
                10.439155870674,
                47.52317454854762
              ],
              [
                10.44227240448856,
                47.51548173130146
              ],
              [
                10.43496799515786,
                47.50870972290723
              ],
              [
                10.43033630149719,
                47.50412407713846
              ],
              [
                10.43350813402347,
                47.49956443391268
              ],
              [
                10.43692717217465,
                47.49255646927809
              ],
              [
                10.44256285992521,
                47.48433868015456
              ],
              [
                10.45549721256374,
                47.48415961271808
              ],
              [
                10.46481056316127,
                47.48201679219213
              ],
              [
                10.46831900369627,
                47.47589807091254
              ],
              [
                10.47011990141347,
                47.46840246766406
              ],
              [
                10.46678188222725,
                47.46148173694003
              ],
              [
                10.4673026864795,
                47.4526940839925
              ],
              [
                10.47272974706292,
                47.43951084590921
              ],
              [
                10.47527643687408,
                47.43385106463894
              ],
              [
                10.46533980956501,
                47.4302898936683
              ],
              [
                10.45780726018173,
                47.42730056260629
              ],
              [
                10.45398087565589,
                47.41888307314182
              ],
              [
                10.44649299439649,
                47.4162042038352
              ],
              [
                10.43653725435136,
                47.4096162671352
              ],
              [
                10.43419212238011,
                47.40428368272261
              ],
              [
                10.43077793438374,
                47.39509812589687
              ],
              [
                10.42387043804655,
                47.38577291338988
              ],
              [
                10.41866955521324,
                47.38254153811641
              ],
              [
                10.40275059387385,
                47.37636027357195
              ],
              [
                10.39266747027404,
                47.37736026829171
              ],
              [
                10.38246696519504,
                47.37128224217163
              ],
              [
                10.38172115787401,
                47.36508564514529
              ],
              [
                10.38546127595328,
                47.36029699647012
              ],
              [
                10.38008296898983,
                47.35385632343014
              ],
              [
                10.37477027436846,
                47.35023302514247
              ],
              [
                10.36435069426106,
                47.34044544175984
              ],
              [
                10.35724593438273,
                47.33663414402356
              ],
              [
                10.34520303488222,
                47.31533837738741
              ],
              [
                10.32726890093611,
                47.30447055589769
              ],
              [
                10.31695512759596,
                47.30686384406628
              ],
              [
                10.29991375869787,
                47.29832014258002
              ],
              [
                10.29459351416698,
                47.2993083997452
              ],
              [
                10.28864422216875,
                47.29152764637696
              ],
              [
                10.27748457089569,
                47.29106728480762
              ],
              [
                10.26543962138988,
                47.28485367187595
              ],
              [
                10.25436681880277,
                47.28344204675268
              ],
              [
                10.24341881460659,
                47.27841365010335
              ],
              [
                10.23867127829193,
                47.27198295492302
              ],
              [
                10.23276955622126,
                47.27215770394439
              ],
              [
                10.21837403344753,
                47.27620185955256
              ],
              [
                10.2025417567612,
                47.27608365023823
              ],
              [
                10.19641634637477,
                47.27505706601598
              ],
              [
                10.19511503845463,
                47.2748389072603
              ],
              [
                10.17914610308494,
                47.27050788803442
              ],
              [
                10.17405034630257,
                47.27267505264555
              ],
              [
                10.17402857716531,
                47.2775454754287
              ],
              [
                10.17401413869714,
                47.28077112240949
              ],
              [
                10.17663799443855,
                47.29040815994771
              ],
              [
                10.18101942065951,
                47.29369573031441
              ],
              [
                10.19342452529902,
                47.29441922957736
              ],
              [
                10.2098582362271,
                47.30495574462314
              ],
              [
                10.21606331417754,
                47.31378874201777
              ],
              [
                10.21123338973081,
                47.32073160287677
              ],
              [
                10.20378241800661,
                47.32565928302182
              ],
              [
                10.20601544809547,
                47.33194484574646
              ],
              [
                10.20680987154804,
                47.33864648135455
              ],
              [
                10.21441432748843,
                47.34753808075836
              ],
              [
                10.22358979879699,
                47.359548427791
              ],
              [
                10.23007502073115,
                47.36307617763074
              ],
              [
                10.23706492480604,
                47.37435723417072
              ],
              [
                10.23175582240118,
                47.37916725564228
              ],
              [
                10.23646268515489,
                47.38240202933751
              ],
              [
                10.23282099211684,
                47.3854247974125
              ],
              [
                10.2252959373331,
                47.38849417280473
              ],
              [
                10.21685291378786,
                47.38094787537773
              ],
              [
                10.20197082954123,
                47.38380069828616
              ],
              [
                10.19210687044129,
                47.390864983652
              ],
              [
                10.18282312969765,
                47.39156136422542
              ],
              [
                10.17481089529929,
                47.38661847361278
              ],
              [
                10.16772603575996,
                47.38416696775377
              ],
              [
                10.16916155696619,
                47.3761313795281
              ],
              [
                10.16889100295832,
                47.37117974701197
              ],
              [
                10.15963309818533,
                47.36798610021396
              ],
              [
                10.13824273874881,
                47.36870420962425
              ],
              [
                10.1246741915236,
                47.37395545398147
              ],
              [
                10.11865976547437,
                47.37637243841951
              ],
              [
                10.11265402672932,
                47.36855074085928
              ],
              [
                10.10009623571048,
                47.35585908062142
              ],
              [
                10.08917053389326,
                47.38041927475713
              ],
              [
                10.08587356591999,
                47.3940006533962
              ],
              [
                10.08714700336953,
                47.39946540164217
              ],
              [
                10.08057859225366,
                47.40397357752543
              ],
              [
                10.07073923516635,
                47.40750007822353
              ],
              [
                10.07163895054085,
                47.4134278213709
              ],
              [
                10.07849319287245,
                47.41477217292019
              ],
              [
                10.09295644177186,
                47.41547674326971
              ],
              [
                10.09494426829967,
                47.41557357856473
              ],
              [
                10.0957459896831,
                47.42152149692521
              ],
              [
                10.10452339251027,
                47.428719208879
              ],
              [
                10.09809800254006,
                47.43931155461586
              ],
              [
                10.09389624965998,
                47.44675167807682
              ],
              [
                10.09445640022524,
                47.45582430506356
              ],
              [
                10.08916303400484,
                47.45988381864446
              ],
              [
                10.08142502966439,
                47.46002824398303
              ],
              [
                10.07377567866826,
                47.4592234625141
              ],
              [
                10.06616003502301,
                47.46556331048161
              ],
              [
                10.05486665189215,
                47.47364902110793
              ],
              [
                10.05183233528387,
                47.48351923895467
              ],
              [
                10.04552072276068,
                47.49086652575559
              ],
              [
                10.03698904689045,
                47.49192614891644
              ],
              [
                10.03025963638911,
                47.48877706628165
              ],
              [
                10.01994280949451,
                47.48642425095517
              ],
              [
                10.00594870286604,
                47.48581531198644
              ],
              [
                9.996492259439663,
                47.48921285096651
              ],
              [
                9.988456675746923,
                47.49981550968894
              ],
              [
                9.998958530624574,
                47.50451507676966
              ],
              [
                9.99098714895545,
                47.50702410131123
              ],
              [
                9.98956289861892,
                47.51034138109553
              ],
              [
                9.981591516949795,
                47.51285012714006
              ],
              [
                9.970929789222787,
                47.52143156791012
              ],
              [
                9.96562030804242,
                47.52548473572163
              ],
              [
                9.965634869808861,
                47.53094053841808
              ],
              [
                9.97010254144283,
                47.54514505542976
              ],
              [
                9.960996839575458,
                47.54278045351031
              ],
              [
                9.952040434527015,
                47.53646154114427
              ],
              [
                9.942617095838951,
                47.53937989604205
              ],
              [
                9.931731954897467,
                47.53556530082615
              ],
              [
                9.918747827215327,
                47.53165661226474
              ],
              [
                9.920866000076469,
                47.52836760327683
              ],
              [
                9.909498218617047,
                47.54056970517874
              ],
              [
                9.901197795114161,
                47.54455886665081
              ],
              [
                9.880499051910759,
                47.54847999720473
              ],
              [
                9.875269006231461,
                47.54342389676786
              ],
              [
                9.877932785717498,
                47.53812538715179
              ],
              [
                9.87410151735193,
                47.52979151393077
              ],
              [
                9.869015323030741,
                47.53146885528698
              ],
              [
                9.85958859285824,
                47.53438006220191
              ],
              [
                9.856549905656802,
                47.53932984433855
              ],
              [
                9.848907838899311,
                47.54194962243287
              ],
              [
                9.842528479762827,
                47.54199206449516
              ],
              [
                9.829502867216057,
                47.54569045602749
              ],
              [
                9.816171953689754,
                47.54825094219447
              ],
              [
                9.826640880170872,
                47.55972402052073
              ],
              [
                9.825698430091355,
                47.56695178872335
              ],
              [
                9.823225942693458,
                47.57166149500463
              ],
              [
                9.827725374870667,
                47.57958500890857
              ],
              [
                9.825228981722816,
                47.58598028251271
              ],
              [
                9.814855274694011,
                47.59122615838042
              ],
              [
                9.808268751024475,
                47.59309317125687
              ],
              [
                9.801504436960117,
                47.59500994279044
              ],
              [
                9.779247207311839,
                47.59532394128993
              ],
              [
                9.76780568038642,
                47.5900394985541
              ],
              [
                9.76010694285891,
                47.58254391265557
              ],
              [
                9.756872585531747,
                47.57858798548102
              ],
              [
                9.755287766311362,
                47.57295903755136
              ],
              [
                9.748314026054727,
                47.57058029159464
              ],
              [
                9.751117063398194,
                47.56802484435705
              ],
              [
                9.747393781925068,
                47.56510021945278
              ],
              [
                9.744308879091133,
                47.55901131281024
              ],
              [
                9.747451218008095,
                47.55582389193316
              ],
              [
                9.740960424652886,
                47.5545926677525
              ],
              [
                9.736472040743946,
                47.54843590088863
              ],
              [
                9.736436946909532,
                47.54437115206317
              ],
              [
                9.736425973204407,
                47.54310005626926
              ],
              [
                9.736417049049836,
                47.54206633934453
              ],
              [
                9.736414248961173,
                47.54174199080217
              ],
              [
                9.73640990227436,
                47.54123848793456
              ],
              [
                9.736557529070517,
                47.53483202281466
              ],
              [
                9.735735271843318,
                47.53270930199118
              ],
              [
                9.732374872058351,
                47.5355601886325
              ],
              [
                9.729702777564196,
                47.54115292847806
              ],
              [
                9.723671901923952,
                47.54516173886138
              ],
              [
                9.715173530221191,
                47.54572199289704
              ],
              [
                9.701677583192634,
                47.54700283945083
              ],
              [
                9.689293417904539,
                47.5511916630661
              ],
              [
                9.67724438853109,
                47.55206048354585
              ],
              [
                9.663239049636237,
                47.55140778129386
              ],
              [
                9.652855246088446,
                47.55663865234247
              ],
              [
                9.645922825955692,
                47.56250655002385
              ],
              [
                9.633579502678236,
                47.56621495810263
              ],
              [
                9.623627822919595,
                47.56717653215872
              ],
              [
                9.616136480356401,
                47.57158738934807
              ],
              [
                9.604098876503095,
                47.57911765649616
              ],
              [
                9.597129521546043,
                47.57931599787496
              ],
              [
                9.587321937221306,
                47.57885223796617
              ],
              [
                9.577710939681946,
                47.57649162794778
              ],
              [
                9.563958983759449,
                47.58012575021844
              ],
              [
                9.551261004098249,
                47.58714277800401
              ],
              [
                9.539111950162123,
                47.59561362851378
              ],
              [
                9.534915402368268,
                47.60208184023877
              ],
              [
                9.52847307902046,
                47.6165401704452
              ],
              [
                9.523776822676027,
                47.62774743327567
              ],
              [
                9.515621841903847,
                47.63831238819772
              ],
              [
                9.503152377691418,
                47.64295348564167
              ],
              [
                9.488325539711441,
                47.64319262398585
              ],
              [
                9.471294630544632,
                47.64427598633343
              ],
              [
                9.457316949328264,
                47.64979186895624
              ],
              [
                9.442135417513517,
                47.65334220106267
              ],
              [
                9.431507897334221,
                47.66044673028852
              ],
              [
                9.418527508357545,
                47.66314841227882
              ],
              [
                9.400188291686435,
                47.66320465420984
              ],
              [
                9.389170050776386,
                47.66086742813214
              ],
              [
                9.377450678636142,
                47.65838649589858
              ],
              [
                9.364227617168952,
                47.65678294838215
              ],
              [
                9.349996551561578,
                47.65798614872338
              ],
              [
                9.342572714293597,
                47.6614299231919
              ],
              [
                9.332136564312334,
                47.66662936690032
              ],
              [
                9.319955048102178,
                47.66840674486693
              ],
              [
                9.30063200044552,
                47.67744876698141
              ],
              [
                9.278547961871476,
                47.68587311638703
              ],
              [
                9.264436235225853,
                47.69231156885063
              ],
              [
                9.218275521180992,
                47.66586856842776
              ],
              [
                9.213680318239415,
                47.66553276840884
              ],
              [
                9.206473613664778,
                47.66258682891156
              ],
              [
                9.202685307774765,
                47.65538772180755
              ],
              [
                9.18708766625895,
                47.65747773219228
              ],
              [
                9.177870431193767,
                47.6548432525377
              ],
              [
                9.177318855801639,
                47.65493229889221
              ],
              [
                9.177268712584167,
                47.65473578259723
              ],
              [
                9.177150192251979,
                47.65453619497816
              ],
              [
                9.175987781301627,
                47.65398655743792
              ],
              [
                9.175910287238258,
                47.6540080517521
              ],
              [
                9.175481790652645,
                47.65577362591915
              ],
              [
                9.17402763734612,
                47.65547885594874
              ],
              [
                9.173389450941999,
                47.65536524624508
              ],
              [
                9.173239021289612,
                47.65537445785187
              ],
              [
                9.172915369613216,
                47.6553283998016
              ],
              [
                9.172888018767344,
                47.65538981052627
              ],
              [
                9.17239570354131,
                47.65548192647785
              ],
              [
                9.17196720695567,
                47.65542358639405
              ],
              [
                9.170636132455659,
                47.65485860536826
              ],
              [
                9.170335273150862,
                47.65501520398234
              ],
              [
                9.169615034209071,
                47.65609602866894
              ],
              [
                9.163451976935026,
                47.66054191309993
              ],
              [
                9.161045102496631,
                47.66204016455001
              ],
              [
                9.160024004250069,
                47.66289979760815
              ],
              [
                9.159987536455548,
                47.66316996507433
              ],
              [
                9.160096939839113,
                47.66351381255449
              ],
              [
                9.159185244976065,
                47.66437342134616
              ],
              [
                9.157835936578806,
                47.66584700348469
              ],
              [
                9.150724716647213,
                47.66756613006945
              ],
              [
                9.149083665893754,
                47.66754157151689
              ],
              [
                9.140404330797773,
                47.66452078143199
              ],
              [
                9.138106859742946,
                47.66452078143199
              ],
              [
                9.13325664307166,
                47.66589612217284
              ],
              [
                9.127093585797613,
                47.66721002992646
              ],
              [
                9.12601778585923,
                47.66732054402392
              ],
              [
                9.116645562667356,
                47.66923608453438
              ],
              [
                9.103243648180879,
                47.67651695275705
              ],
              [
                9.102259017728814,
                47.67690982063694
              ],
              [
                9.101547895735647,
                47.67705714532929
              ],
              [
                9.10043562800277,
                47.67743773219248
              ],
              [
                9.096260065530126,
                47.67811296011792
              ],
              [
                9.093069133509525,
                47.67843215573175
              ],
              [
                9.091045170913624,
                47.67877590267047
              ],
              [
                9.083423401858726,
                47.67899688164945
              ],
              [
                9.079284307180606,
                47.67907054110111
              ],
              [
                9.077005070023025,
                47.67924241275058
              ],
              [
                9.069018623022934,
                47.67977030070526
              ],
              [
                9.066629982481814,
                47.68008948617969
              ],
              [
                9.063530219947527,
                47.6802981833187
              ],
              [
                9.058771172762535,
                47.68089971746014
              ],
              [
                9.048596658091181,
                47.68240966036057
              ],
              [
                9.043928780392507,
                47.68323213119623
              ],
              [
                9.038349207830784,
                47.68428782102554
              ],
              [
                9.035632357138965,
                47.6848524835596
              ],
              [
                9.026205432255297,
                47.68641141143114
              ],
              [
                9.02390796120047,
                47.68653415967851
              ],
              [
                9.02017001226209,
                47.68636231205128
              ],
              [
                9.01654146670725,
                47.68576084089742
              ],
              [
                9.010834256864715,
                47.68412824137551
              ],
              [
                9.003868908111212,
                47.68157490058169
              ],
              [
                8.99723176950838,
                47.67942656031813
              ],
              [
                8.984741549884946,
                47.67543655083478
              ],
              [
                8.982717587289022,
                47.67470603913162
              ],
              [
                8.980602455206803,
                47.67357648829916
              ],
              [
                8.975715770740994,
                47.67023680370175
              ],
              [
                8.971558442165602,
                47.66841953259303
              ],
              [
                8.965650659453207,
                47.66542335288052
              ],
              [
                8.960034619096962,
                47.66414624039883
              ],
              [
                8.953032802548936,
                47.6623778792253
              ],
              [
                8.948219053672174,
                47.66056033448535
              ],
              [
                8.946541535124194,
                47.65977434959421
              ],
              [
                8.943624111562517,
                47.65751457711902
              ],
              [
                8.942238335370737,
                47.65638465420377
              ],
              [
                8.940925494767974,
                47.65608988768277
              ],
              [
                8.938664491507668,
                47.6556477347812
              ],
              [
                8.936038810302167,
                47.65554947807239
              ],
              [
                8.932975515562402,
                47.6557459913051
              ],
              [
                8.928891122576054,
                47.65515644938827
              ],
              [
                8.92735947520616,
                47.65481254686296
              ],
              [
                8.925171407534897,
                47.65402647544289
              ],
              [
                8.921816370438984,
                47.6531912615935
              ],
              [
                8.918826011288264,
                47.65260169083344
              ],
              [
                8.915470974192328,
                47.65225777148284
              ],
              [
                8.912188872685434,
                47.65156992598684
              ],
              [
                8.904968249370278,
                47.64930979842563
              ],
              [
                8.898841659890751,
                47.64778661381403
              ],
              [
                8.896726527808532,
                47.64798315626001
              ],
              [
                8.892423328055076,
                47.64921152979119
              ],
              [
                8.891183423041355,
                47.65004680729044
              ],
              [
                8.887536643589243,
                47.6523069029573
              ],
              [
                8.88213941000013,
                47.6542721240328
              ],
              [
                8.879003179671324,
                47.65441951263208
              ],
              [
                8.877763274657632,
                47.65495993393687
              ],
              [
                8.876304562876781,
                47.65500906286904
              ],
              [
                8.875283464630192,
                47.65456690081532
              ],
              [
                8.874982605150082,
                47.65598249177209
              ],
              [
                8.875871817014874,
                47.66065938266003
              ],
              [
                8.873431357628245,
                47.67027576471137
              ],
              [
                8.861227774656484,
                47.68017160589095
              ],
              [
                8.851607082649107,
                47.68114392813045
              ],
              [
                8.850292333813481,
                47.68183846947365
              ],
              [
                8.85066495353046,
                47.6945449010787
              ],
              [
                8.85110732848192,
                47.69769253573762
              ],
              [
                8.857803335286237,
                47.69886338290195
              ],
              [
                8.863209603133216,
                47.69839043674852
              ],
              [
                8.866076495921742,
                47.69658227029539
              ],
              [
                8.865021477959116,
                47.69478923086724
              ],
              [
                8.873410027343972,
                47.69406495476218
              ],
              [
                8.876103790741356,
                47.69686480757692
              ],
              [
                8.872986613114287,
                47.70397554471299
              ],
              [
                8.87083969896706,
                47.70476886239098
              ],
              [
                8.845559562692799,
                47.7111772371692
              ],
              [
                8.818528595047091,
                47.71772743897203
              ],
              [
                8.812824840089025,
                47.72382297959659
              ],
              [
                8.808302716633358,
                47.73119294725422
              ],
              [
                8.791754365895668,
                47.72881279528551
              ],
              [
                8.772107592972002,
                47.71831832872012
              ],
              [
                8.769304842745122,
                47.70684349646123
              ],
              [
                8.79337396524587,
                47.70436807380719
              ],
              [
                8.797521084472764,
                47.70283500618886
              ],
              [
                8.80616850452864,
                47.69650953669895
              ],
              [
                8.80997365562489,
                47.69330895608207
              ],
              [
                8.805571532354683,
                47.69159318363229
              ],
              [
                8.799891018269934,
                47.69184066001125
              ],
              [
                8.79662381192367,
                47.68790029865497
              ],
              [
                8.793384778862634,
                47.67988192367586
              ],
              [
                8.795952704062023,
                47.67543775947897
              ],
              [
                8.791831683795747,
                47.6749296925924
              ],
              [
                8.78365159180423,
                47.67716124554904
              ],
              [
                8.773383943594451,
                47.68144167701796
              ],
              [
                8.766301795682029,
                47.68633225815481
              ],
              [
                8.755209752046506,
                47.69004365425975
              ],
              [
                8.727922062093045,
                47.69293323087732
              ],
              [
                8.726869403912993,
                47.69818462503736
              ],
              [
                8.731943942476608,
                47.71128014250447
              ],
              [
                8.718032221148263,
                47.72176320421283
              ],
              [
                8.711148917209709,
                47.73013669522056
              ],
              [
                8.714438865114241,
                47.73860892655114
              ],
              [
                8.726528634864644,
                47.74509015182866
              ],
              [
                8.739541149831105,
                47.74652053841965
              ],
              [
                8.741398402042998,
                47.74818718519433
              ],
              [
                8.74014158782204,
                47.75290969212076
              ],
              [
                8.73078140468523,
                47.75962400515851
              ],
              [
                8.726138422096437,
                47.76260327481034
              ],
              [
                8.714010896050745,
                47.76540295576046
              ],
              [
                8.706784687355446,
                47.76372482035222
              ],
              [
                8.702825466737409,
                47.7609436672257
              ],
              [
                8.694983000524642,
                47.75585164138198
              ],
              [
                8.68887981742188,
                47.75856353625398
              ],
              [
                8.683298271561313,
                47.77059869678242
              ],
              [
                8.67610907138806,
                47.78569767630631
              ],
              [
                8.656932379578695,
                47.80041410857284
              ],
              [
                8.649343212017397,
                47.79831287700983
              ],
              [
                8.64660520250801,
                47.79472303244651
              ],
              [
                8.645559704368406,
                47.78702101459147
              ],
              [
                8.649054212502396,
                47.78425598815662
              ],
              [
                8.653038925662958,
                47.77336850821077
              ],
              [
                8.642442771778521,
                47.76515883742158
              ],
              [
                8.631504716440288,
                47.75819759444584
              ],
              [
                8.627684507162726,
                47.75931089124439
              ],
              [
                8.619291015446954,
                47.7675094221456
              ],
              [
                8.615055683563703,
                47.78486581595094
              ],
              [
                8.615901054271507,
                47.78700602455844
              ],
              [
                8.620459718454255,
                47.78873039419902
              ],
              [
                8.622152942037788,
                47.79473073221661
              ],
              [
                8.613830715722665,
                47.80107827227225
              ],
              [
                8.599876068836355,
                47.80282525332281
              ],
              [
                8.573042317913254,
                47.8060218978238
              ],
              [
                8.563514456181032,
                47.79236959407258
              ],
              [
                8.57492602407722,
                47.78947364119056
              ],
              [
                8.576964612118745,
                47.78167678579688
              ],
              [
                8.566332530134906,
                47.77803336043193
              ],
              [
                8.562681040949505,
                47.77787392202019
              ],
              [
                8.559700769822687,
                47.78188689947134
              ],
              [
                8.552717829856189,
                47.7845338149286
              ],
              [
                8.526272652033855,
                47.77804111288171
              ],
              [
                8.520096539487188,
                47.77061054862267
              ],
              [
                8.510094406252193,
                47.77616801309695
              ],
              [
                8.508753354604071,
                47.77430640906745
              ],
              [
                8.496024006659379,
                47.7706716220195
              ],
              [
                8.488795241880828,
                47.77326882001316
              ],
              [
                8.472708712036733,
                47.76373976372092
              ],
              [
                8.456973620317726,
                47.74962987611165
              ],
              [
                8.45079674155378,
                47.74027611645125
              ],
              [
                8.449795871926051,
                47.73806299306784
              ],
              [
                8.445269936897676,
                47.72298407422866
              ],
              [
                8.416906354358462,
                47.70991830094714
              ],
              [
                8.404533393469189,
                47.69807745952573
              ],
              [
                8.406306867176845,
                47.69555591945557
              ],
              [
                8.41195013773635,
                47.69445337767039
              ],
              [
                8.421090909570749,
                47.68368861222687
              ],
              [
                8.416127900267517,
                47.67969047823136
              ],
              [
                8.408659812989267,
                47.67868017037188
              ],
              [
                8.405664458968891,
                47.67476594747982
              ],
              [
                8.412382483209525,
                47.66623306218496
              ],
              [
                8.445211391904618,
                47.65390729065683
              ],
              [
                8.46377784259609,
                47.64854737779967
              ],
              [
                8.477689920027148,
                47.64470209511532
              ],
              [
                8.49340885383308,
                47.64650674185447
              ],
              [
                8.51316448095564,
                47.64746844084034
              ],
              [
                8.523041270148827,
                47.6448361770212
              ],
              [
                8.531857114172416,
                47.64606835705006
              ],
              [
                8.53364018043785,
                47.65003124923058
              ],
              [
                8.52920865569565,
                47.65477302497185
              ],
              [
                8.52700712085421,
                47.66028907784647
              ],
              [
                8.533444544638343,
                47.66316956561983
              ],
              [
                8.55432189160244,
                47.66940986631302
              ],
              [
                8.563597877466158,
                47.66997131358195
              ],
              [
                8.564645400399668,
                47.66529006158544
              ],
              [
                8.577610460471613,
                47.66154391884859
              ],
              [
                8.591299308963658,
                47.66760960226446
              ],
              [
                8.597918809901111,
                47.67276315301159
              ],
              [
                8.606588955757388,
                47.67213763939488
              ],
              [
                8.606291122002096,
                47.66883045531142
              ],
              [
                8.608608320464766,
                47.66360782371376
              ],
              [
                8.61197661623135,
                47.66202772122866
              ],
              [
                8.614526684614937,
                47.66167030403
              ],
              [
                8.627470043048088,
                47.65386572820882
              ],
              [
                8.628828889141408,
                47.65215276173576
              ],
              [
                8.627862724100234,
                47.64806313991961
              ],
              [
                8.623347086690929,
                47.6409485893856
              ],
              [
                8.620320597809009,
                47.63906790417352
              ],
              [
                8.606675954681839,
                47.63703523366053
              ],
              [
                8.602770904094077,
                47.64021683426071
              ],
              [
                8.605155135216908,
                47.64167396422722
              ],
              [
                8.611293413859572,
                47.64210043928477
              ],
              [
                8.613964841499044,
                47.64431711722209
              ],
              [
                8.613960713960056,
                47.64644943937782
              ],
              [
                8.611477122641539,
                47.65063857114677
              ],
              [
                8.60574623599746,
                47.65237758891274
              ],
              [
                8.595280090632308,
                47.64223074058622
              ],
              [
                8.597177063390928,
                47.62956965931772
              ],
              [
                8.605078259455404,
                47.61545864816481
              ],
              [
                8.603319107569304,
                47.61119026097973
              ],
              [
                8.595590708538316,
                47.60557969330991
              ],
              [
                8.592899091602582,
                47.60610585445357
              ],
              [
                8.587834398754673,
                47.60172975962007
              ],
              [
                8.582433936305302,
                47.59615636659035
              ],
              [
                8.566600103228202,
                47.59712538396982
              ],
              [
                8.563081446686917,
                47.59952936464828
              ],
              [
                8.571102986098161,
                47.61249486939403
              ],
              [
                8.56931102190733,
                47.61723315356777
              ],
              [
                8.557469008867075,
                47.62461075343364
              ],
              [
                8.538175237704289,
                47.63114868457314
              ],
              [
                8.52561553609938,
                47.6317667440815
              ],
              [
                8.516485847042446,
                47.63214821745554
              ],
              [
                8.512823617707124,
                47.62562103872006
              ],
              [
                8.50821134197416,
                47.6175378909766
              ],
              [
                8.493564653270386,
                47.61449792569466
              ],
              [
                8.478053716249864,
                47.61088494443896
              ],
              [
                8.456627534070222,
                47.60233986823116
              ],
              [
                8.457044142136393,
                47.59729762130311
              ],
              [
                8.460557957698141,
                47.58840131294181
              ],
              [
                8.466998858395572,
                47.58425478450129
              ],
              [
                8.479510517015731,
                47.58544863753745
              ],
              [
                8.486964163906233,
                47.58753159092015
              ],
              [
                8.488647724973672,
                47.58780964150612
              ],
              [
                8.494137896684498,
                47.58114231830897
              ],
              [
                8.486937164937057,
                47.57770498878245
              ],
              [
                8.464178890413574,
                47.57224196088868
              ],
              [
                8.438504865576629,
                47.56723747299574
              ],
              [
                8.431411907663989,
                47.56651289761583
              ],
              [
                8.426540997926605,
                47.56759326487905
              ],
              [
                8.416264947916254,
                47.57073581348175
              ],
              [
                8.399756445817802,
                47.57701074326344
              ],
              [
                8.397858800108875,
                47.57727728632955
              ],
              [
                8.392079537217276,
                47.57487077338408
              ],
              [
                8.387872500211174,
                47.57110176751684
              ],
              [
                8.361752379067001,
                47.5696292433062
              ],
              [
                8.337149449527553,
                47.57038086634321
              ],
              [
                8.329823361898526,
                47.5708497077895
              ],
              [
                8.32404325606274,
                47.57276141935296
              ],
              [
                8.302802024984404,
                47.58584559566778
              ],
              [
                8.297638921012624,
                47.58939668489641
              ],
              [
                8.295421375721142,
                47.59601911079846
              ],
              [
                8.297294935928193,
                47.60615126132272
              ],
              [
                8.288735880789027,
                47.60999643742791
              ],
              [
                8.258749208172835,
                47.61537137693966
              ],
              [
                8.25403918423453,
                47.6149820639526
              ],
              [
                8.238017454646924,
                47.61268146606604
              ],
              [
                8.221179243898801,
                47.61547391106136
              ],
              [
                8.21694397362109,
                47.61909035785241
              ],
              [
                8.205206327407698,
                47.62101284028844
              ],
              [
                8.198495869693925,
                47.61940718915916
              ],
              [
                8.19114373523912,
                47.61290322065615
              ],
              [
                8.184445289269355,
                47.60483868504752
              ],
              [
                8.168397512855485,
                47.59583234300576
              ],
              [
                8.16526593853177,
                47.59440604417477
              ],
              [
                8.160267916223901,
                47.59403572089319
              ],
              [
                8.149881608460863,
                47.5954735512161
              ],
              [
                8.110126420829362,
                47.58274056407792
              ],
              [
                8.103574163699882,
                47.57714445397481
              ],
              [
                8.101529747418157,
                47.56631844103646
              ],
              [
                8.097280703683182,
                47.56113369578716
              ],
              [
                8.092715976338893,
                47.55873047177646
              ],
              [
                8.08501511034315,
                47.55741452877681
              ],
              [
                8.078448008224026,
                47.55937517339481
              ],
              [
                8.074455234875073,
                47.56200384245249
              ],
              [
                8.06780506798441,
                47.56466640322488
              ],
              [
                8.05964568981005,
                47.56373578394523
              ],
              [
                8.045876929201963,
                47.55527431532406
              ],
              [
                8.036922320259823,
                47.55298180771044
              ],
              [
                8.020126635643546,
                47.55048721209272
              ],
              [
                8.014651132510615,
                47.55105938932388
              ],
              [
                8.007801680800444,
                47.55484727520683
              ],
              [
                7.999221239765819,
                47.5565179602618
              ],
              [
                7.978368534121308,
                47.55523263682349
              ],
              [
                7.964807707549185,
                47.55721973759466
              ],
              [
                7.959769513287066,
                47.55842124004794
              ],
              [
                7.956120851577245,
                47.55746800246964
              ],
              [
                7.952315636855016,
                47.55456884855174
              ],
              [
                7.948403382906251,
                47.54524204109316
              ],
              [
                7.944236173843058,
                47.54386449237474
              ],
              [
                7.919192935639624,
                47.54722892867442
              ],
              [
                7.911609226162211,
                47.55104010401805
              ],
              [
                7.908892428694204,
                47.55499180699965
              ],
              [
                7.907328346909319,
                47.56110738834528
              ],
              [
                7.911636484811055,
                47.56801513004613
              ],
              [
                7.906677756095307,
                47.57699889964923
              ],
              [
                7.897954699217052,
                47.58391857972693
              ],
              [
                7.895120567646478,
                47.58575554529492
              ],
              [
                7.887392054539603,
                47.58859986624744
              ],
              [
                7.86968312579329,
                47.58877902132689
              ],
              [
                7.861002664000037,
                47.58763434845176
              ],
              [
                7.850419715872147,
                47.58299613141439
              ],
              [
                7.84158369111977,
                47.58210702141419
              ],
              [
                7.837617528488993,
                47.58293519768416
              ],
              [
                7.832864232892323,
                47.58671148322964
              ],
              [
                7.82314881494966,
                47.58806955846175
              ],
              [
                7.818848804847297,
                47.58702763388018
              ],
              [
                7.814166232045033,
                47.5793910652872
              ],
              [
                7.812819712560502,
                47.57252427370907
              ],
              [
                7.810269615745608,
                47.56848107692286
              ],
              [
                7.795940086990459,
                47.55752100731106
              ],
              [
                7.782832270960895,
                47.55320672156199
              ],
              [
                7.752684871931537,
                47.54500562184896
              ],
              [
                7.724100756811365,
                47.54225517668447
              ],
              [
                7.713660880771234,
                47.53935656552594
              ],
              [
                7.696032051041149,
                47.53229058283851
              ],
              [
                7.686240934516884,
                47.53209243581827
              ],
              [
                7.675117841694369,
                47.53369824142099
              ],
              [
                7.666398228300788,
                47.53699846391802
              ],
              [
                7.65209145601641,
                47.54687419653852
              ],
              [
                7.645628625553909,
                47.55222289720024
              ],
              [
                7.640340207809814,
                47.5579792818775
              ],
              [
                7.636014494473048,
                47.56050044460524
              ],
              [
                7.633808368116789,
                47.56093451425322
              ],
              [
                7.641320045724735,
                47.56128238334181
              ],
              [
                7.683330755780391,
                47.5684962080488
              ],
              [
                7.683668483996842,
                47.57394343097076
              ],
              [
                7.680778090019064,
                47.58269852263698
              ],
              [
                7.667429250117236,
                47.59198340112501
              ],
              [
                7.645692681575942,
                47.59696165323667
              ],
              [
                7.641817827285824,
                47.59417695012036
              ],
              [
                7.636400848677784,
                47.58843880831773
              ],
              [
                7.624435761093213,
                47.57952472541616
              ],
              [
                7.619269510202999,
                47.57689653690111
              ],
              [
                7.604790876217212,
                47.57788461414715
              ],
              [
                7.604839542342062,
                47.58491505450153
              ],
              [
                7.598283421501778,
                47.58697488299233
              ],
              [
                7.589049386169175,
                47.58987637852471
              ],
              [
                7.585219398808467,
                47.58319456183185
              ],
              [
                7.568852663957815,
                47.57778469692103
              ],
              [
                7.561992094208693,
                47.57622441403124
              ],
              [
                7.556075358363263,
                47.57273092347948
              ],
              [
                7.554687842204896,
                47.56495629233525
              ],
              [
                7.53579214197036,
                47.5559765280105
              ],
              [
                7.507742521904565,
                47.54478392645763
              ],
              [
                7.504101208300757,
                47.54327712107837
              ],
              [
                7.498817319903442,
                47.53989745131472
              ],
              [
                7.497335886472332,
                47.53625810107775
              ],
              [
                7.497335886282414,
                47.53625810061117
              ],
              [
                7.499859028164493,
                47.52997587674545
              ],
              [
                7.502280759630601,
                47.52775950207099
              ],
              [
                7.510818842046146,
                47.52854079815022
              ],
              [
                7.516306549740877,
                47.53253505243168
              ],
              [
                7.519049635240885,
                47.53445776337399
              ],
              [
                7.52642506559889,
                47.53266853246291
              ],
              [
                7.529689648565156,
                47.53038333122757
              ],
              [
                7.530421813952136,
                47.52695391909679
              ],
              [
                7.523136385899649,
                47.51903865547553
              ],
              [
                7.508685382750579,
                47.508765912401
              ],
              [
                7.508685382874366,
                47.50876591154947
              ],
              [
                7.509536721917964,
                47.50290986963815
              ],
              [
                7.510261873213634,
                47.49727243979157
              ],
              [
                7.510261873102136,
                47.497272439719
              ],
              [
                7.510261873213634,
                47.49727243885206
              ],
              [
                7.490963340650899,
                47.48471795160862
              ],
              [
                7.486958424285866,
                47.4824330685101
              ],
              [
                7.476003462443378,
                47.4802241878543
              ],
              [
                7.470949469311739,
                47.48094091955743
              ],
              [
                7.459052628354338,
                47.48850932634068
              ],
              [
                7.446625699260553,
                47.49407940053919
              ],
              [
                7.434769845402552,
                47.49851521131015
              ],
              [
                7.422296652317508,
                47.48444358412203
              ],
              [
                7.420816453065604,
                47.4799835402225
              ],
              [
                7.420816452722944,
                47.47998353918997
              ],
              [
                7.429353215272747,
                47.482299510293
              ],
              [
                7.434619112960468,
                47.48101786630723
              ],
              [
                7.443148484715236,
                47.47780175657663
              ],
              [
                7.450308321759355,
                47.47473487300545
              ],
              [
                7.455364069436198,
                47.47251892784701
              ],
              [
                7.455364070107755,
                47.47251892755266
              ],
              [
                7.444516471175577,
                47.46209588876716
              ],
              [
                7.429828655037097,
                47.45994142733784
              ],
              [
                7.427042211019146,
                47.45724440832489
              ],
              [
                7.420940174711911,
                47.44653899796347
              ],
              [
                7.38218265006403,
                47.43369629374028
              ],
              [
                7.380646047317706,
                47.43181146777408
              ],
              [
                7.365497970823764,
                47.43344809603533
              ],
              [
                7.351186888912957,
                47.43450863157644
              ],
              [
                7.345818152911023,
                47.4356459341174
              ],
              [
                7.338444492244379,
                47.44063517438675
              ],
              [
                7.329251230560385,
                47.44130626020857
              ],
              [
                7.326602450751976,
                47.43965633758581
              ],
              [
                7.311301933799539,
                47.43775519798363
              ],
              [
                7.283217701496653,
                47.43500882065572
              ],
              [
                7.270510970526299,
                47.42692107483296
              ],
              [
                7.254529132605189,
                47.42396899761492
              ],
              [
                7.24615027121979,
                47.42735261019474
              ],
              [
                7.236168730217361,
                47.43700712998695
              ],
              [
                7.231795117915763,
                47.43953659741639
              ],
              [
                7.226214216262274,
                47.44031145061056
              ],
              [
                7.206076079505053,
                47.43574513329123
              ],
              [
                7.196456784306711,
                47.43561149104778
              ],
              [
                7.174846687113687,
                47.44348827544097
              ],
              [
                7.17484668722025,
                47.44348827634177
              ],
              [
                7.174846687113687,
                47.44348827638062
              ],
              [
                7.177677138067382,
                47.46741027450042
              ],
              [
                7.191896997640568,
                47.48850167212493
              ],
              [
                7.203446597110387,
                47.49123724654125
              ],
              [
                7.201488652970564,
                47.49561241116103
              ],
              [
                7.173983255497352,
                47.4901038862176
              ],
              [
                7.159970543549437,
                47.49085563692331
              ],
              [
                7.151403998817131,
                47.49747393903508
              ],
              [
                7.139897799416657,
                47.50187294668726
              ],
              [
                7.130683920941228,
                47.50315652347386
              ],
              [
                7.134324713850372,
                47.5050390171803
              ],
              [
                7.137446798954665,
                47.50941410216255
              ],
              [
                7.139476856479029,
                47.51937827528351
              ],
              [
                7.139815504327752,
                47.52607665616328
              ],
              [
                7.135546087454093,
                47.53702102939948
              ],
              [
                7.131582387991677,
                47.54029406707233
              ],
              [
                7.108093600192582,
                47.55212376131244
              ],
              [
                7.108565682238664,
                47.56332321886002
              ],
              [
                7.105500169383933,
                47.56921368240353
              ],
              [
                7.085397443696497,
                47.59306282337831
              ],
              [
                7.08107238453894,
                47.59612183071877
              ],
              [
                7.074655182695287,
                47.59886529884919
              ],
              [
                7.070467090697824,
                47.60042901965786
              ],
              [
                7.066147459629106,
                47.60128390299799
              ],
              [
                7.041168649755141,
                47.60053990446841
              ],
              [
                7.038997117867944,
                47.60008930721733
              ],
              [
                7.03393867501662,
                47.59411986372528
              ],
              [
                7.024649007373499,
                47.58922553319589
              ],
              [
                7.019582372388346,
                47.58839392056485
              ],
              [
                7.015752660077451,
                47.59179266104837
              ],
              [
                7.006087741401769,
                47.61290288823402
              ],
              [
                7.004990995149209,
                47.61939220192006
              ],
              [
                7.006720204802256,
                47.62918843281425
              ],
              [
                7.017225089843891,
                47.64930633603142
              ],
              [
                7.019813092044915,
                47.65069175185721
              ],
              [
                7.034904576216075,
                47.64945138111083
              ],
              [
                7.039255594281553,
                47.65040142794176
              ],
              [
                7.034201713390263,
                47.66110180071561
              ],
              [
                7.03553882026524,
                47.66339035836684
              ],
              [
                7.041675857366809,
                47.67242432323112
              ],
              [
                7.042897188903472,
                47.68093422969618
              ],
              [
                7.040120777815218,
                47.68572929483864
              ],
              [
                7.038651078965722,
                47.68795349124562
              ],
              [
                7.033161988808498,
                47.69529280378529
              ],
              [
                7.026614339294821,
                47.70046609417538
              ],
              [
                7.027582881369666,
                47.70538326916102
              ],
              [
                7.033818615692693,
                47.71549173569328
              ],
              [
                7.036349960074384,
                47.71845553626945
              ],
              [
                7.037426618712457,
                47.72156451094682
              ],
              [
                7.032162248406506,
                47.72619201619069
              ],
              [
                7.012865862624825,
                47.74129413266939
              ],
              [
                6.998437860905748,
                47.74583808395543
              ],
              [
                6.986693984600471,
                47.74824505250066
              ],
              [
                6.970466154689747,
                47.75438655852847
              ],
              [
                6.943127084640716,
                47.76646418493627
              ],
              [
                6.922369318372587,
                47.77210212372585
              ],
              [
                6.871533481272207,
                47.78161567316327
              ],
              [
                6.864974109960965,
                47.78461800063281
              ],
              [
                6.862451174515613,
                47.7863802500099
              ],
              [
                6.854421511647314,
                47.79565739794298
              ],
              [
                6.84809964674518,
                47.80382858010849
              ],
              [
                6.842580218381138,
                47.81201532899694
              ],
              [
                6.841034860188111,
                47.81901147838428
              ],
              [
                6.846186047770826,
                47.82294489307315
              ],
              [
                6.851354717995504,
                47.82473700041305
              ],
              [
                6.867611808125764,
                47.82946775119399
              ],
              [
                6.888319199701658,
                47.83303011457004
              ],
              [
                6.914435870024125,
                47.84646568712893
              ],
              [
                6.920052940532795,
                47.85029952939774
              ],
              [
                6.915763160053491,
                47.8587105628924
              ],
              [
                6.904505684255404,
                47.87946663128658
              ],
              [
                6.897824633589392,
                47.88427675103511
              ],
              [
                6.896917879255183,
                47.89084202081244
              ],
              [
                6.910018667818901,
                47.89443188437649
              ],
              [
                6.918470344982052,
                47.89842191389337
              ],
              [
                6.926331379469558,
                47.90640194897404
              ],
              [
                6.928748982687468,
                47.90954931792615
              ],
              [
                6.927058469571314,
                47.91556146090463
              ],
              [
                6.925939705590508,
                47.91731582793159
              ],
              [
                6.917354133153231,
                47.91643846569605
              ],
              [
                6.912364064724071,
                47.91839191754464
              ],
              [
                6.925755628986681,
                47.92984734683022
              ],
              [
                6.925120412386769,
                47.93563772505709
              ],
              [
                6.922869736693356,
                47.94058951442253
              ],
              [
                6.92010953133601,
                47.94430140884711
              ],
              [
                6.928000391165714,
                47.96718563980069
              ],
              [
                6.930917797697581,
                47.9722053513827
              ],
              [
                6.939100519762382,
                47.97526463163713
              ],
              [
                6.942170943148257,
                47.97816045433848
              ],
              [
                6.943774988815099,
                47.9803958975825
              ],
              [
                6.945164913201432,
                47.98786154125094
              ],
              [
                6.943042918267731,
                47.9920004953559
              ],
              [
                6.944544307418222,
                47.99995724921806
              ],
              [
                6.953608665506861,
                48.0030668003177
              ],
              [
                6.961418081945727,
                48.00028169492431
              ],
              [
                6.981553226978535,
                48.00943728394567
              ],
              [
                7.001310402687394,
                48.02180400252374
              ],
              [
                7.007649193608366,
                48.02893777827263
              ],
              [
                7.011209327729309,
                48.03501062233539
              ],
              [
                7.009760704933294,
                48.04290750308398
              ],
              [
                7.029810286878025,
                48.07192203875286
              ],
              [
                7.031728700663584,
                48.07382948939144
              ],
              [
                7.037418695081588,
                48.07810563598409
              ],
              [
                7.047611100257916,
                48.08008115481464
              ],
              [
                7.051670235502753,
                48.08262185463759
              ],
              [
                7.057315973988829,
                48.08861092816637
              ],
              [
                7.070419105123536,
                48.10645983039933
              ],
              [
                7.071966585472033,
                48.10797486978453
              ],
              [
                7.076724050777112,
                48.10850098859108
              ],
              [
                7.083946852007596,
                48.12221845295733
              ],
              [
                7.084175427379464,
                48.12923372723784
              ],
              [
                7.069870271435445,
                48.12949711360847
              ],
              [
                7.058027768299448,
                48.13772145530299
              ],
              [
                7.060198406856949,
                48.14466077934109
              ],
              [
                7.064909675445125,
                48.14541568403148
              ],
              [
                7.070781078095544,
                48.15306455766619
              ],
              [
                7.079650364483177,
                48.16482151431327
              ],
              [
                7.077577546452044,
                48.17094019652912
              ],
              [
                7.085763831283924,
                48.18403155884324
              ],
              [
                7.09164313443146,
                48.18424166996114
              ],
              [
                7.099832038997888,
                48.18913626575696
              ],
              [
                7.106299451137547,
                48.19432448273918
              ],
              [
                7.117653188785433,
                48.20804891600821
              ],
              [
                7.123209998325664,
                48.21651812107462
              ],
              [
                7.129939149027232,
                48.22894274478188
              ],
              [
                7.13411900436534,
                48.23778145309807
              ],
              [
                7.132665989689172,
                48.24283934499886
              ],
              [
                7.133055985322896,
                48.24755436095051
              ],
              [
                7.141535605906355,
                48.25796447040977
              ],
              [
                7.147754711509915,
                48.26441098072493
              ],
              [
                7.15892486618316,
                48.27321180394267
              ],
              [
                7.168629326116608,
                48.28509501712318
              ],
              [
                7.171872619977798,
                48.29347211843478
              ],
              [
                7.172461165548988,
                48.29750409795263
              ],
              [
                7.18581980234852,
                48.30152800151615
              ],
              [
                7.193630822417869,
                48.30204351603081
              ],
              [
                7.198317088050625,
                48.31048960784159
              ],
              [
                7.196699866481296,
                48.3158833191986
              ],
              [
                7.191792972596927,
                48.32487453669486
              ],
              [
                7.180885301870592,
                48.33517018371721
              ],
              [
                7.164137577998775,
                48.33727969778402
              ],
              [
                7.153486562023991,
                48.33341136105216
              ],
              [
                7.141338584428715,
                48.33203476248136
              ],
              [
                7.116085562635624,
                48.33436962387902
              ],
              [
                7.112853905282271,
                48.33594806471807
              ],
              [
                7.11275271729511,
                48.33915303868971
              ],
              [
                7.109422980558438,
                48.34321173213741
              ],
              [
                7.093779451993737,
                48.34860210842099
              ],
              [
                7.078545055745673,
                48.3510887840399
              ],
              [
                7.075979148203716,
                48.35259914322451
              ],
              [
                7.096207920305384,
                48.37129920736675
              ],
              [
                7.100839612835511,
                48.37376311894639
              ],
              [
                7.106661667586971,
                48.3760833100713
              ],
              [
                7.108179285237096,
                48.37700612343769
              ],
              [
                7.109353654221627,
                48.37875717396884
              ],
              [
                7.104478450854503,
                48.38788960853289
              ],
              [
                7.100392700590488,
                48.39053287535241
              ],
              [
                7.096489278083632,
                48.39281798329
              ],
              [
                7.092962818747824,
                48.39418380953896
              ],
              [
                7.084997100719088,
                48.39789937430571
              ],
              [
                7.088434541494607,
                48.40270531913528
              ],
              [
                7.095823389433541,
                48.40496816328746
              ],
              [
                7.097442482807924,
                48.40566600022515
              ],
              [
                7.097299481717903,
                48.41702231963971
              ],
              [
                7.095705823814098,
                48.42655179580014
              ],
              [
                7.100470118907547,
                48.43472646938442
              ],
              [
                7.106374095434582,
                48.44128775195041
              ],
              [
                7.104994048750745,
                48.44454109813156
              ],
              [
                7.101925954318022,
                48.45143037570543
              ],
              [
                7.110296780522713,
                48.46243268347991
              ],
              [
                7.118719286843018,
                48.47410532553507
              ],
              [
                7.11883093894172,
                48.48373768714968
              ],
              [
                7.105876108894578,
                48.48712525413561
              ],
              [
                7.097713162197353,
                48.48764370802343
              ],
              [
                7.093677074634082,
                48.48930327415973
              ],
              [
                7.090933394446428,
                48.49829459580302
              ],
              [
                7.090637781457874,
                48.503672763441
              ],
              [
                7.094270526814716,
                48.50621746735565
              ],
              [
                7.096525523299196,
                48.50211310344795
              ],
              [
                7.098800889975894,
                48.50120854549677
              ],
              [
                7.103889988671071,
                48.49977793822138
              ],
              [
                7.135818866618931,
                48.4975772726207
              ],
              [
                7.135477352066352,
                48.49903035572744
              ],
              [
                7.127742738266223,
                48.50953981189766
              ],
              [
                7.123181777153038,
                48.51358585872183
              ],
              [
                7.114719795522166,
                48.51445346537214
              ],
              [
                7.096750178321478,
                48.51526189702786
              ],
              [
                7.086681142658638,
                48.51559379121639
              ],
              [
                7.06450765376144,
                48.52341795871307
              ],
              [
                7.074106498353702,
                48.53386634766498
              ],
              [
                7.079372275355481,
                48.53642572725241
              ],
              [
                7.070132221800082,
                48.5377268413844
              ],
              [
                7.053890147583214,
                48.55187552393305
              ],
              [
                7.045774968254863,
                48.56010008162477
              ],
              [
                7.038239122266249,
                48.57221219621693
              ],
              [
                7.033744033639037,
                48.57789576605244
              ],
              [
                7.01815099296488,
                48.58318625280087
              ],
              [
                6.993306024583211,
                48.59344029765441
              ],
              [
                6.993052250946837,
                48.59651124085688
              ],
              [
                7.016711588940225,
                48.60400702109687
              ],
              [
                7.016972509154497,
                48.60827555376583
              ],
              [
                7.008751422630904,
                48.611861404716
              ],
              [
                6.985828081376974,
                48.61306738091115
              ],
              [
                6.974375680591344,
                48.61196115874384
              ],
              [
                6.961853964901232,
                48.60874140265884
              ],
              [
                6.949598159134792,
                48.61139604356367
              ],
              [
                6.93975284816662,
                48.61508533147762
              ],
              [
                6.94505530537227,
                48.61883125770284
              ],
              [
                6.93464337725362,
                48.63272385008474
              ],
              [
                6.930017057538466,
                48.63557046232017
              ],
              [
                6.919723884835198,
                48.63378044972351
              ],
              [
                6.917762386538441,
                48.62939777136318
              ],
              [
                6.919132563389084,
                48.62736434807011
              ],
              [
                6.918227126876284,
                48.62478979197425
              ],
              [
                6.911718035778952,
                48.62058231772508
              ],
              [
                6.905405821657856,
                48.61985392703917
              ],
              [
                6.860870716274308,
                48.62028432312397
              ],
              [
                6.847749571195115,
                48.62323745036386
              ],
              [
                6.844065285500633,
                48.62599478080718
              ],
              [
                6.84284036581833,
                48.62974106882758
              ],
              [
                6.841632426487266,
                48.63523432400115
              ],
              [
                6.836634165539989,
                48.64311164525405
              ],
              [
                6.832072308194152,
                48.64457696182133
              ],
              [
                6.826929815607068,
                48.64622087758308
              ],
              [
                6.810514201288406,
                48.64745250770397
              ],
              [
                6.782637724379043,
                48.64274182747017
              ],
              [
                6.76396785554814,
                48.65211821083128
              ],
              [
                6.755771366166428,
                48.66392060035443
              ],
              [
                6.740412521736728,
                48.66875063733991
              ],
              [
                6.721503137485358,
                48.66935332868422
              ],
              [
                6.685550413235046,
                48.68136165182555
              ],
              [
                6.676430787080186,
                48.68905181578553
              ],
              [
                6.670515561293112,
                48.69769613693084
              ],
              [
                6.661587674241545,
                48.70609584810073
              ],
              [
                6.658417918867813,
                48.70806419742863
              ],
              [
                6.649025247554764,
                48.70648882844105
              ],
              [
                6.645978243368583,
                48.70583700940827
              ],
              [
                6.637499037542862,
                48.70461950175675
              ],
              [
                6.628084574803787,
                48.71214665880341
              ],
              [
                6.623655749052657,
                48.71370225695375
              ],
              [
                6.605433967009614,
                48.71709396183021
              ],
              [
                6.594839229315038,
                48.72923986653765
              ],
              [
                6.589594542499319,
                48.73249783993606
              ],
              [
                6.58010855826273,
                48.73465657808973
              ],
              [
                6.574253208773691,
                48.73942927380104
              ],
              [
                6.564477250625791,
                48.74942697233651
              ],
              [
                6.559380222538211,
                48.75501553822596
              ],
              [
                6.547628731231845,
                48.75464186004765
              ],
              [
                6.542884076491428,
                48.75337910269547
              ],
              [
                6.538641690385671,
                48.75141507431005
              ],
              [
                6.534754330967878,
                48.74895052503496
              ],
              [
                6.505017756011963,
                48.75256327162476
              ],
              [
                6.50311489634097,
                48.75736549657563
              ],
              [
                6.496341127649895,
                48.76201993145533
              ],
              [
                6.490397430069586,
                48.76498404120276
              ],
              [
                6.485789721401727,
                48.76695189085336
              ],
              [
                6.465947509726108,
                48.76672730488362
              ],
              [
                6.459806812828051,
                48.7656894915167
              ],
              [
                6.453617137470476,
                48.76591481507154
              ],
              [
                6.451479428696203,
                48.77211699960583
              ],
              [
                6.433119772015782,
                48.78912320607797
              ],
              [
                6.409845716791081,
                48.7794723773515
              ],
              [
                6.400897778721175,
                48.77596193041398
              ],
              [
                6.394880200640425,
                48.77478405119059
              ],
              [
                6.388746524678384,
                48.78062799849063
              ],
              [
                6.386222596381209,
                48.78143304275751
              ],
              [
                6.370885708803504,
                48.78472513823563
              ],
              [
                6.366401024109524,
                48.78308783106245
              ],
              [
                6.355464830722731,
                48.7920679400185
              ],
              [
                6.353851280737102,
                48.79901863675142
              ],
              [
                6.354547770396246,
                48.80854356916207
              ],
              [
                6.339343494833431,
                48.81105344168584
              ],
              [
                6.332706943640118,
                48.81421183691549
              ],
              [
                6.328983059940033,
                48.82005636992034
              ],
              [
                6.326369249239314,
                48.82111288854919
              ],
              [
                6.319588798715789,
                48.82138172483839
              ],
              [
                6.308793256455044,
                48.8211741805094
              ],
              [
                6.301128079303489,
                48.82427599365199
              ],
              [
                6.301451448274656,
                48.82656033489784
              ],
              [
                6.303820475963906,
                48.82724671489822
              ],
              [
                6.316693127414207,
                48.83007428251997
              ],
              [
                6.320744537150195,
                48.82984880957262
              ],
              [
                6.324028940082234,
                48.82753321888168
              ],
              [
                6.325767791631834,
                48.82693774095056
              ],
              [
                6.328882841104296,
                48.82705388667635
              ],
              [
                6.333904121271908,
                48.8275559096149
              ],
              [
                6.339646618798018,
                48.83351451752218
              ],
              [
                6.330005070923248,
                48.83573850968719
              ],
              [
                6.320706460698924,
                48.83786765870727
              ],
              [
                6.316151981264054,
                48.83756778341433
              ],
              [
                6.30053056626575,
                48.84072787100518
              ],
              [
                6.285436695804817,
                48.84481014330184
              ],
              [
                6.284207994163543,
                48.84642781464222
              ],
              [
                6.285475144110664,
                48.84945229384603
              ],
              [
                6.299423339901908,
                48.85855390608488
              ],
              [
                6.307654362349093,
                48.86236539524755
              ],
              [
                6.311724637179208,
                48.8638489043439
              ],
              [
                6.311031891046841,
                48.87314174382918
              ],
              [
                6.309690945449201,
                48.87841346275297
              ],
              [
                6.301084460826854,
                48.87934040424233
              ],
              [
                6.297381081492772,
                48.88248789127157
              ],
              [
                6.309154014294916,
                48.8922576008525
              ],
              [
                6.325843088107994,
                48.89595346783354
              ],
              [
                6.328365679165276,
                48.90014232614615
              ],
              [
                6.327975678817181,
                48.90380042913771
              ],
              [
                6.326750317203065,
                48.90735990764903
              ],
              [
                6.304505142344901,
                48.91866677416842
              ],
              [
                6.288799440871263,
                48.92308723690898
              ],
              [
                6.287801261695527,
                48.92770738672451
              ],
              [
                6.273197941906166,
                48.9330322085743
              ],
              [
                6.271240671401286,
                48.93332973548432
              ],
              [
                6.262567383648139,
                48.93353590542505
              ],
              [
                6.255210524064736,
                48.93122384475787
              ],
              [
                6.256101780949422,
                48.9294852925594
              ],
              [
                6.245541303409976,
                48.9238127271441
              ],
              [
                6.241704521641159,
                48.92362150465077
              ],
              [
                6.224088802496109,
                48.92723758930681
              ],
              [
                6.223058532975038,
                48.9289928260816
              ],
              [
                6.211833143669768,
                48.93846074228958
              ],
              [
                6.205905375162161,
                48.93772102939006
              ],
              [
                6.176640697255643,
                48.93483279763787
              ],
              [
                6.168994429747988,
                48.93855980483863
              ],
              [
                6.16642111527449,
                48.94143223842137
              ],
              [
                6.165307567003428,
                48.94206215550479
              ],
              [
                6.159110301301212,
                48.94415979551818
              ],
              [
                6.154307931028664,
                48.94219898005221
              ],
              [
                6.148738670413469,
                48.93815570573354
              ],
              [
                6.149736003097273,
                48.93334911701738
              ],
              [
                6.146538817672925,
                48.9326048838568
              ],
              [
                6.132208827104647,
                48.93474153977509
              ],
              [
                6.125851492983768,
                48.93819425441128
              ],
              [
                6.124589341846962,
                48.94148227808969
              ],
              [
                6.129603773791864,
                48.94896273807773
              ],
              [
                6.116838140025946,
                48.96828807925688
              ],
              [
                6.109912668417189,
                48.96947083015031
              ],
              [
                6.099606116789964,
                48.96886746133953
              ],
              [
                6.081326587052132,
                48.96307330352311
              ],
              [
                6.069346146351201,
                48.97201502582007
              ],
              [
                6.05530820263202,
                48.97805713104228
              ],
              [
                6.046428268669446,
                48.97640961907739
              ],
              [
                6.043431456135113,
                48.97750033610156
              ],
              [
                6.031248687818007,
                48.98468764946485
              ],
              [
                6.029223004204554,
                48.98961631638322
              ],
              [
                6.029495113152451,
                48.99055442613176
              ],
              [
                6.036663898836856,
                48.98681596101032
              ],
              [
                6.040562040997415,
                48.98341689011366
              ],
              [
                6.043762140407464,
                48.98418310621232
              ],
              [
                6.04664273023796,
                48.99576123409033
              ],
              [
                6.04510277435044,
                49.01354951654211
              ],
              [
                6.038248046844124,
                49.01620018414662
              ],
              [
                6.033327891189189,
                49.01528101553127
              ],
              [
                6.018647044968972,
                49.02498554179317
              ],
              [
                6.005446351250068,
                49.03445028284739
              ],
              [
                5.987885719739339,
                49.04226601341752
              ],
              [
                5.980884424192073,
                49.04388418389573
              ],
              [
                5.978633277780535,
                49.04318551096632
              ],
              [
                5.978091937935645,
                49.04135867099175
              ],
              [
                5.971074181751634,
                49.04099625362182
              ],
              [
                5.957785702358893,
                49.04740060680172
              ],
              [
                5.953199679901081,
                49.05403483692313
              ],
              [
                5.944329076318178,
                49.06574226776704
              ],
              [
                5.936811309885334,
                49.06885832166286
              ],
              [
                5.924792237452228,
                49.09192213609498
              ],
              [
                5.927808197144311,
                49.09962079453764
              ],
              [
                5.931593982553364,
                49.10913396819957
              ],
              [
                5.947820477489185,
                49.10880645660166
              ],
              [
                5.972661911869758,
                49.10824193923182
              ],
              [
                5.997394851613294,
                49.10786796630724
              ],
              [
                6.004113371311018,
                49.11160994853541
              ],
              [
                6.004974963094711,
                49.11392165298284
              ],
              [
                6.002144633971606,
                49.11649244276057
              ],
              [
                5.992856441843678,
                49.12349242473916
              ],
              [
                5.986539520296597,
                49.12815061293522
              ],
              [
                5.984418344809173,
                49.14118503867686
              ],
              [
                5.991455276522652,
                49.14626637299086
              ],
              [
                6.010880971476231,
                49.15370510596581
              ],
              [
                6.016333649088272,
                49.15785576315454
              ],
              [
                6.028162796980253,
                49.1673316151682
              ],
              [
                6.006217192400185,
                49.18334135522281
              ],
              [
                5.996276223838625,
                49.185374924163
              ],
              [
                5.99161601850079,
                49.18371543243022
              ],
              [
                5.98517940279952,
                49.18486740532841
              ],
              [
                5.979905716213501,
                49.18885763774619
              ],
              [
                5.978767519819164,
                49.19488432740336
              ],
              [
                5.980238950944614,
                49.20172854677114
              ],
              [
                5.983420167349205,
                49.20671412286895
              ],
              [
                5.987622426738554,
                49.20964339112181
              ],
              [
                6.000204601336202,
                49.21436994808883
              ],
              [
                6.022953675769557,
                49.22354842241895
              ],
              [
                6.030755132378263,
                49.23311189816395
              ],
              [
                6.027880845730019,
                49.24801166702799
              ],
              [
                6.026845513713623,
                49.25178841513651
              ],
              [
                6.020160168785043,
                49.25703714312851
              ],
              [
                6.012633773359669,
                49.2574571431925
              ],
              [
                6.000189348338158,
                49.27604291038017
              ],
              [
                6.00294781851723,
                49.28909677014754
              ],
              [
                6.004185724886494,
                49.29468845167842
              ],
              [
                6.006369156743257,
                49.30177242694686
              ],
              [
                6.006593827677497,
                49.30762066550164
              ],
              [
                6.005209698343724,
                49.3101836434706
              ],
              [
                5.99711026462676,
                49.31426978262392
              ],
              [
                5.985212466763964,
                49.30519835507171
              ],
              [
                5.969290112730717,
                49.31983165901352
              ],
              [
                5.960941044504195,
                49.32337869539892
              ],
              [
                5.950825023371139,
                49.32688491998147
              ],
              [
                5.943691990953514,
                49.33616548291111
              ],
              [
                5.943378675429447,
                49.34031972666961
              ],
              [
                5.94451661957305,
                49.34163583404511
              ],
              [
                5.961418873881031,
                49.34474927350155
              ],
              [
                5.962988373616647,
                49.34650388557295
              ],
              [
                5.962440805122446,
                49.35592634542768
              ],
              [
                5.956111769918146,
                49.36161761566776
              ],
              [
                5.949114742471935,
                49.36219784787849
              ],
              [
                5.924763969278407,
                49.37308098105053
              ],
              [
                5.935859837573045,
                49.37873025284753
              ],
              [
                5.935998937443851,
                49.38070277441631
              ],
              [
                5.93368639532896,
                49.39427912559076
              ],
              [
                5.929660927846873,
                49.40151192477779
              ],
              [
                5.926928699069103,
                49.40461689925935
              ],
              [
                5.919887208684156,
                49.40460949619025
              ],
              [
                5.911824285454757,
                49.40756579751523
              ],
              [
                5.917320642167859,
                49.41580907005311
              ],
              [
                5.928713004162925,
                49.42711615601609
              ],
              [
                5.935209197107675,
                49.42735985254103
              ],
              [
                5.942272346945961,
                49.43037714499564
              ],
              [
                5.942704569439352,
                49.45138905274789
              ],
              [
                5.9366219633143,
                49.47768390618953
              ],
              [
                5.92880152800269,
                49.48305817858
              ],
              [
                5.917512680403338,
                49.4826498501364
              ],
              [
                5.912749482335385,
                49.48184511162864
              ],
              [
                5.898733832965788,
                49.48394366577232
              ],
              [
                5.891767842453472,
                49.49484101419367
              ],
              [
                5.893387138697729,
                49.49692073627271
              ],
              [
                5.897806105727633,
                49.49675655740372
              ],
              [
                5.906626261063217,
                49.49985500544926
              ],
              [
                5.907301512445223,
                49.5018685851058
              ],
              [
                5.911868158404315,
                49.50204056392251
              ],
              [
                5.931886083374796,
                49.4998472417419
              ],
              [
                5.946194378141743,
                49.49700856221046
              ],
              [
                5.964620082921879,
                49.49287762432133
              ],
              [
                5.972692515330739,
                49.49087116834404
              ],
              [
                5.973804946305919,
                49.48903986729045
              ],
              [
                5.974903960392718,
                49.48062432086242
              ],
              [
                5.972332456153722,
                49.47571167531174
              ],
              [
                5.971732097562383,
                49.46956203171933
              ],
              [
                5.978614550122452,
                49.4542190756953
              ],
              [
                5.982034328698685,
                49.45109511914259
              ],
              [
                5.997430893678995,
                49.45655400230397
              ],
              [
                6.000885597346333,
                49.45662266066817
              ],
              [
                6.026414641162751,
                49.44987086907776
              ],
              [
                6.027471738102146,
                49.44825684401138
              ],
              [
                6.042143059182545,
                49.44783327446233
              ],
              [
                6.052624693824415,
                49.46415651420111
              ],
              [
                6.057755740126507,
                49.46623591552688
              ],
              [
                6.072131676346182,
                49.46545762641472
              ],
              [
                6.079677850286994,
                49.46377475006937
              ],
              [
                6.079874539637399,
                49.45908714737692
              ],
              [
                6.087285716732735,
                49.45497805229281
              ],
              [
                6.092504643638882,
                49.45278495805542
              ],
              [
                6.100804999797517,
                49.45291047844211
              ],
              [
                6.097858111656048,
                49.46408437148297
              ],
              [
                6.09950619283775,
                49.46754832670117
              ],
              [
                6.102066203232638,
                49.47025599568728
              ],
              [
                6.108357048387629,
                49.47211832383084
              ],
              [
                6.112681843323403,
                49.47273935652316
              ],
              [
                6.114656728287446,
                49.4705197132966
              ],
              [
                6.123457664499046,
                49.47346795557522
              ],
              [
                6.126774745338529,
                49.48155887589468
              ],
              [
                6.132743213298486,
                49.49000532432331
              ],
              [
                6.140778112022415,
                49.48667490936381
              ],
              [
                6.157344350449015,
                49.49166492361014
              ],
              [
                6.162309292243529,
                49.49348429332523
              ],
              [
                6.153804394993088,
                49.50141515018626
              ],
              [
                6.155748061705157,
                49.504142724028
              ],
              [
                6.175638361739904,
                49.51010104882508
              ],
              [
                6.19573898424355,
                49.50543142322149
              ],
              [
                6.20822750142028,
                49.50605009231411
              ],
              [
                6.21672613652905,
                49.50684688130347
              ],
              [
                6.219788035168406,
                49.50880771116923
              ],
              [
                6.22681416562697,
                49.51019984274546
              ],
              [
                6.246359792905257,
                49.5089903474348
              ],
              [
                6.258376103751382,
                49.50719034717279
              ],
              [
                6.279088597940792,
                49.50338345128642
              ],
              [
                6.280152056887408,
                49.5010482104577
              ],
              [
                6.278906973606963,
                49.49600540056004
              ],
              [
                6.288998466629836,
                49.48472133349809
              ],
              [
                6.296158271374684,
                49.48019725360303
              ],
              [
                6.305806487041692,
                49.47734414328043
              ],
              [
                6.312757392818629,
                49.48029672535457
              ],
              [
                6.352936704472118,
                49.46724637840679
              ],
              [
                6.364390523649059,
                49.45951458690694
              ],
              [
                6.36884672752667,
                49.45985361457954
              ],
              [
                6.368770757987229,
                49.46840454677751
              ],
              [
                6.363969234131449,
                49.47277253846731
              ],
              [
                6.36372452440108,
                49.4880535294606
              ],
              [
                6.367290514228754,
                49.51263341272828
              ],
              [
                6.36210679643867,
                49.53380963817241
              ],
              [
                6.376773320698939,
                49.54940673157435
              ],
              [
                6.380831738221283,
                49.55806043638188
              ],
              [
                6.379945068122796,
                49.56168496190641
              ],
              [
                6.366254098246833,
                49.5708035053073
              ],
              [
                6.365195288327173,
                49.57500616866617
              ],
              [
                6.388706863503149,
                49.60340901789181
              ],
              [
                6.411817074995995,
                49.61671672911358
              ],
              [
                6.413941730175146,
                49.61793976396196
              ],
              [
                6.415649232771875,
                49.62081491637201
              ],
              [
                6.436840513975707,
                49.65648690098197
              ],
              [
                6.429519137951025,
                49.66620964631507
              ],
              [
                6.432366889507125,
                49.67003733787475
              ],
              [
                6.445552258612657,
                49.67654880132601
              ],
              [
                6.46941317432157,
                49.69257521975477
              ],
              [
                6.48761789768845,
                49.6965586169033
              ],
              [
                6.48567133362778,
                49.69795719520374
              ],
              [
                6.486526809620811,
                49.70135290405756
              ],
              [
                6.501548154254603,
                49.71428872722985
              ],
              [
                6.498373577466044,
                49.72275438180518
              ],
              [
                6.500588137277942,
                49.72520244252122
              ],
              [
                6.513360461262009,
                49.72686038142278
              ],
              [
                6.516384691180438,
                49.73083038105506
              ],
              [
                6.506199026994065,
                49.74192284269013
              ],
              [
                6.505442752929702,
                49.74561385793037
              ],
              [
                6.509643480023474,
                49.75634015471045
              ],
              [
                6.516296804857694,
                49.76904675133971
              ],
              [
                6.516143385621815,
                49.77597229833241
              ],
              [
                6.515812917060075,
                49.79080120839899
              ],
              [
                6.520044351180026,
                49.79592162466821
              ],
              [
                6.531019621479961,
                49.80919987506968
              ],
              [
                6.528033398443437,
                49.81316395467157
              ],
              [
                6.517633634451659,
                49.81564717601291
              ],
              [
                6.506201567345657,
                49.80814977134931
              ],
              [
                6.500049042821378,
                49.81004012905539
              ],
              [
                6.489646214114054,
                49.81907820958695
              ],
              [
                6.477412207749963,
                49.82146989817669
              ],
              [
                6.463053828176507,
                49.8207829368302
              ],
              [
                6.461544101363059,
                49.81617863248908
              ],
              [
                6.441823598055181,
                49.8146952336633
              ],
              [
                6.406781547178508,
                49.8230267806974
              ],
              [
                6.396157419001315,
                49.83036225365881
              ],
              [
                6.383658970378044,
                49.84819234641513
              ],
              [
                6.360930170804105,
                49.85363349424678
              ],
              [
                6.342329318172395,
                49.84736685582222
              ],
              [
                6.337656688742481,
                49.84220983362466
              ],
              [
                6.331671285110066,
                49.8416147709809
              ],
              [
                6.323954068899973,
                49.84706123960579
              ],
              [
                6.322771666889421,
                49.85712251954866
              ],
              [
                6.317541083878514,
                49.86807792058839
              ],
              [
                6.311057364862185,
                49.87123300305182
              ],
              [
                6.287295874101774,
                49.87680361461359
              ],
              [
                6.267081359636795,
                49.88413656988665
              ],
              [
                6.239317125663757,
                49.900614320343
              ],
              [
                6.234446640543374,
                49.91822914793519
              ],
              [
                6.232812727512666,
                49.93957758856885
              ],
              [
                6.20928715601702,
                49.9741185412546
              ],
              [
                6.194536264087429,
                49.9739743303246
              ],
              [
                6.187137612723756,
                49.96645900063736
              ],
              [
                6.186849893350209,
                49.95797732804664
              ],
              [
                6.18421310477288,
                49.95684162425736
              ],
              [
                6.170138637225081,
                49.96972843274744
              ],
              [
                6.16889665970486,
                49.97539344093695
              ],
              [
                6.172719602371165,
                49.98108197123429
              ],
              [
                6.171855277386229,
                49.98472188920717
              ],
              [
                6.160510803196343,
                49.99328444933975
              ],
              [
                6.151668238366293,
                50.0036814596434
              ],
              [
                6.139298962884607,
                50.01821584006747
              ],
              [
                6.145956899934832,
                50.03257262439252
              ],
              [
                6.143535913566021,
                50.03241525834322
              ],
              [
                6.137933469597951,
                50.03580764104229
              ],
              [
                6.133109903396943,
                50.04617848619637
              ],
              [
                6.119376921746173,
                50.0616734371202
              ],
              [
                6.119587559826575,
                50.06407016395505
              ],
              [
                6.120058769606144,
                50.06941549496911
              ],
              [
                6.127418841069589,
                50.07084091115
              ],
              [
                6.128636009853843,
                50.07434901547266
              ],
              [
                6.124696302526875,
                50.08617231183429
              ],
              [
                6.125518697170221,
                50.09454802380915
              ],
              [
                6.133025213020934,
                50.0957499188228
              ],
              [
                6.135184416089339,
                50.09864273211342
              ],
              [
                6.132781323424986,
                50.10325117280507
              ],
              [
                6.132395282605621,
                50.11394673810715
              ],
              [
                6.137717807403073,
                50.12642016621342
              ],
              [
                6.14175091719589,
                50.1308396645924
              ],
              [
                6.141500817986224,
                50.13343438075759
              ],
              [
                6.135495451248166,
                50.14175805170468
              ],
              [
                6.133240565422078,
                50.14128167346553
              ],
              [
                6.12377376576043,
                50.1449414657933
              ],
              [
                6.109881551218053,
                50.16745132184549
              ],
              [
                6.103542128430276,
                50.17013129774801
              ],
              [
                6.097075099850423,
                50.16951731582339
              ],
              [
                6.076393026050285,
                50.16098020607021
              ],
              [
                6.039845864649238,
                50.16660153568396
              ],
              [
                6.033179028292695,
                50.17171670749929
              ],
              [
                6.025108044721271,
                50.18572831046425
              ],
              [
                6.026719137069958,
                50.20248064457486
              ],
              [
                6.013983399272592,
                50.2226593649498
              ],
              [
                6.008479030199136,
                50.26642806368982
              ],
              [
                6.013243674556419,
                50.30984143935452
              ],
              [
                6.010153872947201,
                50.31438015070109
              ],
              [
                5.986060761685471,
                50.31884566898888
              ],
              [
                5.976750894142323,
                50.32786796045931
              ],
              [
                5.978689651694042,
                50.33085751376693
              ],
              [
                5.995351257167486,
                50.33361558529452
              ],
              [
                6.019509519731081,
                50.34839655653883
              ],
              [
                6.021072546035665,
                50.35378731570641
              ],
              [
                6.013499506519185,
                50.36670250994337
              ],
              [
                5.985033152309474,
                50.37832546775815
              ],
              [
                5.977604839850579,
                50.39282313510165
              ],
              [
                5.98590479458726,
                50.40813761700496
              ],
              [
                5.975188601810628,
                50.43377573801357
              ],
              [
                5.980935734941703,
                50.4466547430542
              ],
              [
                5.985634058263484,
                50.44834221571649
              ],
              [
                6.014627009479028,
                50.44789762885531
              ],
              [
                6.016723256798723,
                50.4503325603804
              ],
              [
                6.012065450168743,
                50.47378694314452
              ],
              [
                6.013558430080436,
                50.4956098212281
              ],
              [
                6.01622024405167,
                50.49918407793604
              ],
              [
                6.059721577315936,
                50.52505345413483
              ],
              [
                6.095688702230673,
                50.52867509177551
              ],
              [
                6.113756442549369,
                50.5268627669177
              ],
              [
                6.123495681409239,
                50.52959176967345
              ],
              [
                6.134638479734175,
                50.53838878131327
              ],
              [
                6.13935321938765,
                50.54747205468822
              ],
              [
                6.134655158855461,
                50.54936770873817
              ],
              [
                6.113743090995891,
                50.58539584628323
              ],
              [
                6.110302389761989,
                50.58827218523317
              ],
              [
                6.082275212503028,
                50.59680980834276
              ],
              [
                6.063240453983461,
                50.59940888720361
              ],
              [
                6.045060708368852,
                50.61452429856566
              ],
              [
                6.036659948421356,
                50.61452388542752
              ],
              [
                6.021851614745545,
                50.60859620293404
              ],
              [
                6.009589843343218,
                50.61619652701157
              ],
              [
                6.013872689937014,
                50.63097220735458
              ],
              [
                6.003864244028128,
                50.65058457570444
              ],
              [
                5.984403129797562,
                50.66832625571415
              ],
              [
                5.97527671687202,
                50.67865963120991
              ],
              [
                5.971092553137341,
                50.69360364568035
              ],
              [
                5.990649317441805,
                50.709210326973
              ],
              [
                6.003796889445558,
                50.71723247135903
              ],
              [
                6.017642505919099,
                50.72956407908938
              ],
              [
                6.019189622727092,
                50.73942424452299
              ],
              [
                6.013067033100462,
                50.7532200683805
              ],
              [
                6.011607987801579,
                50.75490013567698
              ],
              [
                6.006760923150648,
                50.76050783723235
              ],
              [
                6.000592489099499,
                50.76764329551295
              ],
              [
                6.008021095228677,
                50.78897512496731
              ],
              [
                6.006545678677226,
                50.7917418719582
              ],
              [
                5.984662553427018,
                50.79611720941622
              ],
              [
                5.982799816363105,
                50.79781398750818
              ],
              [
                5.982811943929348,
                50.80251671418115
              ],
              [
                5.986646523393583,
                50.80398936412512
              ],
              [
                6.021332526527704,
                50.80719820810166
              ],
              [
                6.026435744146956,
                50.81039073362005
              ],
              [
                6.0263017673831,
                50.83088113591083
              ],
              [
                6.039580224888675,
                50.84465988468185
              ],
              [
                6.059756192373948,
                50.84866859406928
              ],
              [
                6.070444824436468,
                50.84842075918503
              ],
              [
                6.077500194547014,
                50.85112129244005
              ],
              [
                6.091488323803375,
                50.87422691974837
              ],
              [
                6.09032111285557,
                50.87966900857081
              ],
              [
                6.079549409550664,
                50.8927109833524
              ],
              [
                6.078854646911974,
                50.89817589956937
              ],
              [
                6.088569217268543,
                50.91577574982949
              ],
              [
                6.03873649757747,
                50.93014756963412
              ],
              [
                6.027244921914739,
                50.93344530780512
              ],
              [
                6.022657908553921,
                50.94002314415351
              ],
              [
                6.023313323073597,
                50.95748293495481
              ],
              [
                6.033887288309553,
                50.97382734524595
              ],
              [
                6.032682032994667,
                50.9773206344259
              ],
              [
                6.014720980256285,
                50.98025951991958
              ],
              [
                5.990364093757432,
                50.97900450504856
              ],
              [
                5.967746643097092,
                50.98200399450631
              ],
              [
                5.966731769417866,
                50.98132167040143
              ],
              [
                5.949299587568077,
                50.98437825661686
              ],
              [
                5.911197014045801,
                50.97286532936222
              ],
              [
                5.905762800219542,
                50.97296086551201
              ],
              [
                5.903073755000352,
                50.97488847132762
              ],
              [
                5.90441219858987,
                50.9814405305194
              ],
              [
                5.908717352417269,
                50.99893099661858
              ],
              [
                5.896854942816244,
                51.01736133577565
              ],
              [
                5.875153025730036,
                51.04299557566354
              ],
              [
                5.878716728653376,
                51.04877650819836
              ],
              [
                5.90108849362429,
                51.05687668354752
              ],
              [
                5.924628707707555,
                51.06465531094179
              ],
              [
                5.939945126920517,
                51.05592785780401
              ],
              [
                5.947391460156138,
                51.0421037606912
              ],
              [
                5.951390689207407,
                51.03975796468001
              ],
              [
                5.965638196729331,
                51.03999752538181
              ],
              [
                5.979184816025616,
                51.05201035893241
              ],
              [
                5.983984015612667,
                51.06595081557901
              ],
              [
                6.010628527155029,
                51.08637448507569
              ],
              [
                6.036409749248461,
                51.0990085565705
              ],
              [
                6.055780471062626,
                51.11011896717027
              ],
              [
                6.086210611572655,
                51.12357381392484
              ],
              [
                6.105755963164865,
                51.13349312674247
              ],
              [
                6.133772650683707,
                51.14383654947453
              ],
              [
                6.169948119038233,
                51.1445386100868
              ],
              [
                6.175211933218321,
                51.14645817305933
              ],
              [
                6.181348241540491,
                51.15065801716
              ],
              [
                6.18133286511662,
                51.15465526086673
              ],
              [
                6.159361990319989,
                51.16595718154938
              ],
              [
                6.174401711103601,
                51.1818082143031
              ],
              [
                6.161185598165038,
                51.18803860854467
              ],
              [
                6.156552320284989,
                51.18816894995916
              ],
              [
                6.125443857216148,
                51.17949245920644
              ],
              [
                6.100835230549958,
                51.17325963894941
              ],
              [
                6.093269914172738,
                51.17477909909232
              ],
              [
                6.082034256385587,
                51.18563094643298
              ],
              [
                6.075833929794567,
                51.20436617577615
              ],
              [
                6.078534062185093,
                51.21283805835447
              ],
              [
                6.095207729213334,
                51.22562929362683
              ],
              [
                6.095206314416585,
                51.22562918510869
              ],
              [
                6.095082740834893,
                51.22562962450253
              ],
              [
                6.086464838711293,
                51.2357580531099
              ],
              [
                6.090748714889798,
                51.24669089979897
              ],
              [
                6.116673791117355,
                51.26645611781921
              ],
              [
                6.14390240788719,
                51.29104236567064
              ],
              [
                6.159532800907209,
                51.31742368466235
              ],
              [
                6.18408760372065,
                51.33353174091425
              ],
              [
                6.194519244940778,
                51.34119452449453
              ],
              [
                6.202315772204291,
                51.34413989788205
              ],
              [
                6.203900796551648,
                51.34756417847655
              ],
              [
                6.223547885732368,
                51.36198066390175
              ],
              [
                6.225253035042413,
                51.36730428131709
              ],
              [
                6.222973598360825,
                51.37933511393876
              ],
              [
                6.213632254013986,
                51.4103033326538
              ],
              [
                6.217277597973863,
                51.44917784702947
              ],
              [
                6.217032334509433,
                51.49619248149155
              ],
              [
                6.211846146833325,
                51.51754340577011
              ],
              [
                6.207604507252048,
                51.52358309587681
              ],
              [
                6.178154546670559,
                51.54664842154529
              ],
              [
                6.139883806623165,
                51.57688353229501
              ],
              [
                6.109593379294652,
                51.59679311285229
              ],
              [
                6.097701100258407,
                51.60741460858437
              ],
              [
                6.097869100814854,
                51.61436966925231
              ],
              [
                6.102885953884108,
                51.62031564245208
              ],
              [
                6.119199807657144,
                51.63918615085798
              ],
              [
                6.117020626109668,
                51.64860145675694
              ],
              [
                6.105792410787164,
                51.65398998272357
              ],
              [
                6.048082720777407,
                51.67071456490205
              ],
              [
                6.029810730604395,
                51.6950922569378
              ],
              [
                6.028093751818418,
                51.69737950303876
              ],
              [
                6.029368300399828,
                51.70369529426497
              ],
              [
                6.039973618457229,
                51.71146104917499
              ],
              [
                6.040107602846655,
                51.71435157354237
              ],
              [
                6.032579826772036,
                51.72290929883133
              ],
              [
                5.991898832997584,
                51.74047548480104
              ],
              [
                5.969440430406053,
                51.74348837979324
              ],
              [
                5.960782549539365,
                51.74512592340094
              ],
              [
                5.957854728794893,
                51.75122599135032
              ],
              [
                5.963494690482376,
                51.75925665044622
              ],
              [
                5.985508212341904,
                51.76756306873816
              ],
              [
                5.988624796702576,
                51.77105771052155
              ],
              [
                5.986382371171498,
                51.78186658224146
              ],
              [
                5.964069596889169,
                51.80512822571
              ],
              [
                5.950241549874645,
                51.81513142742784
              ],
              [
                5.947164874108427,
                51.82086644395397
              ],
              [
                5.951116884563829,
                51.83005986087187
              ],
              [
                5.962967095937221,
                51.83483841593912
              ],
              [
                5.996687465086162,
                51.83418935396126
              ],
              [
                6.029309804368663,
                51.84180929083261
              ],
              [
                6.067141896385009,
                51.85688584463738
              ],
              [
                6.07536240102783,
                51.85690973460213
              ],
              [
                6.107213656518569,
                51.84872849778551
              ],
              [
                6.14022194680101,
                51.84621561123803
              ],
              [
                6.163953267014848,
                51.84435476537949
              ],
              [
                6.14682984484306,
                51.86928643030103
              ],
              [
                6.128832255431454,
                51.88526946936805
              ],
              [
                6.127333102341408,
                51.88896811421893
              ],
              [
                6.126485117396558,
                51.89249802399103
              ],
              [
                6.130382461493634,
                51.89507470479355
              ],
              [
                6.134437607537278,
                51.89769568792511
              ],
              [
                6.167328764842225,
                51.90415076797736
              ],
              [
                6.178270395185549,
                51.90222589053251
              ],
              [
                6.19449180161117,
                51.89487235738748
              ],
              [
                6.218461840635375,
                51.88057877608561
              ],
              [
                6.26356431931493,
                51.87386461784202
              ],
              [
                6.281914371848166,
                51.8726746636687
              ],
              [
                6.307418144977629,
                51.86171437720769
              ],
              [
                6.352788605437889,
                51.85259890613686
              ],
              [
                6.376170816120134,
                51.84241294753801
              ],
              [
                6.398805621775939,
                51.83813864413803
              ],
              [
                6.410152379630293,
                51.83824919378643
              ],
              [
                6.409584378699351,
                51.83901790979228
              ],
              [
                6.40206700569163,
                51.84917250537205
              ],
              [
                6.392945595856234,
                51.86173563869102
              ],
              [
                6.395886028198849,
                51.86391508201842
              ],
              [
                6.40779833685283,
                51.86492203464299
              ],
              [
                6.434873135413452,
                51.85858060357603
              ],
              [
                6.442183657860014,
                51.85832231823215
              ],
              [
                6.465557500737058,
                51.85749325118001
              ],
              [
                6.478185957293706,
                51.85704424427102
              ],
              [
                6.490136753560431,
                51.85989094377685
              ],
              [
                6.525758425340942,
                51.87524817030285
              ],
              [
                6.568457846842306,
                51.88794687862593
              ],
              [
                6.636204473165187,
                51.9005865395709
              ],
              [
                6.68711549682163,
                51.9126671970917
              ],
              [
                6.699020064190853,
                51.91269479370259
              ],
              [
                6.727673804906916,
                51.89871201501124
              ],
              [
                6.733475946002316,
                51.89839602504077
              ],
              [
                6.752107759637036,
                51.90747143889509
              ],
              [
                6.751678297667558,
                51.91032105181957
              ],
              [
                6.78504160994695,
                51.92544553919238
              ],
              [
                6.80021826688353,
                51.95230517255565
              ],
              [
                6.828698341334889,
                51.96273342310205
              ],
              [
                6.832273123319761,
                51.9689680602836
              ],
              [
                6.826783168377302,
                51.98918675705156
              ],
              [
                6.794849306451555,
                52.00682109952094
              ],
              [
                6.735444163509862,
                52.03631174894756
              ],
              [
                6.699975336260906,
                52.04245495170979
              ],
              [
                6.691799157899838,
                52.04680829251019
              ],
              [
                6.691795190758691,
                52.05076713643125
              ],
              [
                6.70217796279461,
                52.06457463018368
              ],
              [
                6.737702522858926,
                52.0745028208962
              ],
              [
                6.758883366377786,
                52.09151813153629
              ],
              [
                6.76386254408552,
                52.11424234197293
              ],
              [
                6.770129791902583,
                52.11720780056076
              ],
              [
                6.797523130900879,
                52.11644530112802
              ],
              [
                6.850834512965529,
                52.11522109333517
              ],
              [
                6.873306272910164,
                52.12155869890675
              ],
              [
                6.890279995965445,
                52.15131748798123
              ],
              [
                6.9054629662119,
                52.16163850439845
              ],
              [
                6.950676603293924,
                52.17251404779999
              ],
              [
                6.969967717526007,
                52.18167144505542
              ],
              [
                6.994498256500893,
                52.21598956647258
              ],
              [
                7.001015056583534,
                52.21959062342689
              ],
              [
                7.039796765317359,
                52.22391046867658
              ],
              [
                7.065200321260826,
                52.23636684262611
              ],
              [
                7.058685082629574,
                52.23902532810913
              ],
              [
                7.038218221123709,
                52.26996374928309
              ],
              [
                7.039090219019773,
                52.30128370851238
              ],
              [
                7.065891020733302,
                52.3482295946541
              ],
              [
                7.069037394141056,
                52.37237179136727
              ],
              [
                7.062818997631244,
                52.38378092763728
              ],
              [
                7.03626050816347,
                52.41303986623756
              ],
              [
                6.99970418918318,
                52.4436298597818
              ],
              [
                6.990074039202637,
                52.46368002026981
              ],
              [
                6.98325799374902,
                52.46537396362039
              ],
              [
                6.965608420264207,
                52.45223668100828
              ],
              [
                6.957198523104163,
                52.44707439639321
              ],
              [
                6.938701584113172,
                52.43571429971035
              ],
              [
                6.891726712807044,
                52.442574281941
              ],
              [
                6.836560752203998,
                52.45624120871834
              ],
              [
                6.78664234071472,
                52.45821111445471
              ],
              [
                6.728590499127485,
                52.47110474802319
              ],
              [
                6.701571353903112,
                52.4808935891401
              ],
              [
                6.697914637601508,
                52.4971283764172
              ],
              [
                6.695515327188943,
                52.50777249145064
              ],
              [
                6.692796113096557,
                52.52544568273961
              ],
              [
                6.678998044959353,
                52.54267871313968
              ],
              [
                6.6940708267026,
                52.5552607306489
              ],
              [
                6.713022900301298,
                52.55194449621644
              ],
              [
                6.716293337131124,
                52.56093404584824
              ],
              [
                6.72290558094167,
                52.56295570703184
              ],
              [
                6.739435523309987,
                52.5596710502862
              ],
              [
                6.754481637764285,
                52.56450615228362
              ],
              [
                6.757678873500251,
                52.5667613492619
              ],
              [
                6.757550087923806,
                52.57065666160619
              ],
              [
                6.721159363433426,
                52.58980325917255
              ],
              [
                6.721765250220415,
                52.61720687435839
              ],
              [
                6.734003898175121,
                52.6373931176751
              ],
              [
                6.749693355920654,
                52.64523294695289
              ],
              [
                6.764150118254712,
                52.64706503183812
              ],
              [
                6.7929420765136,
                52.64357554331722
              ],
              [
                6.859200318049791,
                52.64588117482791
              ],
              [
                6.893618900789379,
                52.64439851523373
              ],
              [
                6.935603265179477,
                52.6366828538806
              ],
              [
                6.982191524047155,
                52.63986082241224
              ],
              [
                7.012911531711066,
                52.6364003894012
              ],
              [
                7.031421274457789,
                52.63450819216794
              ],
              [
                7.032207070395465,
                52.6346830587708
              ],
              [
                7.041062336135416,
                52.63665928708735
              ],
              [
                7.048394177874484,
                52.64265187896194
              ],
              [
                7.058490858894291,
                52.6817214095136
              ],
              [
                7.066670832801226,
                52.73208136935764
              ],
              [
                7.073539597215186,
                52.80139390669944
              ],
              [
                7.098358077845054,
                52.85121864467525
              ],
              [
                7.123940550226797,
                52.87602598318384
              ],
              [
                7.140034019871465,
                52.89161338690247
              ],
              [
                7.181587458767585,
                52.93377220865852
              ],
              [
                7.201894146913959,
                52.97267704471236
              ],
              [
                7.213461105521853,
                53.01063076902379
              ],
              [
                7.203742691989921,
                53.05367517078086
              ],
              [
                7.19816476129439,
                53.10372539452099
              ],
              [
                7.200193619960446,
                53.10520840508728
              ],
              [
                7.189717109068127,
                53.1173697604718
              ],
              [
                7.188059829584834,
                53.13217869526722
              ],
              [
                7.201437570769945,
                53.15413963299603
              ],
              [
                7.219294832493664,
                53.18044536857152
              ],
              [
                7.216255438464382,
                53.20769357207309
              ],
              [
                7.194591,
                53.245022
              ],
              [
                7.204438,
                53.248277
              ],
              [
                7.215831,
                53.255601
              ],
              [
                7.22462,
                53.262926
              ],
              [
                7.233572,
                53.273627
              ],
              [
                7.23699,
                53.285549
              ],
              [
                7.229503,
                53.296576
              ],
              [
                7.254731,
                53.319525
              ],
              [
                7.268321,
                53.323676
              ],
              [
                7.291515,
                53.32392
              ],
              [
                7.313162,
                53.320502
              ],
              [
                7.347667,
                53.307359
              ],
              [
                7.366547,
                53.302802
              ],
              [
                7.34254,
                53.324042
              ],
              [
                7.302908,
                53.33275
              ],
              [
                7.075206,
                53.337592
              ],
              [
                7.038259,
                53.348578
              ],
              [
                7.023611,
                53.37641
              ],
              [
                7.023285,
                53.450507
              ],
              [
                7.02768,
                53.467353
              ],
              [
                7.047048,
                53.497707
              ],
              [
                7.051443,
                53.5126
              ],
              [
                7.059744,
                53.521715
              ],
              [
                7.079356,
                53.521552
              ],
              [
                7.11964,
                53.516303
              ],
              [
                7.125011,
                53.524359
              ],
              [
                7.134532,
                53.527411
              ],
              [
                7.141775,
                53.537177
              ],
              [
                7.139985,
                53.549791
              ],
              [
                7.131114,
                53.556952
              ],
              [
                7.101899,
                53.565741
              ],
              [
                7.088878,
                53.573717
              ],
              [
                7.086762,
                53.586859
              ],
              [
                7.100922,
                53.597886
              ],
              [
                7.133149,
                53.611274
              ],
              [
                7.169444,
                53.635484
              ],
              [
                7.188975,
                53.6435
              ],
              [
                7.226085,
                53.66649
              ],
              [
                7.305024,
                53.684801
              ],
              [
                7.458832,
                53.695136
              ],
              [
                7.469574,
                53.690741
              ],
              [
                7.480235,
                53.682034
              ],
              [
                7.503917,
                53.678656
              ],
              [
                7.651378,
                53.696967
              ],
              [
                7.951427,
                53.72191
              ],
              [
                8.031423,
                53.708075
              ],
              [
                8.031423,
                53.700629
              ],
              [
                8.024913,
                53.672553
              ],
              [
                8.052908,
                53.636298
              ],
              [
                8.094086,
                53.604722
              ],
              [
                8.127615,
                53.590766
              ],
              [
                8.127615,
                53.584621
              ],
              [
                8.119151,
                53.571926
              ],
              [
                8.134613,
                53.56745
              ],
              [
                8.156749,
                53.563666
              ],
              [
                8.167979,
                53.553209
              ],
              [
                8.164887,
                53.535224
              ],
              [
                8.155447,
                53.526028
              ],
              [
                8.1338,
                53.516303
              ],
              [
                8.115733,
                53.510728
              ],
              [
                8.076345,
                53.508612
              ],
              [
                8.058767,
                53.502021
              ],
              [
                8.076996,
                53.468695
              ],
              [
                8.086192,
                53.456122
              ],
              [
                8.099783,
                53.447414
              ],
              [
                8.112478,
                53.451077
              ],
              [
                8.123871,
                53.454006
              ],
              [
                8.140636,
                53.453599
              ],
              [
                8.152354,
                53.449774
              ],
              [
                8.171397,
                53.436591
              ],
              [
                8.178559,
                53.433743
              ],
              [
                8.186697,
                53.429511
              ],
              [
                8.194835,
                53.420111
              ],
              [
                8.205333,
                53.410712
              ],
              [
                8.219737,
                53.40644
              ],
              [
                8.236501,
                53.406724
              ],
              [
                8.248709,
                53.408393
              ],
              [
                8.259451,
                53.412299
              ],
              [
                8.271739,
                53.419501
              ],
              [
                8.292817,
                53.440497
              ],
              [
                8.315115,
                53.474921
              ],
              [
                8.320486,
                53.509223
              ],
              [
                8.291515,
                53.529364
              ],
              [
                8.252208,
                53.523098
              ],
              [
                8.231212,
                53.525214
              ],
              [
                8.233165,
                53.539862
              ],
              [
                8.24171,
                53.556301
              ],
              [
                8.248871,
                53.590277
              ],
              [
                8.257335,
                53.604438
              ],
              [
                8.270681,
                53.61286
              ],
              [
                8.287608,
                53.616889
              ],
              [
                8.329356,
                53.618109
              ],
              [
                8.348481,
                53.61286
              ],
              [
                8.363292,
                53.600572
              ],
              [
                8.375499,
                53.5869
              ],
              [
                8.387706,
                53.577135
              ],
              [
                8.428071,
                53.564765
              ],
              [
                8.513438,
                53.554755
              ],
              [
                8.552094,
                53.543606
              ],
              [
                8.552094,
                53.5362
              ],
              [
                8.528168,
                53.523912
              ],
              [
                8.506196,
                53.507961
              ],
              [
                8.490001,
                53.486396
              ],
              [
                8.483897,
                53.457343
              ],
              [
                8.485037,
                53.40119
              ],
              [
                8.490896,
                53.376451
              ],
              [
                8.504405,
                53.358059
              ],
              [
                8.507335,
                53.382799
              ],
              [
                8.496755,
                53.445258
              ],
              [
                8.497569,
                53.474758
              ],
              [
                8.512869,
                53.496487
              ],
              [
                8.535818,
                53.506171
              ],
              [
                8.556651,
                53.518215
              ],
              [
                8.565766,
                53.546698
              ],
              [
                8.560802,
                53.551703
              ],
              [
                8.535167,
                53.590766
              ],
              [
                8.527517,
                53.596625
              ],
              [
                8.5171,
                53.610175
              ],
              [
                8.508311,
                53.625149
              ],
              [
                8.501231,
                53.644192
              ],
              [
                8.487071,
                53.666938
              ],
              [
                8.483897,
                53.68358
              ],
              [
                8.486095,
                53.700426
              ],
              [
                8.492198,
                53.715155
              ],
              [
                8.529633,
                53.770697
              ],
              [
                8.556163,
                53.830959
              ],
              [
                8.573253,
                53.857652
              ],
              [
                8.587576,
                53.870429
              ],
              [
                8.607107,
                53.881537
              ],
              [
                8.629242,
                53.88939
              ],
              [
                8.651866,
                53.892483
              ],
              [
                8.672699,
                53.891588
              ],
              [
                8.684581,
                53.888495
              ],
              [
                8.709158,
                53.871975
              ],
              [
                8.74464,
                53.854153
              ],
              [
                8.782481,
                53.842475
              ],
              [
                8.860688,
                53.831
              ],
              [
                8.903575,
                53.831732
              ],
              [
                8.976248,
                53.842434
              ],
              [
                9.016287,
                53.840522
              ],
              [
                9.035004,
                53.853583
              ],
              [
                9.114513,
                53.865139
              ],
              [
                9.193614,
                53.864691
              ],
              [
                9.210704,
                53.871975
              ],
              [
                9.224294,
                53.865912
              ],
              [
                9.240733,
                53.864163
              ],
              [
                9.274669,
                53.865139
              ],
              [
                9.283376,
                53.86164
              ],
              [
                9.305349,
                53.84455
              ],
              [
                9.40268,
                53.742418
              ],
              [
                9.442882,
                53.714301
              ],
              [
                9.470958,
                53.700629
              ],
              [
                9.484711,
                53.69009
              ],
              [
                9.498383,
                53.659857
              ],
              [
                9.567068,
                53.599595
              ],
              [
                9.582367,
                53.591295
              ],
              [
                9.600922,
                53.58633
              ],
              [
                9.624766,
                53.584621
              ],
              [
                9.637218,
                53.581
              ],
              [
                9.696625,
                53.556627
              ],
              [
                9.764008,
                53.547675
              ],
              [
                9.819021,
                53.540351
              ],
              [
                9.832042,
                53.543606
              ],
              [
                9.819591,
                53.556627
              ],
              [
                9.782074,
                53.569729
              ],
              [
                9.692393,
                53.575914
              ],
              [
                9.655772,
                53.584621
              ],
              [
                9.583669,
                53.612454
              ],
              [
                9.550792,
                53.634589
              ],
              [
                9.539073,
                53.66649
              ],
              [
                9.536143,
                53.693752
              ],
              [
                9.532237,
                53.711168
              ],
              [
                9.522227,
                53.71662
              ],
              [
                9.475271,
                53.732164
              ],
              [
                9.460216,
                53.735419
              ],
              [
                9.435802,
                53.748684
              ],
              [
                9.412446,
                53.778754
              ],
              [
                9.396658,
                53.811021
              ],
              [
                9.395193,
                53.831
              ],
              [
                9.358735,
                53.839545
              ],
              [
                9.295584,
                53.871894
              ],
              [
                9.257823,
                53.885565
              ],
              [
                9.22047,
                53.890774
              ],
              [
                9.093435,
                53.892483
              ],
              [
                9.055431,
                53.902899
              ],
              [
                9.029959,
                53.907131
              ],
              [
                9.018321,
                53.902737
              ],
              [
                9.007823,
                53.892483
              ],
              [
                8.98463,
                53.89704
              ],
              [
                8.949474,
                53.912909
              ],
              [
                8.916026,
                53.937405
              ],
              [
                8.833344,
                54.036444
              ],
              [
                8.871837,
                54.046942
              ],
              [
                8.890636,
                54.047797
              ],
              [
                8.914561,
                54.043891
              ],
              [
                8.953868,
                54.028306
              ],
              [
                8.975352,
                54.024075
              ],
              [
                8.997244,
                54.030219
              ],
              [
                9.004893,
                54.041164
              ],
              [
                9.013031,
                54.060981
              ],
              [
                9.018565,
                54.082424
              ],
              [
                9.018321,
                54.097886
              ],
              [
                9.006684,
                54.10814
              ],
              [
                8.988129,
                54.117865
              ],
              [
                8.974457,
                54.128079
              ],
              [
                8.977306,
                54.139472
              ],
              [
                8.977306,
                54.145697
              ],
              [
                8.952891,
                54.150092
              ],
              [
                8.917979,
                54.146308
              ],
              [
                8.885427,
                54.13703
              ],
              [
                8.867442,
                54.12519
              ],
              [
                8.860688,
                54.12519
              ],
              [
                8.833344,
                54.153144
              ],
              [
                8.815684,
                54.175605
              ],
              [
                8.812836,
                54.180487
              ],
              [
                8.820974,
                54.200507
              ],
              [
                8.836274,
                54.21776
              ],
              [
                8.84669,
                54.233547
              ],
              [
                8.83961,
                54.248725
              ],
              [
                8.83961,
                54.255561
              ],
              [
                8.851899,
                54.261054
              ],
              [
                8.894216,
                54.268215
              ],
              [
                8.911469,
                54.269192
              ],
              [
                8.922048,
                54.274237
              ],
              [
                8.937511,
                54.286689
              ],
              [
                8.953136,
                54.302558
              ],
              [
                8.963145,
                54.317613
              ],
              [
                8.940278,
                54.315009
              ],
              [
                8.902599,
                54.295844
              ],
              [
                8.881114,
                54.290269
              ],
              [
                8.883067,
                54.293606
              ],
              [
                8.885916,
                54.300727
              ],
              [
                8.88795,
                54.303941
              ],
              [
                8.857595,
                54.301825
              ],
              [
                8.805431,
                54.292426
              ],
              [
                8.774669,
                54.290269
              ],
              [
                8.738943,
                54.293891
              ],
              [
                8.723481,
                54.290269
              ],
              [
                8.690196,
                54.27147
              ],
              [
                8.678477,
                54.269192
              ],
              [
                8.651866,
                54.274848
              ],
              [
                8.623383,
                54.290107
              ],
              [
                8.602712,
                54.312079
              ],
              [
                8.599864,
                54.33808
              ],
              [
                8.614024,
                54.348375
              ],
              [
                8.641368,
                54.355658
              ],
              [
                8.672048,
                54.35928
              ],
              [
                8.695567,
                54.358588
              ],
              [
                8.695567,
                54.365424
              ],
              [
                8.677582,
                54.367906
              ],
              [
                8.663829,
                54.375556
              ],
              [
                8.650645,
                54.377997
              ],
              [
                8.634776,
                54.365424
              ],
              [
                8.626231,
                54.37641
              ],
              [
                8.629161,
                54.387681
              ],
              [
                8.638438,
                54.398139
              ],
              [
                8.648448,
                54.406399
              ],
              [
                8.66977,
                54.400824
              ],
              [
                8.750824,
                54.413804
              ],
              [
                8.860688,
                54.413804
              ],
              [
                8.886078,
                54.417792
              ],
              [
                8.907237,
                54.425523
              ],
              [
                8.949474,
                54.447333
              ],
              [
                8.988048,
                54.458441
              ],
              [
                9.004731,
                54.465888
              ],
              [
                9.011485,
                54.482123
              ],
              [
                9.011567,
                54.506334
              ],
              [
                8.986095,
                54.529283
              ],
              [
                8.90447,
                54.580634
              ],
              [
                8.892833,
                54.591254
              ],
              [
                8.88795,
                54.601874
              ],
              [
                8.878754,
                54.606513
              ],
              [
                8.858165,
                54.606147
              ],
              [
                8.837087,
                54.602688
              ],
              [
                8.825857,
                54.598131
              ],
              [
                8.819021,
                54.605618
              ],
              [
                8.853282,
                54.619289
              ],
              [
                8.81837,
                54.673651
              ],
              [
                8.805431,
                54.687567
              ],
              [
                8.776703,
                54.697984
              ],
              [
                8.722667,
                54.725531
              ],
              [
                8.688731,
                54.735297
              ],
              [
                8.688731,
                54.742174
              ],
              [
                8.694347,
                54.76024
              ],
              [
                8.681326,
                54.780585
              ],
              [
                8.661876,
                54.800605
              ],
              [
                8.648448,
                54.817857
              ],
              [
                8.642751,
                54.844184
              ],
              [
                8.647227,
                54.867377
              ],
              [
                8.660776,
                54.896311
              ],
              [
                8.668793,
                54.91352
              ],
              [
                8.661388,
                54.920315
              ],
              [
                8.674815,
                54.947943
              ],
              [
                8.666352,
                54.973334
              ],
              [
                8.650401,
                54.997992
              ],
              [
                8.640961,
                55.023383
              ],
              [
                8.644786,
                55.055732
              ],
              [
                8.656505,
                55.082506
              ],
              [
                8.670909,
                55.107123
              ],
              [
                8.681895,
                55.133205
              ],
              [
                8.575531,
                55.14411
              ],
              [
                8.56365,
                55.143378
              ],
              [
                8.559906,
                55.135077
              ],
              [
                8.557384,
                55.096381
              ],
              [
                8.551117,
                55.091376
              ],
              [
                8.541352,
                55.090277
              ],
              [
                8.528575,
                55.081977
              ],
              [
                8.514822,
                55.070787
              ],
              [
                8.49936,
                55.065579
              ],
              [
                8.483897,
                55.067613
              ],
              [
                8.470225,
                55.078599
              ],
              [
                8.458832,
                55.103461
              ],
              [
                8.460216,
                55.127387
              ],
              [
                8.466482,
                55.151597
              ],
              [
                8.470225,
                55.177558
              ],
              [
                8.488943,
                55.19717
              ],
              [
                8.530528,
                55.200751
              ],
              [
                8.572602,
                55.193671
              ],
              [
                8.593761,
                55.180976
              ],
              [
                8.580333,
                55.178941
              ],
              [
                8.569509,
                55.173774
              ],
              [
                8.552094,
                55.160549
              ],
              [
                8.555186,
                55.149359
              ],
              [
                8.614757,
                55.144355
              ],
              [
                8.669281,
                55.136908
              ],
              [
                8.689464,
                55.141588
              ],
              [
                8.687185,
                55.16059
              ],
              [
                8.668793,
                55.194648
              ],
              [
                8.655935,
                55.237494
              ],
              [
                8.648448,
                55.28026
              ],
              [
                8.650401,
                55.291734
              ],
              [
                8.659353,
                55.305813
              ]
            ]
          ],
          [
            [
              [
                14.210053,
                53.938463
              ],
              [
                14.193066,
                53.911491
              ],
              [
                14.184798,
                53.908132
              ],
              [
                14.175289,
                53.906478
              ],
              [
                14.192756,
                53.893766
              ],
              [
                14.200819,
                53.878157
              ],
              [
                14.087413,
                53.870429
              ],
              [
                14.065115,
                53.872382
              ],
              [
                14.04835,
                53.879381
              ],
              [
                14.025076,
                53.863837
              ],
              [
                13.99586,
                53.853746
              ],
              [
                13.938487,
                53.844672
              ],
              [
                13.875255,
                53.844062
              ],
              [
                13.840099,
                53.850287
              ],
              [
                13.821788,
                53.865139
              ],
              [
                13.834727,
                53.867987
              ],
              [
                13.855479,
                53.877387
              ],
              [
                13.887706,
                53.881537
              ],
              [
                13.922374,
                53.893378
              ],
              [
                13.931651,
                53.899319
              ],
              [
                13.938975,
                53.928209
              ],
              [
                13.901866,
                53.969794
              ],
              [
                13.90447,
                53.995429
              ],
              [
                13.954845,
                53.993598
              ],
              [
                13.972667,
                53.989244
              ],
              [
                13.965831,
                53.981838
              ],
              [
                13.968272,
                53.976264
              ],
              [
                13.960297,
                53.956732
              ],
              [
                13.958995,
                53.940863
              ],
              [
                13.97462,
                53.957343
              ],
              [
                13.987478,
                53.961412
              ],
              [
                14.027843,
                53.961371
              ],
              [
                14.022634,
                53.95897
              ],
              [
                14.018565,
                53.956366
              ],
              [
                14.01588,
                53.952704
              ],
              [
                14.014334,
                53.947089
              ],
              [
                14.04835,
                53.940863
              ],
              [
                14.040294,
                53.953843
              ],
              [
                14.053071,
                53.97842
              ],
              [
                14.05128,
                54.005072
              ],
              [
                14.037446,
                54.021715
              ],
              [
                14.014334,
                54.016018
              ],
              [
                14.006196,
                54.032294
              ],
              [
                13.995291,
                54.045722
              ],
              [
                13.9817,
                54.056342
              ],
              [
                13.965831,
                54.063788
              ],
              [
                13.946056,
                54.066596
              ],
              [
                13.926117,
                54.064032
              ],
              [
                13.915863,
                54.056383
              ],
              [
                13.924815,
                54.043891
              ],
              [
                13.924815,
                54.036444
              ],
              [
                13.91627,
                54.033637
              ],
              [
                13.907237,
                54.027493
              ],
              [
                13.899913,
                54.019721
              ],
              [
                13.896983,
                54.012274
              ],
              [
                13.89088,
                54.010159
              ],
              [
                13.855968,
                54.002346
              ],
              [
                13.858084,
                54.015774
              ],
              [
                13.865571,
                54.024075
              ],
              [
                13.873546,
                54.029975
              ],
              [
                13.876313,
                54.036444
              ],
              [
                13.871104,
                54.048651
              ],
              [
                13.863617,
                54.049994
              ],
              [
                13.854991,
                54.046332
              ],
              [
                13.823009,
                54.037909
              ],
              [
                13.808279,
                54.026313
              ],
              [
                13.7942,
                54.018134
              ],
              [
                13.774099,
                54.022773
              ],
              [
                13.782074,
                54.042141
              ],
              [
                13.809255,
                54.0751
              ],
              [
                13.814952,
                54.101264
              ],
              [
                13.806163,
                54.116645
              ],
              [
                13.76531,
                54.141913
              ],
              [
                13.75294,
                54.153144
              ],
              [
                13.762218,
                54.164455
              ],
              [
                13.777599,
                54.174018
              ],
              [
                13.796153,
                54.17829
              ],
              [
                13.814952,
                54.173651
              ],
              [
                13.823741,
                54.163967
              ],
              [
                13.844086,
                54.131293
              ],
              [
                13.855968,
                54.118354
              ],
              [
                13.882498,
                54.102444
              ],
              [
                13.948416,
                54.079779
              ],
              [
                13.986176,
                54.071234
              ],
              [
                14.016612,
                54.060004
              ],
              [
                14.192393,
                53.946112
              ],
              [
                14.209483,
                53.938625
              ],
              [
                14.210053,
                53.938463
              ]
            ]
          ],
          [
            [
              [
                6.798106,
                53.604438
              ],
              [
                6.775645,
                53.602484
              ],
              [
                6.740896,
                53.593451
              ],
              [
                6.722423,
                53.590766
              ],
              [
                6.722423,
                53.584621
              ],
              [
                6.733572,
                53.582017
              ],
              [
                6.742198,
                53.578355
              ],
              [
                6.749522,
                53.572414
              ],
              [
                6.756521,
                53.562893
              ],
              [
                6.747569,
                53.565985
              ],
              [
                6.73463,
                53.575181
              ],
              [
                6.726085,
                53.577135
              ],
              [
                6.715994,
                53.576077
              ],
              [
                6.701182,
                53.571438
              ],
              [
                6.695079,
                53.570299
              ],
              [
                6.677094,
                53.575629
              ],
              [
                6.663341,
                53.587348
              ],
              [
                6.659516,
                53.599107
              ],
              [
                6.671153,
                53.604438
              ],
              [
                6.747325,
                53.618354
              ],
              [
                6.784679,
                53.620063
              ],
              [
                6.798106,
                53.604438
              ]
            ]
          ],
          [
            [
              [
                6.87379,
                53.672756
              ],
              [
                6.910818,
                53.683661
              ],
              [
                7.047048,
                53.694159
              ],
              [
                7.08546,
                53.686998
              ],
              [
                6.87379,
                53.672756
              ]
            ]
          ],
          [
            [
              [
                7.133149,
                53.708075
              ],
              [
                7.178966,
                53.724066
              ],
              [
                7.232921,
                53.729438
              ],
              [
                7.346202,
                53.727973
              ],
              [
                7.34669,
                53.723212
              ],
              [
                7.345063,
                53.722073
              ],
              [
                7.342296,
                53.722113
              ],
              [
                7.295746,
                53.711005
              ],
              [
                7.173595,
                53.701402
              ],
              [
                7.133149,
                53.708075
              ]
            ]
          ],
          [
            [
              [
                7.366547,
                53.727973
              ],
              [
                7.383067,
                53.734849
              ],
              [
                7.403494,
                53.736721
              ],
              [
                7.422618,
                53.734198
              ],
              [
                7.435557,
                53.727973
              ],
              [
                7.432384,
                53.724066
              ],
              [
                7.429047,
                53.72248
              ],
              [
                7.421235,
                53.721137
              ],
              [
                7.381196,
                53.728502
              ],
              [
                7.366547,
                53.727973
              ]
            ]
          ],
          [
            [
              [
                8.120128,
                53.721137
              ],
              [
                8.13266,
                53.734036
              ],
              [
                8.152354,
                53.739163
              ],
              [
                8.174815,
                53.737006
              ],
              [
                8.195974,
                53.727973
              ],
              [
                8.181651,
                53.727973
              ],
              [
                8.171723,
                53.725572
              ],
              [
                8.155772,
                53.716376
              ],
              [
                8.15089,
                53.714301
              ],
              [
                8.142263,
                53.715644
              ],
              [
                8.136729,
                53.717963
              ],
              [
                8.130707,
                53.718451
              ],
              [
                8.120128,
                53.714301
              ],
              [
                8.120128,
                53.721137
              ]
            ]
          ],
          [
            [
              [
                7.517426,
                53.762112
              ],
              [
                7.606619,
                53.7626
              ],
              [
                7.62672,
                53.755276
              ],
              [
                7.627208,
                53.750922
              ],
              [
                7.625743,
                53.749945
              ],
              [
                7.623302,
                53.749986
              ],
              [
                7.620616,
                53.749091
              ],
              [
                7.547699,
                53.750434
              ],
              [
                7.513927,
                53.74551
              ],
              [
                7.511241,
                53.727973
              ],
              [
                7.481944,
                53.727118
              ],
              [
                7.472992,
                53.731879
              ],
              [
                7.469574,
                53.745347
              ],
              [
                7.47462,
                53.756822
              ],
              [
                7.48699,
                53.76142
              ],
              [
                7.517426,
                53.762112
              ]
            ]
          ],
          [
            [
              [
                7.660899,
                53.762112
              ],
              [
                7.68629,
                53.780992
              ],
              [
                7.728282,
                53.786566
              ],
              [
                7.812836,
                53.783149
              ],
              [
                7.812836,
                53.776353
              ],
              [
                7.798595,
                53.776353
              ],
              [
                7.776215,
                53.767971
              ],
              [
                7.74822,
                53.760932
              ],
              [
                7.719493,
                53.759914
              ],
              [
                7.694998,
                53.769517
              ],
              [
                7.685883,
                53.761786
              ],
              [
                7.677094,
                53.757799
              ],
              [
                7.66863,
                53.75788
              ],
              [
                7.660899,
                53.762112
              ]
            ]
          ],
          [
            [
              [
                7.87379,
                53.776353
              ],
              [
                7.854503,
                53.784573
              ],
              [
                7.858897,
                53.79092
              ],
              [
                7.87672,
                53.794867
              ],
              [
                7.897634,
                53.796291
              ],
              [
                7.914073,
                53.795356
              ],
              [
                7.928966,
                53.792548
              ],
              [
                7.955577,
                53.782904
              ],
              [
                7.946056,
                53.784003
              ],
              [
                7.935313,
                53.783149
              ],
              [
                7.89324,
                53.788967
              ],
              [
                7.875255,
                53.788398
              ],
              [
                7.87379,
                53.776353
              ]
            ]
          ],
          [
            [
              [
                11.375662,
                53.981838
              ],
              [
                11.390391,
                54.004584
              ],
              [
                11.426606,
                54.022935
              ],
              [
                11.468028,
                54.030951
              ],
              [
                11.497895,
                54.022773
              ],
              [
                11.468272,
                53.970689
              ],
              [
                11.457693,
                53.961371
              ],
              [
                11.445323,
                53.961127
              ],
              [
                11.444509,
                53.968085
              ],
              [
                11.451427,
                53.985541
              ],
              [
                11.447032,
                53.997138
              ],
              [
                11.438731,
                53.99726
              ],
              [
                11.433279,
                53.988756
              ],
              [
                11.437755,
                53.975002
              ],
              [
                11.423106,
                53.967719
              ],
              [
                11.407074,
                53.968207
              ],
              [
                11.390961,
                53.973944
              ],
              [
                11.375662,
                53.981838
              ]
            ]
          ],
          [
            [
              [
                11.528494,
                54.0751
              ],
              [
                11.528575,
                54.07746
              ],
              [
                11.533946,
                54.084866
              ],
              [
                11.601899,
                54.104153
              ],
              [
                11.615896,
                54.112128
              ],
              [
                11.598969,
                54.098049
              ],
              [
                11.552745,
                54.073065
              ],
              [
                11.539561,
                54.056952
              ],
              [
                11.533946,
                54.056952
              ],
              [
                11.528494,
                54.0751
              ]
            ]
          ],
          [
            [
              [
                8.963145,
                54.523668
              ],
              [
                8.958507,
                54.522447
              ],
              [
                8.956309,
                54.519436
              ],
              [
                8.955821,
                54.51496
              ],
              [
                8.956879,
                54.509426
              ],
              [
                8.938487,
                54.499091
              ],
              [
                8.925792,
                54.486762
              ],
              [
                8.911306,
                54.475491
              ],
              [
                8.88795,
                54.468451
              ],
              [
                8.844493,
                54.466498
              ],
              [
                8.823904,
                54.470852
              ],
              [
                8.812836,
                54.482123
              ],
              [
                8.823741,
                54.485541
              ],
              [
                8.825531,
                54.491197
              ],
              [
                8.820974,
                54.49726
              ],
              [
                8.812836,
                54.501939
              ],
              [
                8.844493,
                54.519721
              ],
              [
                8.879649,
                54.52912
              ],
              [
                8.9192,
                54.530463
              ],
              [
                8.963145,
                54.523668
              ]
            ]
          ],
          [
            [
              [
                11.255626,
                54.478705
              ],
              [
                11.31422,
                54.413804
              ],
              [
                11.188487,
                54.426174
              ],
              [
                11.170177,
                54.420071
              ],
              [
                11.174653,
                54.416002
              ],
              [
                11.179047,
                54.414211
              ],
              [
                11.138845,
                54.412665
              ],
              [
                11.112641,
                54.415229
              ],
              [
                11.101329,
                54.423489
              ],
              [
                11.103282,
                54.443834
              ],
              [
                11.098643,
                54.451646
              ],
              [
                11.084321,
                54.454779
              ],
              [
                11.058116,
                54.455268
              ],
              [
                11.047374,
                54.453274
              ],
              [
                11.039887,
                54.447333
              ],
              [
                11.032481,
                54.447333
              ],
              [
                11.029145,
                54.454657
              ],
              [
                11.025727,
                54.458808
              ],
              [
                11.020356,
                54.45897
              ],
              [
                11.008474,
                54.454657
              ],
              [
                11.005707,
                54.468451
              ],
              [
                11.033702,
                54.508857
              ],
              [
                11.072927,
                54.531195
              ],
              [
                11.121267,
                54.535956
              ],
              [
                11.206554,
                54.514472
              ],
              [
                11.232107,
                54.501654
              ],
              [
                11.240001,
                54.495551
              ],
              [
                11.255626,
                54.478705
              ]
            ]
          ],
          [
            [
              [
                13.143403,
                54.598131
              ],
              [
                13.118907,
                54.586412
              ],
              [
                13.113129,
                54.570054
              ],
              [
                13.112153,
                54.550686
              ],
              [
                13.10255,
                54.529934
              ],
              [
                13.095225,
                54.524359
              ],
              [
                13.081065,
                54.517157
              ],
              [
                13.075043,
                54.509426
              ],
              [
                13.071462,
                54.499661
              ],
              [
                13.069591,
                54.489651
              ],
              [
                13.068207,
                54.468451
              ],
              [
                13.061371,
                54.468451
              ],
              [
                13.061371,
                54.482123
              ],
              [
                13.06422,
                54.505113
              ],
              [
                13.095551,
                54.570787
              ],
              [
                13.102306,
                54.596096
              ],
              [
                13.10963,
                54.603095
              ],
              [
                13.125987,
                54.605618
              ],
              [
                13.139822,
                54.606024
              ],
              [
                13.151052,
                54.604926
              ],
              [
                13.157237,
                54.599066
              ],
              [
                13.157074,
                54.587958
              ],
              [
                13.156505,
                54.589057
              ],
              [
                13.153656,
                54.591132
              ],
              [
                13.149669,
                54.591376
              ],
              [
                13.149669,
                54.577704
              ],
              [
                13.143403,
                54.577704
              ],
              [
                13.143403,
                54.598131
              ]
            ]
          ],
          [
            [
              [
                13.698253,
                54.392076
              ],
              [
                13.724864,
                54.363593
              ],
              [
                13.741954,
                54.350491
              ],
              [
                13.766449,
                54.344916
              ],
              [
                13.753103,
                54.339301
              ],
              [
                13.740082,
                54.32982
              ],
              [
                13.730154,
                54.31684
              ],
              [
                13.726248,
                54.300523
              ],
              [
                13.726248,
                54.284654
              ],
              [
                13.723155,
                54.278388
              ],
              [
                13.712738,
                54.278998
              ],
              [
                13.690929,
                54.283515
              ],
              [
                13.702647,
                54.283515
              ],
              [
                13.711925,
                54.286566
              ],
              [
                13.715994,
                54.29328
              ],
              [
                13.711925,
                54.303941
              ],
              [
                13.705089,
                54.303941
              ],
              [
                13.694835,
                54.297431
              ],
              [
                13.679454,
                54.294013
              ],
              [
                13.663341,
                54.293891
              ],
              [
                13.651134,
                54.297187
              ],
              [
                13.651134,
                54.303941
              ],
              [
                13.688243,
                54.3133
              ],
              [
                13.703624,
                54.320461
              ],
              [
                13.711925,
                54.331855
              ],
              [
                13.659923,
                54.329779
              ],
              [
                13.636729,
                54.325507
              ],
              [
                13.616954,
                54.317613
              ],
              [
                13.67213,
                54.340318
              ],
              [
                13.690929,
                54.344916
              ],
              [
                13.690929,
                54.351752
              ],
              [
                13.664073,
                54.353258
              ],
              [
                13.650076,
                54.352444
              ],
              [
                13.64031,
                54.348334
              ],
              [
                13.626801,
                54.339097
              ],
              [
                13.618337,
                54.341376
              ],
              [
                13.610606,
                54.347968
              ],
              [
                13.599294,
                54.351752
              ],
              [
                13.499685,
                54.344916
              ],
              [
                13.481781,
                54.338284
              ],
              [
                13.428884,
                54.31094
              ],
              [
                13.417735,
                54.300523
              ],
              [
                13.406098,
                54.285224
              ],
              [
                13.381602,
                54.282213
              ],
              [
                13.35963,
                54.275458
              ],
              [
                13.355724,
                54.248725
              ],
              [
                13.369395,
                54.255561
              ],
              [
                13.36964,
                54.260647
              ],
              [
                13.367524,
                54.261949
              ],
              [
                13.364757,
                54.26203
              ],
              [
                13.363129,
                54.263007
              ],
              [
                13.410899,
                54.26789
              ],
              [
                13.417735,
                54.266059
              ],
              [
                13.425059,
                54.243232
              ],
              [
                13.423025,
                54.232733
              ],
              [
                13.407237,
                54.228217
              ],
              [
                13.378673,
                54.230862
              ],
              [
                13.347016,
                54.237454
              ],
              [
                13.311534,
                54.251125
              ],
              [
                13.319509,
                54.256415
              ],
              [
                13.32488,
                54.268215
              ],
              [
                13.335216,
                54.283515
              ],
              [
                13.320567,
                54.278388
              ],
              [
                13.313975,
                54.2744
              ],
              [
                13.307872,
                54.269192
              ],
              [
                13.31186,
                54.266425
              ],
              [
                13.314708,
                54.263007
              ],
              [
                13.294688,
                54.264106
              ],
              [
                13.28419,
                54.262844
              ],
              [
                13.276866,
                54.259263
              ],
              [
                13.267914,
                54.256496
              ],
              [
                13.257986,
                54.260443
              ],
              [
                13.24879,
                54.266262
              ],
              [
                13.242442,
                54.269192
              ],
              [
                13.227794,
                54.270819
              ],
              [
                13.210134,
                54.275824
              ],
              [
                13.199229,
                54.28441
              ],
              [
                13.204845,
                54.297187
              ],
              [
                13.190278,
                54.29975
              ],
              [
                13.159679,
                54.290961
              ],
              [
                13.149669,
                54.290269
              ],
              [
                13.142833,
                54.298
              ],
              [
                13.148936,
                54.304755
              ],
              [
                13.162283,
                54.307685
              ],
              [
                13.177501,
                54.303941
              ],
              [
                13.177501,
                54.310207
              ],
              [
                13.115489,
                54.33808
              ],
              [
                13.129242,
                54.359565
              ],
              [
                13.148936,
                54.377265
              ],
              [
                13.174327,
                54.383979
              ],
              [
                13.204845,
                54.37226
              ],
              [
                13.211681,
                54.379096
              ],
              [
                13.223318,
                54.372504
              ],
              [
                13.237153,
                54.373969
              ],
              [
                13.266856,
                54.385891
              ],
              [
                13.25115,
                54.386908
              ],
              [
                13.239268,
                54.393622
              ],
              [
                13.234386,
                54.403388
              ],
              [
                13.239024,
                54.413804
              ],
              [
                13.239024,
                54.420071
              ],
              [
                13.225352,
                54.420844
              ],
              [
                13.217947,
                54.425686
              ],
              [
                13.211599,
                54.431098
              ],
              [
                13.201427,
                54.433661
              ],
              [
                13.156993,
                54.426825
              ],
              [
                13.174327,
                54.447659
              ],
              [
                13.181814,
                54.45303
              ],
              [
                13.208832,
                54.456936
              ],
              [
                13.239024,
                54.466254
              ],
              [
                13.259532,
                54.468451
              ],
              [
                13.259532,
                54.475287
              ],
              [
                13.260753,
                54.475491
              ],
              [
                13.266856,
                54.477484
              ],
              [
                13.273123,
                54.482123
              ],
              [
                13.245372,
                54.488349
              ],
              [
                13.233246,
                54.493069
              ],
              [
                13.225352,
                54.501939
              ],
              [
                13.22877,
                54.504299
              ],
              [
                13.231944,
                54.506008
              ],
              [
                13.233653,
                54.509223
              ],
              [
                13.232758,
                54.516262
              ],
              [
                13.203298,
                54.509467
              ],
              [
                13.185395,
                54.508287
              ],
              [
                13.177501,
                54.512844
              ],
              [
                13.175304,
                54.516018
              ],
              [
                13.170665,
                54.516791
              ],
              [
                13.166026,
                54.51911
              ],
              [
                13.163829,
                54.526801
              ],
              [
                13.162608,
                54.535468
              ],
              [
                13.158865,
                54.540676
              ],
              [
                13.152354,
                54.542955
              ],
              [
                13.143403,
                54.542914
              ],
              [
                13.166352,
                54.549384
              ],
              [
                13.242931,
                54.555976
              ],
              [
                13.259532,
                54.553778
              ],
              [
                13.264903,
                54.547797
              ],
              [
                13.276541,
                54.545071
              ],
              [
                13.288259,
                54.539944
              ],
              [
                13.29363,
                54.526801
              ],
              [
                13.297862,
                54.51968
              ],
              [
                13.305512,
                54.523424
              ],
              [
                13.309255,
                54.534817
              ],
              [
                13.301036,
                54.55036
              ],
              [
                13.31544,
                54.561957
              ],
              [
                13.333669,
                54.573065
              ],
              [
                13.35255,
                54.581448
              ],
              [
                13.369395,
                54.58515
              ],
              [
                13.358246,
                54.564765
              ],
              [
                13.350759,
                54.555976
              ],
              [
                13.342052,
                54.55036
              ],
              [
                13.348399,
                54.550482
              ],
              [
                13.353852,
                54.549872
              ],
              [
                13.358653,
                54.547553
              ],
              [
                13.363129,
                54.542914
              ],
              [
                13.358084,
                54.538153
              ],
              [
                13.348888,
                54.523668
              ],
              [
                13.363292,
                54.523139
              ],
              [
                13.374848,
                54.52558
              ],
              [
                13.3838,
                54.531887
              ],
              [
                13.389822,
                54.542914
              ],
              [
                13.381358,
                54.544379
              ],
              [
                13.371837,
                54.548896
              ],
              [
                13.363129,
                54.55036
              ],
              [
                13.363129,
                54.557196
              ],
              [
                13.37672,
                54.564643
              ],
              [
                13.387869,
                54.551256
              ],
              [
                13.405528,
                54.538235
              ],
              [
                13.417328,
                54.524563
              ],
              [
                13.410899,
                54.509426
              ],
              [
                13.430675,
                54.492743
              ],
              [
                13.455577,
                54.487494
              ],
              [
                13.507091,
                54.488267
              ],
              [
                13.499685,
                54.495754
              ],
              [
                13.509288,
                54.508979
              ],
              [
                13.514171,
                54.513129
              ],
              [
                13.520763,
                54.516262
              ],
              [
                13.520763,
                54.523668
              ],
              [
                13.51295,
                54.537543
              ],
              [
                13.507498,
                54.544664
              ],
              [
                13.499685,
                54.55036
              ],
              [
                13.499685,
                54.557196
              ],
              [
                13.505544,
                54.559719
              ],
              [
                13.5088,
                54.561835
              ],
              [
                13.512869,
                54.563544
              ],
              [
                13.520763,
                54.564643
              ],
              [
                13.520763,
                54.570787
              ],
              [
                13.508311,
                54.57038
              ],
              [
                13.500255,
                54.566067
              ],
              [
                13.493907,
                54.560736
              ],
              [
                13.486583,
                54.557196
              ],
              [
                13.475759,
                54.556098
              ],
              [
                13.441417,
                54.557196
              ],
              [
                13.436046,
                54.56037
              ],
              [
                13.430675,
                54.56745
              ],
              [
                13.423839,
                54.57453
              ],
              [
                13.414317,
                54.577704
              ],
              [
                13.399262,
                54.579576
              ],
              [
                13.393077,
                54.58454
              ],
              [
                13.389659,
                54.591051
              ],
              [
                13.382986,
                54.598131
              ],
              [
                13.371349,
                54.6081
              ],
              [
                13.369151,
                54.612128
              ],
              [
                13.355724,
                54.605618
              ],
              [
                13.347911,
                54.600816
              ],
              [
                13.331798,
                54.587836
              ],
              [
                13.30836,
                54.579576
              ],
              [
                13.291352,
                54.568793
              ],
              [
                13.273285,
                54.56094
              ],
              [
                13.253266,
                54.564643
              ],
              [
                13.249766,
                54.576483
              ],
              [
                13.256847,
                54.594916
              ],
              [
                13.269867,
                54.611802
              ],
              [
                13.283946,
                54.619289
              ],
              [
                13.286957,
                54.623521
              ],
              [
                13.29127,
                54.632961
              ],
              [
                13.293468,
                54.642279
              ],
              [
                13.290538,
                54.646552
              ],
              [
                13.24586,
                54.639797
              ],
              [
                13.231212,
                54.633857
              ],
              [
                13.224783,
                54.634955
              ],
              [
                13.225352,
                54.646552
              ],
              [
                13.230968,
                54.653306
              ],
              [
                13.241547,
                54.65998
              ],
              [
                13.253591,
                54.665025
              ],
              [
                13.390798,
                54.688178
              ],
              [
                13.418712,
                54.688422
              ],
              [
                13.445079,
                54.68008
              ],
              [
                13.445079,
                54.673896
              ],
              [
                13.429698,
                54.666734
              ],
              [
                13.409028,
                54.659817
              ],
              [
                13.39088,
                54.650539
              ],
              [
                13.382986,
                54.636379
              ],
              [
                13.385997,
                54.618638
              ],
              [
                13.394542,
                54.604438
              ],
              [
                13.407725,
                54.593411
              ],
              [
                13.424571,
                54.58515
              ],
              [
                13.466319,
                54.57689
              ],
              [
                13.595958,
                54.591376
              ],
              [
                13.640473,
                54.585679
              ],
              [
                13.670665,
                54.56623
              ],
              [
                13.677257,
                54.540473
              ],
              [
                13.651134,
                54.516262
              ],
              [
                13.606781,
                54.498969
              ],
              [
                13.584809,
                54.486518
              ],
              [
                13.57545,
                54.471869
              ],
              [
                13.579112,
                54.455064
              ],
              [
                13.587901,
                54.437567
              ],
              [
                13.599132,
                54.422675
              ],
              [
                13.609548,
                54.413804
              ],
              [
                13.630056,
                54.407538
              ],
              [
                13.677419,
                54.400824
              ],
              [
                13.698253,
                54.392076
              ]
            ]
          ],
          [
            [
              [
                8.332367,
                54.693793
              ],
              [
                8.382335,
                54.639146
              ],
              [
                8.401378,
                54.632961
              ],
              [
                8.387706,
                54.626125
              ],
              [
                8.353689,
                54.618964
              ],
              [
                8.330251,
                54.631415
              ],
              [
                8.311371,
                54.651353
              ],
              [
                8.291515,
                54.66706
              ],
              [
                8.320486,
                54.698717
              ],
              [
                8.33839,
                54.71015
              ],
              [
                8.360362,
                54.71483
              ],
              [
                8.360688,
                54.710028
              ],
              [
                8.359141,
                54.70893
              ],
              [
                8.356293,
                54.709174
              ],
              [
                8.353526,
                54.707994
              ],
              [
                8.342459,
                54.701402
              ],
              [
                8.332367,
                54.693793
              ]
            ]
          ],
          [
            [
              [
                8.497569,
                54.756415
              ],
              [
                8.553233,
                54.754462
              ],
              [
                8.575938,
                54.746405
              ],
              [
                8.593761,
                54.728502
              ],
              [
                8.593761,
                54.721666
              ],
              [
                8.58546,
                54.713609
              ],
              [
                8.574067,
                54.694403
              ],
              [
                8.565766,
                54.687567
              ],
              [
                8.552094,
                54.685004
              ],
              [
                8.535167,
                54.686184
              ],
              [
                8.519867,
                54.689602
              ],
              [
                8.511241,
                54.693793
              ],
              [
                8.485199,
                54.688056
              ],
              [
                8.45281,
                54.693834
              ],
              [
                8.394542,
                54.71483
              ],
              [
                8.414236,
                54.735785
              ],
              [
                8.436778,
                54.748481
              ],
              [
                8.464122,
                54.754788
              ],
              [
                8.497569,
                54.756415
              ]
            ]
          ],
          [
            [
              [
                8.360362,
                54.948188
              ],
              [
                8.354503,
                54.912746
              ],
              [
                8.388357,
                54.894232
              ],
              [
                8.436534,
                54.887274
              ],
              [
                8.65447,
                54.893622
              ],
              [
                8.629405,
                54.882148
              ],
              [
                8.504405,
                54.886176
              ],
              [
                8.48878,
                54.881293
              ],
              [
                8.461192,
                54.868801
              ],
              [
                8.446056,
                54.866278
              ],
              [
                8.377126,
                54.866278
              ],
              [
                8.370616,
                54.868232
              ],
              [
                8.36199,
                54.876939
              ],
              [
                8.353526,
                54.87934
              ],
              [
                8.343923,
                54.879096
              ],
              [
                8.337413,
                54.87759
              ],
              [
                8.30714,
                54.865383
              ],
              [
                8.302013,
                54.862616
              ],
              [
                8.299327,
                54.855292
              ],
              [
                8.297862,
                54.835598
              ],
              [
                8.294932,
                54.831529
              ],
              [
                8.29835,
                54.776923
              ],
              [
                8.295746,
                54.759101
              ],
              [
                8.290701,
                54.745307
              ],
              [
                8.284434,
                54.742377
              ],
              [
                8.277843,
                54.756415
              ],
              [
                8.277029,
                54.782782
              ],
              [
                8.288585,
                54.891303
              ],
              [
                8.298025,
                54.912543
              ],
              [
                8.373709,
                55.03498
              ],
              [
                8.415782,
                55.065334
              ],
              [
                8.46339,
                55.050686
              ],
              [
                8.402354,
                55.048774
              ],
              [
                8.394542,
                55.04385
              ],
              [
                8.422211,
                55.042182
              ],
              [
                8.430431,
                55.030015
              ],
              [
                8.42156,
                55.016262
              ],
              [
                8.38087,
                55.003079
              ],
              [
                8.36199,
                54.986802
              ],
              [
                8.351573,
                54.966742
              ],
              [
                8.360362,
                54.948188
              ]
            ]
          ],
          [
            [
              [
                8.634532,
                54.542629
              ],
              [
                8.698904,
                54.55858
              ],
              [
                8.700938,
                54.547756
              ],
              [
                8.692882,
                54.523261
              ],
              [
                8.66977,
                54.501899
              ],
              [
                8.641287,
                54.492377
              ],
              [
                8.618826,
                54.492621
              ],
              [
                8.60613,
                54.499213
              ],
              [
                8.595876,
                54.513658
              ],
              [
                8.602061,
                54.529771
              ],
              [
                8.620128,
                54.537909
              ],
              [
                8.627452,
                54.539944
              ],
              [
                8.634532,
                54.542629
              ]
            ]
          ],
          [
            [
              [
                10.011404,
                54.975531
              ],
              [
                10.02589,
                54.959784
              ],
              [
                10.065115,
                54.890815
              ],
              [
                10.064464,
                54.881008
              ],
              [
                10.050466,
                54.878852
              ],
              [
                10.021983,
                54.87934
              ],
              [
                10.007091,
                54.874823
              ],
              [
                9.987559,
                54.865912
              ],
              [
                9.968028,
                54.859524
              ],
              [
                9.953624,
                54.862616
              ],
              [
                9.937185,
                54.870917
              ],
              [
                9.891124,
                54.879299
              ],
              [
                9.874278,
                54.886176
              ],
              [
                9.874278,
                54.893012
              ],
              [
                9.90089,
                54.900702
              ],
              [
                9.932302,
                54.892808
              ],
              [
                9.963878,
                54.87995
              ],
              [
                9.991547,
                54.872504
              ],
              [
                9.991547,
                54.87934
              ],
              [
                9.943696,
                54.903632
              ],
              [
                9.898285,
                54.912991
              ],
              [
                9.88795,
                54.91352
              ],
              [
                9.87794,
                54.911322
              ],
              [
                9.863536,
                54.903062
              ],
              [
                9.85377,
                54.899807
              ],
              [
                9.814708,
                54.901068
              ],
              [
                9.780935,
                54.916815
              ],
              [
                9.761241,
                54.943061
              ],
              [
                9.764415,
                54.975531
              ],
              [
                9.758149,
                54.975531
              ],
              [
                9.758149,
                54.981757
              ],
              [
                9.780284,
                54.972846
              ],
              [
                9.804047,
                54.95718
              ],
              [
                9.827403,
                54.945461
              ],
              [
                9.847504,
                54.948188
              ],
              [
                9.843272,
                54.951728
              ],
              [
                9.836681,
                54.958564
              ],
              [
                9.832774,
                54.965155
              ],
              [
                9.836681,
                54.968085
              ],
              [
                9.842133,
                54.970282
              ],
              [
                9.835216,
                54.975165
              ],
              [
                9.793712,
                54.992174
              ],
              [
                9.786794,
                55.000149
              ],
              [
                9.799083,
                55.009711
              ],
              [
                9.799083,
                55.016547
              ],
              [
                9.720551,
                55.012274
              ],
              [
                9.706879,
                55.013129
              ],
              [
                9.696951,
                55.017524
              ],
              [
                9.684825,
                55.018541
              ],
              [
                9.674164,
                55.021064
              ],
              [
                9.668793,
                55.030219
              ],
              [
                9.672374,
                55.034654
              ],
              [
                9.691254,
                55.042792
              ],
              [
                9.696625,
                55.050686
              ],
              [
                9.678233,
                55.050198
              ],
              [
                9.661632,
                55.046536
              ],
              [
                9.645518,
                55.044867
              ],
              [
                9.628429,
                55.050686
              ],
              [
                9.628429,
                55.058051
              ],
              [
                9.716645,
                55.082221
              ],
              [
                9.751964,
                55.085395
              ],
              [
                9.793468,
                55.080756
              ],
              [
                9.853038,
                55.040107
              ],
              [
                9.884776,
                55.030219
              ],
              [
                9.929047,
                55.02619
              ],
              [
                9.960948,
                55.015041
              ],
              [
                9.986583,
                54.997748
              ],
              [
                10.011404,
                54.975531
              ]
            ]
          ],
          [
            [
              [
                7.8992145,
                54.1719173
              ],
              [
                7.8982081,
                54.172147
              ],
              [
                7.8980852,
                54.1721751
              ],
              [
                7.8980556,
                54.1722209
              ],
              [
                7.8981139,
                54.1722995
              ],
              [
                7.898241,
                54.1722688
              ],
              [
                7.8983343,
                54.1722463
              ],
              [
                7.898279,
                54.1721676
              ],
              [
                7.8991971,
                54.1719537
              ],
              [
                7.8995243,
                54.1720249
              ],
              [
                7.9000276,
                54.1726686
              ],
              [
                7.8996243,
                54.1739672
              ],
              [
                7.899588,
                54.1740806
              ],
              [
                7.89924,
                54.1751662
              ],
              [
                7.8970842,
                54.1759831
              ],
              [
                7.8968984,
                54.1760535
              ],
              [
                7.8963357,
                54.1753537
              ],
              [
                7.8963071,
                54.1753387
              ],
              [
                7.8962675,
                54.1753311
              ],
              [
                7.8962319,
                54.1753317
              ],
              [
                7.8961944,
                54.1753421
              ],
              [
                7.8961647,
                54.1753612
              ],
              [
                7.8961607,
                54.1753815
              ],
              [
                7.8961763,
                54.1754066
              ],
              [
                7.8962911,
                54.1755487
              ],
              [
                7.8967418,
                54.1761168
              ],
              [
                7.8953395,
                54.1766477
              ],
              [
                7.8946549,
                54.1769121
              ],
              [
                7.8946702,
                54.1769263
              ],
              [
                7.8945529,
                54.1769701
              ],
              [
                7.894541,
                54.1769599
              ],
              [
                7.8945068,
                54.1769723
              ],
              [
                7.8944712,
                54.1769478
              ],
              [
                7.8943991,
                54.1769645
              ],
              [
                7.8943438,
                54.1769923
              ],
              [
                7.8942706,
                54.1769933
              ],
              [
                7.8940993,
                54.1770463
              ],
              [
                7.8935041,
                54.1772907
              ],
              [
                7.8931769,
                54.1773739
              ],
              [
                7.8928271,
                54.1771538
              ],
              [
                7.8927985,
                54.1771359
              ],
              [
                7.8927738,
                54.1771205
              ],
              [
                7.8917854,
                54.1765024
              ],
              [
                7.8921311,
                54.1762941
              ],
              [
                7.8942239,
                54.1750248
              ],
              [
                7.8942543,
                54.1750064
              ],
              [
                7.8950605,
                54.175075
              ],
              [
                7.8957052,
                54.1751303
              ],
              [
                7.8957605,
                54.1751284
              ],
              [
                7.8958057,
                54.1751061
              ],
              [
                7.8958189,
                54.1750763
              ],
              [
                7.895798,
                54.1750426
              ],
              [
                7.8957404,
                54.1750259
              ],
              [
                7.8950861,
                54.1749664
              ],
              [
                7.894361,
                54.1748995
              ],
              [
                7.8934009,
                54.1743582
              ],
              [
                7.8947525,
                54.1735457
              ],
              [
                7.8947534,
                54.1735289
              ],
              [
                7.8946576,
                54.1734763
              ],
              [
                7.894621,
                54.1734797
              ],
              [
                7.8945165,
                54.1735431
              ],
              [
                7.894508,
                54.1735482
              ],
              [
                7.8944414,
                54.1735882
              ],
              [
                7.8938779,
                54.173927
              ],
              [
                7.8932942,
                54.1742778
              ],
              [
                7.8931844,
                54.174217
              ],
              [
                7.8931666,
                54.174224
              ],
              [
                7.8924176,
                54.173812
              ],
              [
                7.8911706,
                54.1731261
              ],
              [
                7.8911145,
                54.1731572
              ],
              [
                7.8910681,
                54.1730318
              ],
              [
                7.8908736,
                54.1729689
              ],
              [
                7.890396,
                54.1728398
              ],
              [
                7.8902947,
                54.172844
              ],
              [
                7.8902322,
                54.1728194
              ],
              [
                7.8901024,
                54.1727621
              ],
              [
                7.8900735,
                54.1727537
              ],
              [
                7.8897959,
                54.1726289
              ],
              [
                7.8897752,
                54.1726282
              ],
              [
                7.8896782,
                54.1725779
              ],
              [
                7.889624,
                54.1725413
              ],
              [
                7.8895603,
                54.1725097
              ],
              [
                7.8894779,
                54.1724904
              ],
              [
                7.8897522,
                54.172285
              ],
              [
                7.8898219,
                54.1722424
              ],
              [
                7.8900926,
                54.172081
              ],
              [
                7.8909281,
                54.1699984
              ],
              [
                7.891289,
                54.1699612
              ],
              [
                7.8940808,
                54.1696737
              ],
              [
                7.8954863,
                54.1695273
              ],
              [
                7.8956527,
                54.1695128
              ],
              [
                7.8957626,
                54.1695085
              ],
              [
                7.8959182,
                54.1695203
              ],
              [
                7.8960173,
                54.1695432
              ],
              [
                7.8961478,
                54.169589
              ],
              [
                7.8986207,
                54.1706117
              ],
              [
                7.8985985,
                54.170631
              ],
              [
                7.8986559,
                54.1706558
              ],
              [
                7.8986757,
                54.1706403
              ],
              [
                7.898818,
                54.1707035
              ],
              [
                7.8988042,
                54.1707162
              ],
              [
                7.8988789,
                54.170747
              ],
              [
                7.8989193,
                54.1707462
              ],
              [
                7.8989846,
                54.1706981
              ],
              [
                7.8989846,
                54.1706767
              ],
              [
                7.8987393,
                54.1705683
              ],
              [
                7.8979041,
                54.1702306
              ],
              [
                7.8960904,
                54.1694744
              ],
              [
                7.8959808,
                54.1694454
              ],
              [
                7.8958477,
                54.1694347
              ],
              [
                7.8956789,
                54.1694285
              ],
              [
                7.8955946,
                54.1694373
              ],
              [
                7.8955449,
                54.1694081
              ],
              [
                7.8951642,
                54.1694589
              ],
              [
                7.8950127,
                54.1694671
              ],
              [
                7.8947385,
                54.1694928
              ],
              [
                7.894569,
                54.1695103
              ],
              [
                7.8942286,
                54.1695507
              ],
              [
                7.8937501,
                54.1695865
              ],
              [
                7.8933111,
                54.1696451
              ],
              [
                7.8933084,
                54.1696666
              ],
              [
                7.8921838,
                54.1697855
              ],
              [
                7.8921093,
                54.1697669
              ],
              [
                7.8914998,
                54.1698238
              ],
              [
                7.8914104,
                54.1698721
              ],
              [
                7.8912235,
                54.169861
              ],
              [
                7.8909532,
                54.1698986
              ],
              [
                7.8909169,
                54.1699233
              ],
              [
                7.8907658,
                54.1699382
              ],
              [
                7.8906801,
                54.1699498
              ],
              [
                7.8906124,
                54.1699631
              ],
              [
                7.890551,
                54.1699819
              ],
              [
                7.8904855,
                54.170002
              ],
              [
                7.8904728,
                54.1699904
              ],
              [
                7.8904482,
                54.1699972
              ],
              [
                7.8904714,
                54.1699383
              ],
              [
                7.8906766,
                54.1694043
              ],
              [
                7.8906921,
                54.1693387
              ],
              [
                7.8906515,
                54.1693327
              ],
              [
                7.8906261,
                54.1693186
              ],
              [
                7.8905574,
                54.1693099
              ],
              [
                7.8904954,
                54.1694712
              ],
              [
                7.8904494,
                54.16954
              ],
              [
                7.8904427,
                54.169594
              ],
              [
                7.8904194,
                54.1696329
              ],
              [
                7.8902987,
                54.1699529
              ],
              [
                7.8902821,
                54.1700135
              ],
              [
                7.8903656,
                54.1700237
              ],
              [
                7.8903179,
                54.1701866
              ],
              [
                7.890238,
                54.1701794
              ],
              [
                7.8902386,
                54.1701733
              ],
              [
                7.8902251,
                54.1701728
              ],
              [
                7.8902071,
                54.1701923
              ],
              [
                7.8901891,
                54.1702699
              ],
              [
                7.8901597,
                54.1703657
              ],
              [
                7.8901772,
                54.1703924
              ],
              [
                7.8902192,
                54.1703805
              ],
              [
                7.8902154,
                54.1703712
              ],
              [
                7.8902499,
                54.1703644
              ],
              [
                7.8902735,
                54.1703176
              ],
              [
                7.8903417,
                54.170291
              ],
              [
                7.8903526,
                54.1702504
              ],
              [
                7.8903777,
                54.1702403
              ],
              [
                7.8904301,
                54.1701774
              ],
              [
                7.8904571,
                54.1701641
              ],
              [
                7.8904751,
                54.1701442
              ],
              [
                7.8904688,
                54.170139
              ],
              [
                7.8905428,
                54.1700799
              ],
              [
                7.8906039,
                54.1700573
              ],
              [
                7.8906697,
                54.1700414
              ],
              [
                7.8907331,
                54.1700315
              ],
              [
                7.8899682,
                54.17204
              ],
              [
                7.8895888,
                54.1722678
              ],
              [
                7.8896656,
                54.1720646
              ],
              [
                7.8896953,
                54.1720665
              ],
              [
                7.8897113,
                54.1720232
              ],
              [
                7.8896824,
                54.1720192
              ],
              [
                7.8897427,
                54.1718657
              ],
              [
                7.8897541,
                54.171866
              ],
              [
                7.8897619,
                54.1718414
              ],
              [
                7.8897598,
                54.1718168
              ],
              [
                7.8897836,
                54.1718022
              ],
              [
                7.8897383,
                54.1717743
              ],
              [
                7.8897173,
                54.171788
              ],
              [
                7.8897294,
                54.1717963
              ],
              [
                7.8896579,
                54.1717969
              ],
              [
                7.889652,
                54.1718237
              ],
              [
                7.8896189,
                54.17182
              ],
              [
                7.8895697,
                54.1718837
              ],
              [
                7.8895227,
                54.1720114
              ],
              [
                7.8894432,
                54.1722276
              ],
              [
                7.8894324,
                54.1722457
              ],
              [
                7.8893732,
                54.1723714
              ],
              [
                7.889401,
                54.1723816
              ],
              [
                7.889329,
                54.1724253
              ],
              [
                7.8893289,
                54.172403
              ],
              [
                7.8893439,
                54.1723824
              ],
              [
                7.8892849,
                54.1723581
              ],
              [
                7.8892066,
                54.1724
              ],
              [
                7.889177,
                54.1724761
              ],
              [
                7.8891336,
                54.1725833
              ],
              [
                7.8890791,
                54.1727889
              ],
              [
                7.8891162,
                54.1728585
              ],
              [
                7.8890212,
                54.173011
              ],
              [
                7.888981,
                54.1731625
              ],
              [
                7.8889252,
                54.1732428
              ],
              [
                7.8888547,
                54.1734107
              ],
              [
                7.8888825,
                54.1734942
              ],
              [
                7.8886754,
                54.1738472
              ],
              [
                7.8887027,
                54.173932
              ],
              [
                7.8886364,
                54.1740098
              ],
              [
                7.8885401,
                54.1742441
              ],
              [
                7.8884102,
                54.1744883
              ],
              [
                7.8882936,
                54.1745713
              ],
              [
                7.8883154,
                54.1746674
              ],
              [
                7.8881343,
                54.1751271
              ],
              [
                7.8880797,
                54.1752502
              ],
              [
                7.8880156,
                54.1754548
              ],
              [
                7.887948,
                54.1755585
              ],
              [
                7.8878959,
                54.175766
              ],
              [
                7.8875248,
                54.1766553
              ],
              [
                7.8874158,
                54.1769676
              ],
              [
                7.8874425,
                54.1769871
              ],
              [
                7.8874902,
                54.1769786
              ],
              [
                7.8874483,
                54.1770869
              ],
              [
                7.8873536,
                54.1771203
              ],
              [
                7.8869647,
                54.1772503
              ],
              [
                7.886409,
                54.1774096
              ],
              [
                7.886339,
                54.1774533
              ],
              [
                7.8862169,
                54.1774854
              ],
              [
                7.8856653,
                54.1773715
              ],
              [
                7.8855269,
                54.177331
              ],
              [
                7.8845595,
                54.1771305
              ],
              [
                7.8844238,
                54.1771098
              ],
              [
                7.88422,
                54.1771151
              ],
              [
                7.8840231,
                54.1771361
              ],
              [
                7.8839181,
                54.1771888
              ],
              [
                7.883271,
                54.177623
              ],
              [
                7.8826216,
                54.1781143
              ],
              [
                7.8818575,
                54.1796177
              ],
              [
                7.8818154,
                54.1796863
              ],
              [
                7.881825,
                54.1797159
              ],
              [
                7.8817795,
                54.1797352
              ],
              [
                7.8814117,
                54.1798892
              ],
              [
                7.8811583,
                54.1801691
              ],
              [
                7.8803364,
                54.1816412
              ],
              [
                7.880052,
                54.1821506
              ],
              [
                7.8796884,
                54.182387
              ],
              [
                7.879688,
                54.1823871
              ],
              [
                7.8791952,
                54.1824758
              ],
              [
                7.8778121,
                54.1836007
              ],
              [
                7.8771374,
                54.1845702
              ],
              [
                7.8753377,
                54.1854227
              ],
              [
                7.8738725,
                54.1857742
              ],
              [
                7.8738423,
                54.1857679
              ],
              [
                7.8737281,
                54.1857929
              ],
              [
                7.8735981,
                54.1858419
              ],
              [
                7.8734444,
                54.1858965
              ],
              [
                7.8734014,
                54.1858988
              ],
              [
                7.8733119,
                54.1859608
              ],
              [
                7.8732223,
                54.1860471
              ],
              [
                7.8732288,
                54.1860734
              ],
              [
                7.8725247,
                54.1865176
              ],
              [
                7.8724481,
                54.1865052
              ],
              [
                7.872192,
                54.1867082
              ],
              [
                7.8721808,
                54.1867291
              ],
              [
                7.8719934,
                54.1868422
              ],
              [
                7.8719477,
                54.1868601
              ],
              [
                7.8719219,
                54.186855
              ],
              [
                7.8718478,
                54.1868781
              ],
              [
                7.8718103,
                54.1869216
              ],
              [
                7.8718154,
                54.1869415
              ],
              [
                7.8717526,
                54.1869887
              ],
              [
                7.8715475,
                54.187504
              ],
              [
                7.8714938,
                54.1875258
              ],
              [
                7.8714284,
                54.1875613
              ],
              [
                7.8699135,
                54.1877842
              ],
              [
                7.8691947,
                54.1878914
              ],
              [
                7.8684505,
                54.1880092
              ],
              [
                7.8679856,
                54.1884057
              ],
              [
                7.8679298,
                54.1884536
              ],
              [
                7.8678865,
                54.1884903
              ],
              [
                7.8670934,
                54.1891242
              ],
              [
                7.8664816,
                54.1896273
              ],
              [
                7.8662206,
                54.1898414
              ],
              [
                7.8657569,
                54.1901955
              ],
              [
                7.8657134,
                54.1902287
              ],
              [
                7.8648436,
                54.1907591
              ],
              [
                7.8648646,
                54.1907726
              ],
              [
                7.8648838,
                54.1907839
              ],
              [
                7.8657666,
                54.1902591
              ],
              [
                7.8658517,
                54.1901957
              ],
              [
                7.8662615,
                54.1898908
              ],
              [
                7.8663397,
                54.1898277
              ],
              [
                7.8679883,
                54.1884977
              ],
              [
                7.8681124,
                54.1885431
              ],
              [
                7.8682376,
                54.1884348
              ],
              [
                7.8681859,
                54.188334
              ],
              [
                7.8685242,
                54.1880495
              ],
              [
                7.8694274,
                54.1879072
              ],
              [
                7.8696567,
                54.1878711
              ],
              [
                7.8696758,
                54.1878864
              ],
              [
                7.8697038,
                54.1879186
              ],
              [
                7.8697351,
                54.1879878
              ],
              [
                7.8697526,
                54.1880388
              ],
              [
                7.8696554,
                54.1880313
              ],
              [
                7.8695046,
                54.1881043
              ],
              [
                7.8696036,
                54.1881782
              ],
              [
                7.8696558,
                54.1882084
              ],
              [
                7.8697211,
                54.1882259
              ],
              [
                7.8697944,
                54.1882135
              ],
              [
                7.8698856,
                54.1881823
              ],
              [
                7.8699068,
                54.1881384
              ],
              [
                7.8699885,
                54.1881078
              ],
              [
                7.8700764,
                54.1880944
              ],
              [
                7.8703435,
                54.1881319
              ],
              [
                7.8703475,
                54.1881968
              ],
              [
                7.8703849,
                54.1882317
              ],
              [
                7.8704367,
                54.1882449
              ],
              [
                7.8705505,
                54.1882423
              ],
              [
                7.870629,
                54.1882645
              ],
              [
                7.8706726,
                54.1883161
              ],
              [
                7.8707393,
                54.1883925
              ],
              [
                7.8708153,
                54.1884128
              ],
              [
                7.8711625,
                54.1883505
              ],
              [
                7.8712495,
                54.1883503
              ],
              [
                7.871409,
                54.1883821
              ],
              [
                7.871589,
                54.1884071
              ],
              [
                7.8717982,
                54.1884217
              ],
              [
                7.8720178,
                54.1884184
              ],
              [
                7.8723074,
                54.1883839
              ],
              [
                7.8723769,
                54.1883925
              ],
              [
                7.8723989,
                54.1884102
              ],
              [
                7.8724756,
                54.1884277
              ],
              [
                7.8726257,
                54.1883995
              ],
              [
                7.8726511,
                54.1883647
              ],
              [
                7.8727482,
                54.1883256
              ],
              [
                7.8727696,
                54.1882806
              ],
              [
                7.8728453,
                54.1882547
              ],
              [
                7.8728599,
                54.1882142
              ],
              [
                7.8728898,
                54.1881967
              ],
              [
                7.8729185,
                54.1882328
              ],
              [
                7.8730007,
                54.1882535
              ],
              [
                7.8731474,
                54.1882487
              ],
              [
                7.8733176,
                54.1881923
              ],
              [
                7.8734477,
                54.1881936
              ],
              [
                7.8735115,
                54.1881711
              ],
              [
                7.8736134,
                54.1881199
              ],
              [
                7.8738751,
                54.1880606
              ],
              [
                7.8740673,
                54.1879833
              ],
              [
                7.8742148,
                54.1879802
              ],
              [
                7.8742631,
                54.1880131
              ],
              [
                7.8744077,
                54.1880367
              ],
              [
                7.8746359,
                54.1881434
              ],
              [
                7.8747163,
                54.1881506
              ],
              [
                7.8748076,
                54.1881324
              ],
              [
                7.8749846,
                54.1880853
              ],
              [
                7.8750356,
                54.1880194
              ],
              [
                7.8753356,
                54.1880027
              ],
              [
                7.875505,
                54.1879814
              ],
              [
                7.8756234,
                54.1879392
              ],
              [
                7.8757418,
                54.1878651
              ],
              [
                7.8759081,
                54.1877395
              ],
              [
                7.8760524,
                54.1877103
              ],
              [
                7.8763049,
                54.1876886
              ],
              [
                7.8768763,
                54.1876802
              ],
              [
                7.8771173,
                54.187683
              ],
              [
                7.8778413,
                54.1876914
              ],
              [
                7.8786335,
                54.1877813
              ],
              [
                7.879781,
                54.1878768
              ],
              [
                7.8807789,
                54.1879431
              ],
              [
                7.8818786,
                54.1880684
              ],
              [
                7.8825469,
                54.188205
              ],
              [
                7.8828551,
                54.1882942
              ],
              [
                7.8831467,
                54.1883966
              ],
              [
                7.8834732,
                54.18855
              ],
              [
                7.8836529,
                54.1886708
              ],
              [
                7.8837437,
                54.1887668
              ],
              [
                7.8838193,
                54.1889002
              ],
              [
                7.883831,
                54.1889515
              ],
              [
                7.8838114,
                54.1890421
              ],
              [
                7.8837908,
                54.1890319
              ],
              [
                7.8836732,
                54.189093
              ],
              [
                7.8835986,
                54.1891356
              ],
              [
                7.8835286,
                54.1891681
              ],
              [
                7.8835304,
                54.1891847
              ],
              [
                7.8832538,
                54.1893838
              ],
              [
                7.8831414,
                54.1894701
              ],
              [
                7.8831215,
                54.189527
              ],
              [
                7.8831591,
                54.1895632
              ],
              [
                7.8832364,
                54.1895774
              ],
              [
                7.8833159,
                54.1895502
              ],
              [
                7.8840206,
                54.1890552
              ],
              [
                7.8842849,
                54.1888613
              ],
              [
                7.8851867,
                54.1882632
              ],
              [
                7.8852242,
                54.1882734
              ],
              [
                7.8852413,
                54.1882618
              ],
              [
                7.887759,
                54.1865513
              ],
              [
                7.8903317,
                54.1848343
              ],
              [
                7.8907792,
                54.1845274
              ],
              [
                7.8910131,
                54.1843703
              ],
              [
                7.8910321,
                54.184354
              ],
              [
                7.8910547,
                54.184335
              ],
              [
                7.8910682,
                54.1843112
              ],
              [
                7.8910652,
                54.1842845
              ],
              [
                7.8910477,
                54.1842582
              ],
              [
                7.8910049,
                54.184237
              ],
              [
                7.8909406,
                54.184228
              ],
              [
                7.890878,
                54.1842392
              ],
              [
                7.8908033,
                54.1842893
              ],
              [
                7.8901968,
                54.1846985
              ],
              [
                7.890016,
                54.1846966
              ],
              [
                7.8884892,
                54.1838302
              ],
              [
                7.8883631,
                54.1837589
              ],
              [
                7.8883505,
                54.1837515
              ],
              [
                7.8883063,
                54.1837264
              ],
              [
                7.8886253,
                54.1835481
              ],
              [
                7.8896956,
                54.1829157
              ],
              [
                7.8897359,
                54.182938
              ],
              [
                7.8899653,
                54.1830651
              ],
              [
                7.8899827,
                54.1830756
              ],
              [
                7.8902836,
                54.1832578
              ],
              [
                7.890324,
                54.1832805
              ],
              [
                7.8903602,
                54.1833009
              ],
              [
                7.8907164,
                54.1835012
              ],
              [
                7.8910721,
                54.1837032
              ],
              [
                7.8911356,
                54.1837746
              ],
              [
                7.891287,
                54.18397
              ],
              [
                7.891357,
                54.1840272
              ],
              [
                7.8914549,
                54.1840769
              ],
              [
                7.8915418,
                54.18402
              ],
              [
                7.8914074,
                54.1839426
              ],
              [
                7.8913369,
                54.1838631
              ],
              [
                7.8912836,
                54.1837893
              ],
              [
                7.8912348,
                54.1837123
              ],
              [
                7.8911615,
                54.1836532
              ],
              [
                7.8910828,
                54.1836102
              ],
              [
                7.8908622,
                54.1834785
              ],
              [
                7.8908085,
                54.1834464
              ],
              [
                7.8907681,
                54.1832967
              ],
              [
                7.8907298,
                54.1831174
              ],
              [
                7.8907147,
                54.1829024
              ],
              [
                7.8907211,
                54.182687
              ],
              [
                7.8907635,
                54.1825159
              ],
              [
                7.8908395,
                54.1823429
              ],
              [
                7.890957,
                54.1821722
              ],
              [
                7.8911018,
                54.1819998
              ],
              [
                7.8912093,
                54.1819019
              ],
              [
                7.891253,
                54.1818443
              ],
              [
                7.8912794,
                54.1817866
              ],
              [
                7.8913038,
                54.1816867
              ],
              [
                7.8913369,
                54.1814888
              ],
              [
                7.8913476,
                54.181359
              ],
              [
                7.8913574,
                54.1812396
              ],
              [
                7.8913622,
                54.1811388
              ],
              [
                7.8913669,
                54.1810355
              ],
              [
                7.8913792,
                54.1809685
              ],
              [
                7.8914113,
                54.1808802
              ],
              [
                7.8914479,
                54.1808084
              ],
              [
                7.8914839,
                54.1807339
              ],
              [
                7.8915353,
                54.1806662
              ],
              [
                7.8916687,
                54.1805024
              ],
              [
                7.8919989,
                54.1802469
              ],
              [
                7.8920148,
                54.1802471
              ],
              [
                7.8926291,
                54.1798807
              ],
              [
                7.8926571,
                54.1798773
              ],
              [
                7.8931425,
                54.1795856
              ],
              [
                7.8931421,
                54.1795732
              ],
              [
                7.8929495,
                54.1794572
              ],
              [
                7.8929237,
                54.1794586
              ],
              [
                7.8928606,
                54.1794954
              ],
              [
                7.8928635,
                54.1795045
              ],
              [
                7.8929012,
                54.1795209
              ],
              [
                7.8925253,
                54.1797352
              ],
              [
                7.8924949,
                54.1797189
              ],
              [
                7.8921629,
                54.1799167
              ],
              [
                7.8921348,
                54.1799333
              ],
              [
                7.8921118,
                54.1799469
              ],
              [
                7.8918103,
                54.1801253
              ],
              [
                7.8917931,
                54.1801149
              ],
              [
                7.8917732,
                54.1801019
              ],
              [
                7.8917665,
                54.1800977
              ],
              [
                7.8917587,
                54.1800927
              ],
              [
                7.8916701,
                54.1800363
              ],
              [
                7.8916392,
                54.1800542
              ],
              [
                7.8916034,
                54.1800748
              ],
              [
                7.8915839,
                54.1801306
              ],
              [
                7.8912647,
                54.1803062
              ],
              [
                7.8912498,
                54.1802983
              ],
              [
                7.8912359,
                54.1802908
              ],
              [
                7.8909622,
                54.180451
              ],
              [
                7.8909397,
                54.1804379
              ],
              [
                7.8909265,
                54.1804303
              ],
              [
                7.890846,
                54.1804786
              ],
              [
                7.8905371,
                54.1806664
              ],
              [
                7.890217,
                54.1805228
              ],
              [
                7.8898003,
                54.1803013
              ],
              [
                7.8895012,
                54.1800882
              ],
              [
                7.8892573,
                54.1798673
              ],
              [
                7.8890936,
                54.1796201
              ],
              [
                7.8889462,
                54.1793457
              ],
              [
                7.889114,
                54.1793067
              ],
              [
                7.8892225,
                54.179267
              ],
              [
                7.8893356,
                54.1792108
              ],
              [
                7.8893381,
                54.1791943
              ],
              [
                7.8893299,
                54.1791791
              ],
              [
                7.8900083,
                54.179039
              ],
              [
                7.889865,
                54.178796
              ],
              [
                7.8883456,
                54.179107
              ],
              [
                7.8883086,
                54.1791145
              ],
              [
                7.888241,
                54.1789863
              ],
              [
                7.8881391,
                54.1787934
              ],
              [
                7.8880757,
                54.1786733
              ],
              [
                7.8881076,
                54.1786151
              ],
              [
                7.8881975,
                54.1784513
              ],
              [
                7.8882868,
                54.1782882
              ],
              [
                7.8883434,
                54.1781851
              ],
              [
                7.8883968,
                54.1781552
              ],
              [
                7.8886879,
                54.1779918
              ],
              [
                7.8888673,
                54.1778912
              ],
              [
                7.8888901,
                54.1779049
              ],
              [
                7.8887994,
                54.1779551
              ],
              [
                7.8888116,
                54.177963
              ],
              [
                7.8889546,
                54.1778827
              ],
              [
                7.8888859,
                54.1778388
              ],
              [
                7.8892465,
                54.1776496
              ],
              [
                7.8893061,
                54.1776863
              ],
              [
                7.890575,
                54.1785049
              ],
              [
                7.8905364,
                54.1785194
              ],
              [
                7.8905196,
                54.1785379
              ],
              [
                7.8905325,
                54.1785581
              ],
              [
                7.8905602,
                54.178568
              ],
              [
                7.8905908,
                54.1785651
              ],
              [
                7.8907331,
                54.178511
              ],
              [
                7.8915555,
                54.1781985
              ],
              [
                7.89179,
                54.1781097
              ],
              [
                7.8919936,
                54.1783019
              ],
              [
                7.8920579,
                54.1783626
              ],
              [
                7.892045,
                54.1783689
              ],
              [
                7.8921043,
                54.1784239
              ],
              [
                7.8921972,
                54.1783903
              ],
              [
                7.892187,
                54.1783803
              ],
              [
                7.8921379,
                54.1783325
              ],
              [
                7.8921251,
                54.1783371
              ],
              [
                7.8918463,
                54.1780678
              ],
              [
                7.8922143,
                54.1779245
              ],
              [
                7.8933432,
                54.1774968
              ],
              [
                7.8935628,
                54.177413
              ],
              [
                7.8945447,
                54.1770384
              ],
              [
                7.8947901,
                54.1769448
              ],
              [
                7.8948114,
                54.1769638
              ],
              [
                7.8971704,
                54.1760665
              ],
              [
                7.8971618,
                54.1760572
              ],
              [
                7.8971584,
                54.1760535
              ],
              [
                7.899367,
                54.175211
              ],
              [
                7.8995477,
                54.1746353
              ],
              [
                7.8996601,
                54.1742771
              ],
              [
                7.8997525,
                54.1739828
              ],
              [
                7.8996907,
                54.1739752
              ],
              [
                7.8998616,
                54.17343
              ],
              [
                7.8999431,
                54.1734357
              ],
              [
                7.900031,
                54.1731335
              ],
              [
                7.9001626,
                54.1727427
              ],
              [
                7.9001392,
                54.1727126
              ],
              [
                7.8999059,
                54.1724177
              ],
              [
                7.8995836,
                54.1719977
              ],
              [
                7.8992145,
                54.1719173
              ]
            ]
          ],
          [
            [
              [
                7.9072167,
                54.1822881
              ],
              [
                7.9069344,
                54.1822683
              ],
              [
                7.9069571,
                54.1822076
              ],
              [
                7.9070212,
                54.1821523
              ],
              [
                7.9071244,
                54.1820741
              ],
              [
                7.907713,
                54.1815184
              ],
              [
                7.9079728,
                54.1812815
              ],
              [
                7.908128,
                54.181114
              ],
              [
                7.90832,
                54.1808846
              ],
              [
                7.9085143,
                54.1807097
              ],
              [
                7.9086313,
                54.1805987
              ],
              [
                7.9088834,
                54.1804779
              ],
              [
                7.9089493,
                54.1804391
              ],
              [
                7.9090915,
                54.1803956
              ],
              [
                7.9094563,
                54.1803361
              ],
              [
                7.9099344,
                54.1803044
              ],
              [
                7.9103614,
                54.1802871
              ],
              [
                7.9108663,
                54.180264
              ],
              [
                7.9109985,
                54.1802565
              ],
              [
                7.9111486,
                54.1802193
              ],
              [
                7.9112603,
                54.1801608
              ],
              [
                7.9115854,
                54.1800266
              ],
              [
                7.9123309,
                54.1797013
              ],
              [
                7.9124041,
                54.1796811
              ],
              [
                7.9124874,
                54.1796152
              ],
              [
                7.9124799,
                54.1796038
              ],
              [
                7.9124438,
                54.1796043
              ],
              [
                7.9123365,
                54.1796409
              ],
              [
                7.9120917,
                54.1797414
              ],
              [
                7.9118096,
                54.1798745
              ],
              [
                7.9117213,
                54.1799038
              ],
              [
                7.911616,
                54.1799595
              ],
              [
                7.9113652,
                54.1800496
              ],
              [
                7.9110731,
                54.1801789
              ],
              [
                7.9108598,
                54.1802095
              ],
              [
                7.9102234,
                54.1802439
              ],
              [
                7.9094897,
                54.1802825
              ],
              [
                7.9092549,
                54.1803131
              ],
              [
                7.9090936,
                54.1803443
              ],
              [
                7.9089149,
                54.1803806
              ],
              [
                7.9086877,
                54.1805007
              ],
              [
                7.9085348,
                54.1805929
              ],
              [
                7.908209,
                54.1809
              ],
              [
                7.9077934,
                54.1813698
              ],
              [
                7.9076044,
                54.1815234
              ],
              [
                7.9070955,
                54.1820012
              ],
              [
                7.9069312,
                54.1821339
              ],
              [
                7.9068567,
                54.1821983
              ],
              [
                7.9066899,
                54.1822343
              ],
              [
                7.9061209,
                54.1822648
              ],
              [
                7.9056829,
                54.1822219
              ],
              [
                7.9053603,
                54.1822342
              ],
              [
                7.9051332,
                54.1822281
              ],
              [
                7.9047201,
                54.18225
              ],
              [
                7.9045026,
                54.1822921
              ],
              [
                7.9044217,
                54.1823262
              ],
              [
                7.9044335,
                54.1823766
              ],
              [
                7.9044682,
                54.1823953
              ],
              [
                7.9047023,
                54.1823533
              ],
              [
                7.9051264,
                54.1823135
              ],
              [
                7.9054975,
                54.1823146
              ],
              [
                7.9057845,
                54.1823317
              ],
              [
                7.9061173,
                54.1823681
              ],
              [
                7.9061517,
                54.1824068
              ],
              [
                7.9061802,
                54.1824679
              ],
              [
                7.9062078,
                54.1825436
              ],
              [
                7.9061476,
                54.1828483
              ],
              [
                7.9059193,
                54.1830706
              ],
              [
                7.9042592,
                54.1846437
              ],
              [
                7.9043171,
                54.1846738
              ],
              [
                7.9042045,
                54.1847799
              ],
              [
                7.90396,
                54.1846867
              ],
              [
                7.903843,
                54.1846421
              ],
              [
                7.9037296,
                54.1846001
              ],
              [
                7.9037041,
                54.1846237
              ],
              [
                7.9036718,
                54.1846534
              ],
              [
                7.9036533,
                54.1846699
              ],
              [
                7.9034373,
                54.1848719
              ],
              [
                7.9033955,
                54.1849109
              ],
              [
                7.9033631,
                54.1849453
              ],
              [
                7.9033203,
                54.1849907
              ],
              [
                7.9034233,
                54.1850276
              ],
              [
                7.903473,
                54.1849845
              ],
              [
                7.9035103,
                54.1849522
              ],
              [
                7.903551,
                54.1849123
              ],
              [
                7.9037601,
                54.1847203
              ],
              [
                7.9037855,
                54.1847185
              ],
              [
                7.9041278,
                54.1848459
              ],
              [
                7.9037409,
                54.1852158
              ],
              [
                7.9031769,
                54.1857568
              ],
              [
                7.9031332,
                54.1857416
              ],
              [
                7.9021041,
                54.1853704
              ],
              [
                7.9015534,
                54.1851718
              ],
              [
                7.9015143,
                54.1851404
              ],
              [
                7.9014198,
                54.1851242
              ],
              [
                7.9010577,
                54.1849894
              ],
              [
                7.9009082,
                54.184668
              ],
              [
                7.9019589,
                54.1836031
              ],
              [
                7.9027908,
                54.1827154
              ],
              [
                7.9027884,
                54.1826935
              ],
              [
                7.9027713,
                54.1826773
              ],
              [
                7.902724,
                54.1826697
              ],
              [
                7.9026866,
                54.1826792
              ],
              [
                7.9024111,
                54.1829759
              ],
              [
                7.9023316,
                54.1830367
              ],
              [
                7.9022852,
                54.1830871
              ],
              [
                7.902252,
                54.183144
              ],
              [
                7.901861,
                54.1835693
              ],
              [
                7.9008872,
                54.1845527
              ],
              [
                7.9007308,
                54.1846494
              ],
              [
                7.9006184,
                54.1847591
              ],
              [
                7.9005595,
                54.1848167
              ],
              [
                7.9005429,
                54.1848329
              ],
              [
                7.9005665,
                54.1848915
              ],
              [
                7.9020427,
                54.1854282
              ],
              [
                7.9021628,
                54.1854724
              ],
              [
                7.9021775,
                54.1854778
              ],
              [
                7.9021932,
                54.1854836
              ],
              [
                7.9022831,
                54.1855166
              ],
              [
                7.9022929,
                54.1855404
              ],
              [
                7.9029793,
                54.1857852
              ],
              [
                7.9030583,
                54.185814
              ],
              [
                7.9025204,
                54.1863173
              ],
              [
                7.9021426,
                54.1867022
              ],
              [
                7.9019472,
                54.1868585
              ],
              [
                7.9014131,
                54.1873654
              ],
              [
                7.9006574,
                54.1880511
              ],
              [
                7.8998388,
                54.1888263
              ],
              [
                7.8996675,
                54.1890156
              ],
              [
                7.8993353,
                54.189291
              ],
              [
                7.8993155,
                54.1893372
              ],
              [
                7.8993709,
                54.1893465
              ],
              [
                7.8995844,
                54.1892007
              ],
              [
                7.8997307,
                54.1890897
              ],
              [
                7.9002991,
                54.1885382
              ],
              [
                7.9015113,
                54.187442
              ],
              [
                7.9018413,
                54.1870995
              ],
              [
                7.9021079,
                54.1868562
              ],
              [
                7.9022817,
                54.1867177
              ],
              [
                7.9025309,
                54.1866951
              ],
              [
                7.902639,
                54.1866798
              ],
              [
                7.9028469,
                54.1866627
              ],
              [
                7.9031569,
                54.1866459
              ],
              [
                7.9036308,
                54.1866331
              ],
              [
                7.9039422,
                54.1866336
              ],
              [
                7.9041719,
                54.1866397
              ],
              [
                7.9043357,
                54.1866479
              ],
              [
                7.9044922,
                54.1866618
              ],
              [
                7.9046778,
                54.1866848
              ],
              [
                7.9048882,
                54.1867209
              ],
              [
                7.9050626,
                54.1867431
              ],
              [
                7.9053164,
                54.1867649
              ],
              [
                7.9055702,
                54.1867951
              ],
              [
                7.9062954,
                54.1868746
              ],
              [
                7.9064672,
                54.1868959
              ],
              [
                7.9067311,
                54.186945
              ],
              [
                7.9070262,
                54.186992
              ],
              [
                7.9072926,
                54.1870278
              ],
              [
                7.9076426,
                54.1870895
              ],
              [
                7.9081158,
                54.1871955
              ],
              [
                7.9084378,
                54.1872705
              ],
              [
                7.9088761,
                54.1873785
              ],
              [
                7.9090494,
                54.1874314
              ],
              [
                7.909236,
                54.1874863
              ],
              [
                7.9095522,
                54.1875973
              ],
              [
                7.9098122,
                54.1876699
              ],
              [
                7.9100892,
                54.1877564
              ],
              [
                7.9103784,
                54.1878581
              ],
              [
                7.9106579,
                54.1879674
              ],
              [
                7.910791,
                54.1880399
              ],
              [
                7.910978,
                54.1881725
              ],
              [
                7.9111029,
                54.1882528
              ],
              [
                7.9112031,
                54.1883332
              ],
              [
                7.9112986,
                54.1883861
              ],
              [
                7.9114015,
                54.1884323
              ],
              [
                7.9116019,
                54.1885059
              ],
              [
                7.9117332,
                54.1885484
              ],
              [
                7.911855,
                54.1885754
              ],
              [
                7.9119813,
                54.1886156
              ],
              [
                7.9121449,
                54.1886678
              ],
              [
                7.9123075,
                54.1887162
              ],
              [
                7.9124805,
                54.1887534
              ],
              [
                7.9126737,
                54.1887949
              ],
              [
                7.9129012,
                54.1888328
              ],
              [
                7.9130875,
                54.1888718
              ],
              [
                7.9133055,
                54.1889132
              ],
              [
                7.9135691,
                54.1889488
              ],
              [
                7.9138763,
                54.1889899
              ],
              [
                7.9141453,
                54.1890143
              ],
              [
                7.914502,
                54.1890326
              ],
              [
                7.9149578,
                54.1890628
              ],
              [
                7.9151397,
                54.1890779
              ],
              [
                7.9154459,
                54.1891154
              ],
              [
                7.9157691,
                54.1891546
              ],
              [
                7.9159472,
                54.1891703
              ],
              [
                7.9162629,
                54.1891711
              ],
              [
                7.916548,
                54.1892014
              ],
              [
                7.9167339,
                54.1892159
              ],
              [
                7.9168752,
                54.1892216
              ],
              [
                7.9171341,
                54.189259
              ],
              [
                7.9172935,
                54.1892661
              ],
              [
                7.9177459,
                54.1893105
              ],
              [
                7.9180535,
                54.1893498
              ],
              [
                7.9182857,
                54.1893779
              ],
              [
                7.9187425,
                54.1894464
              ],
              [
                7.9190793,
                54.1895225
              ],
              [
                7.9193453,
                54.1896054
              ],
              [
                7.9194762,
                54.1896559
              ],
              [
                7.9195614,
                54.1896815
              ],
              [
                7.9204018,
                54.1906165
              ],
              [
                7.9204385,
                54.1906975
              ],
              [
                7.9203195,
                54.1907981
              ],
              [
                7.9202621,
                54.1907738
              ],
              [
                7.9201918,
                54.1908307
              ],
              [
                7.9202478,
                54.1908544
              ],
              [
                7.9201953,
                54.1909045
              ],
              [
                7.9197927,
                54.1912849
              ],
              [
                7.9195168,
                54.1915558
              ],
              [
                7.9194094,
                54.1916689
              ],
              [
                7.9193916,
                54.1917116
              ],
              [
                7.919405,
                54.1917198
              ],
              [
                7.9194579,
                54.191714
              ],
              [
                7.9195243,
                54.1916648
              ],
              [
                7.9199133,
                54.191293
              ],
              [
                7.9202629,
                54.1909774
              ],
              [
                7.9205684,
                54.1907572
              ],
              [
                7.9206136,
                54.190707
              ],
              [
                7.9206233,
                54.1906881
              ],
              [
                7.9206572,
                54.1906439
              ],
              [
                7.9214148,
                54.1899061
              ],
              [
                7.9214341,
                54.1898669
              ],
              [
                7.9213916,
                54.1898572
              ],
              [
                7.9213296,
                54.189877
              ],
              [
                7.921076,
                54.1900856
              ],
              [
                7.9209199,
                54.1902508
              ],
              [
                7.9207611,
                54.1903761
              ],
              [
                7.9206483,
                54.1905067
              ],
              [
                7.9205679,
                54.1905511
              ],
              [
                7.9204872,
                54.1905485
              ],
              [
                7.9204059,
                54.1904784
              ],
              [
                7.920581,
                54.1903751
              ],
              [
                7.9206647,
                54.1903363
              ],
              [
                7.9207175,
                54.1902961
              ],
              [
                7.9207043,
                54.1902348
              ],
              [
                7.9206673,
                54.1901943
              ],
              [
                7.9205449,
                54.1900979
              ],
              [
                7.9203905,
                54.1900088
              ],
              [
                7.9202027,
                54.1898758
              ],
              [
                7.9201013,
                54.1897798
              ],
              [
                7.9200519,
                54.1896973
              ],
              [
                7.9200015,
                54.1895965
              ],
              [
                7.9199442,
                54.1894588
              ],
              [
                7.9199048,
                54.1893397
              ],
              [
                7.9198915,
                54.1891927
              ],
              [
                7.9199095,
                54.1891
              ],
              [
                7.9199607,
                54.1889896
              ],
              [
                7.9200658,
                54.188821
              ],
              [
                7.9201692,
                54.1887101
              ],
              [
                7.920283,
                54.1886489
              ],
              [
                7.9203711,
                54.1885635
              ],
              [
                7.9203986,
                54.1885252
              ],
              [
                7.9203797,
                54.1885124
              ],
              [
                7.920247,
                54.1885074
              ],
              [
                7.920073,
                54.1884839
              ],
              [
                7.919792,
                54.1883767
              ],
              [
                7.9195709,
                54.1882564
              ],
              [
                7.9193519,
                54.1881222
              ],
              [
                7.9192486,
                54.1880353
              ],
              [
                7.9191073,
                54.1878826
              ],
              [
                7.9190405,
                54.1877832
              ],
              [
                7.9190021,
                54.1876717
              ],
              [
                7.9189404,
                54.1875424
              ],
              [
                7.9188307,
                54.187371
              ],
              [
                7.918734,
                54.1872394
              ],
              [
                7.9186165,
                54.1871318
              ],
              [
                7.9185379,
                54.1870404
              ],
              [
                7.9184365,
                54.1869715
              ],
              [
                7.9183076,
                54.1868943
              ],
              [
                7.9181509,
                54.1867751
              ],
              [
                7.9180012,
                54.1866549
              ],
              [
                7.9178145,
                54.1864746
              ],
              [
                7.9177083,
                54.1863275
              ],
              [
                7.9175829,
                54.1861868
              ],
              [
                7.9175185,
                54.186098
              ],
              [
                7.917435,
                54.185951
              ],
              [
                7.9173564,
                54.1858202
              ],
              [
                7.9172785,
                54.1856905
              ],
              [
                7.9171913,
                54.1855759
              ],
              [
                7.9170993,
                54.1854388
              ],
              [
                7.9170039,
                54.1852853
              ],
              [
                7.916937,
                54.1851305
              ],
              [
                7.9168536,
                54.1849221
              ],
              [
                7.916828,
                54.1848301
              ],
              [
                7.9167919,
                54.1847527
              ],
              [
                7.916773,
                54.1846573
              ],
              [
                7.9167535,
                54.184558
              ],
              [
                7.9167379,
                54.1844409
              ],
              [
                7.9167492,
                54.1842937
              ],
              [
                7.916771,
                54.1840969
              ],
              [
                7.9167928,
                54.183945
              ],
              [
                7.9168545,
                54.1837796
              ],
              [
                7.9169345,
                54.1836272
              ],
              [
                7.9170165,
                54.1834957
              ],
              [
                7.9171048,
                54.1833968
              ],
              [
                7.9174422,
                54.1831444
              ],
              [
                7.9176027,
                54.1830572
              ],
              [
                7.9177419,
                54.1829937
              ],
              [
                7.9179004,
                54.1829102
              ],
              [
                7.917988,
                54.1828487
              ],
              [
                7.9181195,
                54.1827438
              ],
              [
                7.918183,
                54.1826815
              ],
              [
                7.9182097,
                54.182631
              ],
              [
                7.9182125,
                54.1825823
              ],
              [
                7.9182043,
                54.1825522
              ],
              [
                7.9181728,
                54.1825008
              ],
              [
                7.9180597,
                54.1824246
              ],
              [
                7.9179603,
                54.1823667
              ],
              [
                7.9178741,
                54.1822984
              ],
              [
                7.917821,
                54.182214
              ],
              [
                7.9178058,
                54.1820945
              ],
              [
                7.9180044,
                54.181926
              ],
              [
                7.9181729,
                54.1817796
              ],
              [
                7.9182567,
                54.1818254
              ],
              [
                7.918302,
                54.1818939
              ],
              [
                7.9184792,
                54.1823679
              ],
              [
                7.9185725,
                54.1825926
              ],
              [
                7.9186362,
                54.1827914
              ],
              [
                7.9187265,
                54.1830703
              ],
              [
                7.9188621,
                54.1834161
              ],
              [
                7.9188822,
                54.1834362
              ],
              [
                7.9189253,
                54.1834348
              ],
              [
                7.9189356,
                54.1834012
              ],
              [
                7.9185735,
                54.1823693
              ],
              [
                7.9183495,
                54.1817634
              ],
              [
                7.9183014,
                54.1816682
              ],
              [
                7.9182821,
                54.1816345
              ],
              [
                7.9182935,
                54.1816241
              ],
              [
                7.9183083,
                54.1815644
              ],
              [
                7.9183034,
                54.181481
              ],
              [
                7.9182389,
                54.1813825
              ],
              [
                7.9181055,
                54.181254
              ],
              [
                7.9179074,
                54.1811382
              ],
              [
                7.9176257,
                54.1809847
              ],
              [
                7.9173722,
                54.1808906
              ],
              [
                7.9173378,
                54.1809083
              ],
              [
                7.9173641,
                54.1809632
              ],
              [
                7.9174522,
                54.1810307
              ],
              [
                7.9175395,
                54.1810762
              ],
              [
                7.9177191,
                54.1811663
              ],
              [
                7.9178471,
                54.1812508
              ],
              [
                7.9179939,
                54.1813387
              ],
              [
                7.918058,
                54.1814016
              ],
              [
                7.918098,
                54.1814715
              ],
              [
                7.9180451,
                54.1815373
              ],
              [
                7.9179614,
                54.1816109
              ],
              [
                7.9178567,
                54.1816913
              ],
              [
                7.9177384,
                54.1817684
              ],
              [
                7.9175927,
                54.1818497
              ],
              [
                7.9174391,
                54.1819019
              ],
              [
                7.9172174,
                54.1819646
              ],
              [
                7.9169697,
                54.1820157
              ],
              [
                7.9167771,
                54.1820501
              ],
              [
                7.9165766,
                54.1820789
              ],
              [
                7.9164269,
                54.1820946
              ],
              [
                7.9161499,
                54.1821157
              ],
              [
                7.9159641,
                54.1821214
              ],
              [
                7.9156477,
                54.1821194
              ],
              [
                7.915387,
                54.182131
              ],
              [
                7.9150835,
                54.1821316
              ],
              [
                7.914695,
                54.1821358
              ],
              [
                7.9145082,
                54.1821265
              ],
              [
                7.9142966,
                54.1821267
              ],
              [
                7.9141254,
                54.1821183
              ],
              [
                7.9138869,
                54.1821077
              ],
              [
                7.9136405,
                54.1820901
              ],
              [
                7.9133861,
                54.1820739
              ],
              [
                7.9131278,
                54.1820495
              ],
              [
                7.9129237,
                54.182017
              ],
              [
                7.912712,
                54.1819749
              ],
              [
                7.9124523,
                54.1819327
              ],
              [
                7.912188,
                54.1818832
              ],
              [
                7.9119011,
                54.1818195
              ],
              [
                7.9116158,
                54.18176
              ],
              [
                7.9113352,
                54.1817063
              ],
              [
                7.9112076,
                54.18168
              ],
              [
                7.9109674,
                54.1816309
              ],
              [
                7.9107572,
                54.1815853
              ],
              [
                7.9105274,
                54.1815414
              ],
              [
                7.9102663,
                54.1814807
              ],
              [
                7.9101506,
                54.1814579
              ],
              [
                7.910002,
                54.1814464
              ],
              [
                7.9098961,
                54.1814573
              ],
              [
                7.9095759,
                54.1815361
              ],
              [
                7.9093866,
                54.1815758
              ],
              [
                7.9092532,
                54.1816128
              ],
              [
                7.9091393,
                54.1816311
              ],
              [
                7.9089612,
                54.1816875
              ],
              [
                7.9087007,
                54.1817883
              ],
              [
                7.9085509,
                54.18184
              ],
              [
                7.9082424,
                54.1819664
              ],
              [
                7.9081035,
                54.1820129
              ],
              [
                7.9079695,
                54.1820442
              ],
              [
                7.9078252,
                54.1820876
              ],
              [
                7.9074383,
                54.182217
              ],
              [
                7.907275,
                54.1822637
              ],
              [
                7.9072167,
                54.1822881
              ]
            ]
          ]
        ]
      }
    }
  ]
}
